Date,Open,High,Low,Close,Volume,Macro_DXY,Macro_VIX,Macro_SPY,Sentiment_FnG,Deriv_Funding_Avg
2018-01-01,13715.65,13818.55,12750.0,13380.0,8609.915844,23.93000030517578,9.770000457763672,268.7699890136719,30.0,0.0001
2018-01-02,13382.16,15473.49,12890.02,14675.11,20078.092111,23.93000030517578,9.770000457763672,268.7699890136719,30.0,0.0001
2018-01-03,14690.0,15307.56,14150.0,14919.51,15905.667639,24.020000457763672,9.149999618530273,270.4700012207031,30.0,0.0001
2018-01-04,14919.51,15280.0,13918.04,15059.54,21329.649574,23.940000534057617,9.220000267028809,271.6099853515625,30.0,0.0001
2018-01-05,15059.56,17176.24,14600.0,16960.39,23251.491125,23.959999084472656,9.220000267028809,273.4200134277344,30.0,0.0001
2018-01-06,16960.39,17143.13,16011.21,17069.79,18571.457508,23.959999084472656,9.220000267028809,273.4200134277344,30.0,0.0001
2018-01-07,17069.79,17099.96,15610.0,16150.03,12493.125558,23.959999084472656,9.220000267028809,273.4200134277344,30.0,0.0001
2018-01-08,16218.85,16322.3,12812.0,14902.54,26600.609912,24.06999969482422,9.520000457763672,273.9200134277344,30.0,0.0001
2018-01-09,14902.54,15500.0,14011.05,14400.0,14315.004253,24.1200008392334,10.079999923706055,274.5400085449219,30.0,0.0001
2018-01-10,14401.0,14955.66,13131.31,14907.09,17411.001655,24.059999465942383,9.819999694824219,274.1199951171875,30.0,0.0001
2018-01-11,14940.0,14968.68,11400.0,13238.78,33554.723751,23.959999084472656,9.880000114440918,276.1199951171875,30.0,0.0001
2018-01-12,13238.76,14109.78,12500.0,13740.01,16417.162137,23.709999084472656,10.15999984741211,277.9200134277344,30.0,0.0001
2018-01-13,13749.95,14580.0,13706.15,14210.0,12221.508528,23.709999084472656,10.15999984741211,277.9200134277344,30.0,0.0001
2018-01-14,14210.0,14339.5,12569.2,13474.99,17017.894329,23.709999084472656,10.15999984741211,277.9200134277344,30.0,0.0001
2018-01-15,13477.98,14249.99,13147.79,13539.93,14652.094705,23.709999084472656,10.15999984741211,277.9200134277344,30.0,0.0001
2018-01-16,13500.0,13542.93,9035.0,10900.0,63401.169175,23.579999923706055,11.65999984741211,276.9700012207031,30.0,0.0001
2018-01-17,10899.99,11680.99,9037.94,10988.79,72331.796646,23.639999389648438,11.90999984741211,279.6099853515625,30.0,0.0001
2018-01-18,10972.59,11878.82,10435.33,10961.97,48464.434937,23.610000610351562,12.220000267028809,279.1400146484375,30.0,0.0001
2018-01-19,10960.0,11795.0,10360.0,11474.98,34129.375421,23.649999618530273,11.270000457763672,280.4100036621094,30.0,0.0001
2018-01-20,11474.98,13099.0,11412.45,12799.94,28768.857827,23.649999618530273,11.270000457763672,280.4100036621094,30.0,0.0001
2018-01-21,12799.8,12799.8,10965.0,11530.0,41379.773426,23.649999618530273,11.270000457763672,280.4100036621094,30.0,0.0001
2018-01-22,11530.0,11926.35,9900.24,10760.05,43752.606791,23.56999969482422,11.029999732971191,282.69000244140625,30.0,0.0001
2018-01-23,10760.05,11399.0,9905.0,10799.18,37473.922552,23.510000228881836,11.100000381469727,283.2900085449219,30.0,0.0001
2018-01-24,10799.14,11570.48,10500.0,11349.99,27158.587762,23.280000686645508,11.470000267028809,283.17999267578125,30.0,0.0001
2018-01-25,11349.96,11794.05,10950.21,11175.27,20839.954183,23.309999465942383,11.579999923706055,283.29998779296875,30.0,0.0001
2018-01-26,11184.7,11643.0,10311.15,11089.0,33056.87196,23.260000228881836,11.079999923706055,286.5799865722656,30.0,0.0001
2018-01-27,11089.0,11650.0,10842.69,11491.0,18860.768345,23.260000228881836,11.079999923706055,286.5799865722656,30.0,0.0001
2018-01-28,11499.98,12244.0,11408.0,11879.95,16887.339524,23.260000228881836,11.079999923706055,286.5799865722656,30.0,0.0001
2018-01-29,11879.95,11975.02,11139.55,11251.0,14170.377538,23.31999969482422,13.84000015258789,284.67999267578125,30.0,0.0001
2018-01-30,11250.11,11308.42,9900.0,10237.51,25554.372946,23.280000686645508,14.789999961853027,281.760009765625,30.0,0.0001
2018-01-31,10230.0,10425.85,9700.0,10285.1,18015.956805,23.25,13.539999961853027,281.8999938964844,30.0,0.0001
2018-02-01,10285.1,10335.0,8750.99,9224.52,33564.764311,23.1299991607666,13.470000267028809,281.5799865722656,30.0,0.0001
2018-02-02,9224.52,9250.0,8010.02,8873.03,49971.626975,23.270000457763672,17.309999465942383,275.45001220703125,15.0,0.0001
2018-02-03,8873.03,9473.01,8229.0,9199.96,28725.000735,23.270000457763672,17.309999465942383,275.45001220703125,40.0,0.0001
2018-02-04,9199.96,9368.0,7930.0,8184.81,32014.308449,23.270000457763672,17.309999465942383,275.45001220703125,24.0,0.0001
2018-02-05,8179.99,8382.8,6625.0,6939.99,63403.182579,23.3700008392334,37.31999969482422,263.92999267578125,11.0,0.0001
2018-02-06,6939.63,7878.0,6000.01,7652.14,100201.500307,23.420000076293945,29.979999542236328,269.1300048828125,8.0,0.0001
2018-02-07,7655.02,8476.0,7150.01,7599.0,60778.460497,23.600000381469727,27.729999542236328,267.6700134277344,36.0,0.0001
2018-02-08,7599.0,7844.0,7572.09,7784.02,1521.537318,23.600000381469727,33.459999084472656,257.6300048828125,30.0,0.0001
2018-02-09,7789.9,8738.0,7789.9,8683.92,20482.910825,23.6200008392334,29.059999465942383,261.5,44.0,0.0001
2018-02-10,8683.93,9065.78,8120.0,8533.98,49381.512653,23.6200008392334,29.059999465942383,261.5,54.0,0.0001
2018-02-11,8533.99,8549.0,7726.53,8063.88,45025.187952,23.6200008392334,29.059999465942383,261.5,31.0,0.0001
2018-02-12,8063.82,8989.0,8053.0,8903.0,41987.85049,23.540000915527344,25.610000610351562,265.3399963378906,42.0,0.0001
2018-02-13,8903.0,8950.0,8351.0,8539.9,35454.972956,23.40999984741211,24.969999313354492,266.0,35.0,0.0001
2018-02-14,8535.17,9489.6,8533.0,9449.99,40811.952867,23.229999542236328,19.260000228881836,269.5899963378906,55.0,0.0001
2018-02-15,9449.98,10219.5,9301.5,10000.09,52427.596715,23.1299991607666,19.1299991607666,273.0299987792969,71.0,0.0001
2018-02-16,10000.89,10323.37,9666.0,10159.98,38161.205974,23.290000915527344,19.459999084472656,273.1099853515625,67.0,0.0001
2018-02-17,10156.07,11075.07,10050.0,11039.55,41882.108407,23.290000915527344,19.459999084472656,273.1099853515625,74.0,0.0001
2018-02-18,11039.55,11274.0,10080.0,10383.43,61137.380728,23.290000915527344,19.459999084472656,273.1099853515625,63.0,0.0001
2018-02-19,10375.01,11250.0,10270.33,11153.0,40831.417131,23.290000915527344,19.459999084472656,273.1099853515625,67.0,0.0001
2018-02-20,11147.11,11786.01,11100.59,11200.99,48153.354288,23.440000534057617,20.600000381469727,271.3999938964844,74.0,0.0001
2018-02-21,11195.07,11304.03,10200.0,10437.6,68113.818754,23.530000686645508,20.020000457763672,270.04998779296875,54.0,0.0001
2018-02-22,10439.02,10933.44,9679.0,9811.04,67060.166483,23.450000762939453,18.719999313354492,270.3999938964844,44.0,0.0001
2018-02-23,9815.55,10435.0,9570.19,10131.04,57202.70237,23.5,16.489999771118164,274.7099914550781,39.0,0.0001
2018-02-24,10131.04,10496.97,9352.0,9694.51,40888.156299,23.5,16.489999771118164,274.7099914550781,31.0,0.0001
2018-02-25,9694.51,9847.0,9274.8,9590.0,28373.517586,23.5,16.489999771118164,274.7099914550781,33.0,0.0001
2018-02-26,9590.0,10444.32,9350.0,10324.0,34878.292756,23.469999313354492,15.800000190734863,277.8999938964844,37.0,0.0001
2018-02-27,10321.0,10870.0,10121.0,10569.04,30705.385123,23.6200008392334,18.59000015258789,274.42999267578125,44.0,0.0001
2018-02-28,10584.33,11098.0,10300.0,10326.76,30800.983782,23.690000534057617,19.850000381469727,271.6499938964844,41.0,0.0001
2018-03-01,10325.64,11060.41,10240.0,10920.0,25092.55393,23.610000610351562,22.469999313354492,267.70001220703125,38.0,0.0001
2018-03-02,10923.36,11200.0,10770.0,11039.0,23910.71009,23.510000228881836,19.59000015258789,269.0799865722656,47.0,0.0001
2018-03-03,11038.99,11544.0,11015.01,11464.48,21287.15328,23.510000228881836,19.59000015258789,269.0799865722656,56.0,0.0001
2018-03-04,11464.47,11565.0,11050.02,11515.0,17295.918653,23.510000228881836,19.59000015258789,269.0799865722656,44.0,0.0001
2018-03-05,11515.0,11710.0,11415.01,11454.0,15144.231063,23.510000228881836,18.729999542236328,272.19000244140625,55.0,0.0001
2018-03-06,11455.0,11455.0,10555.48,10716.48,29515.572363,23.450000762939453,18.360000610351562,272.8800048828125,59.0,0.0001
2018-03-07,10716.48,10899.0,9389.31,9910.0,50647.67108,23.43000030517578,17.760000228881836,272.7799987792969,37.0,0.0001
2018-03-08,9910.0,10099.0,9060.0,9271.64,41109.473226,23.579999923706055,16.540000915527344,274.1000061035156,39.0,0.0001
2018-03-09,9267.07,9410.0,8329.0,9227.0,64112.291407,23.549999237060547,14.640000343322754,278.8699951171875,37.0,0.0001
2018-03-10,9230.0,9490.0,8667.07,8770.22,37180.012857,23.549999237060547,14.640000343322754,278.8699951171875,39.0,0.0001
2018-03-11,8770.22,9740.0,8450.0,9533.57,44325.973386,23.549999237060547,14.640000343322754,278.8699951171875,40.0,0.0001
2018-03-12,9533.57,9888.88,8780.0,9131.34,42230.77793,23.520000457763672,15.779999732971191,278.5199890136719,41.0,0.0001
2018-03-13,9131.34,9474.0,8823.0,9150.0,40191.409358,23.459999084472656,16.350000381469727,276.7200012207031,41.0,0.0001
2018-03-14,9151.92,9333.78,7900.28,8170.0,49708.094108,23.469999313354492,17.229999542236328,275.29998779296875,40.0,0.0001
2018-03-15,8184.01,8430.0,7650.0,8240.98,52291.022277,23.559999465942383,16.59000015258789,275.0,32.0,0.0001
2018-03-16,8240.98,8611.64,7900.0,8260.0,38815.409893,23.6200008392334,15.800000190734863,274.20001220703125,33.0,0.0001
2018-03-17,8260.0,8348.62,7721.99,7824.8,33110.206329,23.6200008392334,15.800000190734863,274.20001220703125,31.0,0.0001
2018-03-18,7824.01,8317.4,7322.0,8189.99,59488.231711,23.6200008392334,15.800000190734863,274.20001220703125,29.0,0.0001
2018-03-19,8189.0,8705.23,8088.4,8600.0,55297.084942,23.520000457763672,19.020000457763672,270.489990234375,29.0,0.0001
2018-03-20,8595.01,9050.0,8280.0,8909.98,44865.105835,23.65999984741211,18.200000762939453,270.95001220703125,37.0,0.0001
2018-03-21,8909.96,9177.01,8750.6,8885.0,39972.405371,23.469999313354492,17.860000610351562,270.42999267578125,36.0,0.0001
2018-03-22,8884.82,9100.0,8465.1,8722.9,40617.556809,23.5,23.34000015258789,263.6700134277344,36.0,0.0001
2018-03-23,8720.0,8909.0,8269.0,8898.03,39991.007666,23.420000076293945,24.8700008392334,258.04998779296875,28.0,0.0001
2018-03-24,8898.04,8999.95,8491.0,8546.86,35466.609572,23.420000076293945,24.8700008392334,258.04998779296875,32.0,0.0001
2018-03-25,8531.25,8669.85,8365.77,8470.15,29001.769316,23.420000076293945,24.8700008392334,258.04998779296875,30.0,0.0001
2018-03-26,8470.14,8514.89,7831.0,8134.23,44033.59566,23.309999465942383,21.030000686645508,265.1099853515625,31.0,0.0001
2018-03-27,8134.22,8215.94,7730.0,7795.51,37427.64805,23.420000076293945,22.5,260.6000061035156,24.0,0.0001
2018-03-28,7795.51,8109.0,7728.0,7949.3,26401.33167,23.6299991607666,22.8700008392334,259.8299865722656,24.0,0.0001
2018-03-29,7949.3,7975.0,6941.11,7090.14,54620.915125,23.610000610351562,19.969999313354492,263.1499938964844,18.0,0.0001
2018-03-30,7090.16,7292.43,6600.1,6840.23,65306.031976,23.610000610351562,19.969999313354492,263.1499938964844,12.0,0.0001
2018-03-31,6840.24,7223.36,6777.0,6923.91,36868.539087,23.610000610351562,19.969999313354492,263.1499938964844,16.0,0.0001
2018-04-01,6922.0,7049.98,6430.0,6813.01,44071.430463,23.610000610351562,19.969999313354492,263.1499938964844,16.0,0.0001
2018-04-02,6813.01,7125.0,6765.0,7056.0,32123.560072,23.600000381469727,23.6200008392334,257.4700012207031,11.0,0.0001
2018-04-03,7063.97,7520.0,7011.01,7405.21,37787.331811,23.639999389648438,21.100000381469727,260.7699890136719,22.0,0.0001
2018-04-04,7405.21,7427.52,6707.0,6796.1,42227.183804,23.6299991607666,20.059999465942383,263.55999755859375,22.0,0.0001
2018-04-05,6796.1,6902.0,6566.69,6770.76,39029.73146,23.719999313354492,18.940000534057617,265.6400146484375,17.0,0.0001
2018-04-06,6770.0,6850.0,6500.0,6601.39,27455.01192,23.6299991607666,21.489999771118164,259.7200012207031,19.0,0.0001
2018-04-07,6601.39,7070.0,6586.28,6895.8,32269.578267,23.6299991607666,21.489999771118164,259.7200012207031,20.0,0.0001
2018-04-08,6895.81,7109.13,6880.0,7018.0,21427.673165,23.6299991607666,21.489999771118164,259.7200012207031,17.0,0.0001
2018-04-09,7011.04,7185.0,6611.0,6782.72,34078.297206,23.56999969482422,21.770000457763672,261.0,21.0,0.0001
2018-04-10,6781.55,6890.0,6656.0,6843.9,22326.728095,23.510000228881836,20.469999313354492,265.1499938964844,18.0,0.0001
2018-04-11,6839.56,6990.0,6787.0,6953.79,23997.871177,23.489999771118164,20.239999771118164,263.760009765625,20.0,0.0001
2018-04-12,6953.78,8012.23,6743.2,7923.0,64861.595987,23.540000915527344,18.489999771118164,265.92999267578125,18.0,0.0001
2018-04-13,7922.99,8233.39,7732.0,7877.41,55044.523148,23.540000915527344,17.40999984741211,265.1499938964844,23.0,0.0001
2018-04-14,7877.48,8186.0,7810.0,7999.01,31621.286357,23.540000915527344,17.40999984741211,265.1499938964844,23.0,0.0001
2018-04-15,8004.0,8429.54,7999.02,8355.0,27946.720444,23.540000915527344,17.40999984741211,265.1499938964844,23.0,0.0001
2018-04-16,8355.07,8419.0,7867.0,8064.92,36664.069715,23.459999084472656,16.559999465942383,267.3299865722656,23.0,0.0001
2018-04-17,8064.92,8173.7,7825.4,7885.02,32152.603567,23.459999084472656,15.25,270.19000244140625,26.0,0.0001
2018-04-18,7890.96,8236.43,7868.0,8173.0,26969.04457,23.510000228881836,15.600000381469727,270.3900146484375,24.0,0.0001
2018-04-19,8173.99,8296.0,8080.0,8278.0,27113.847464,23.579999923706055,15.960000038146973,268.8900146484375,25.0,0.0001
2018-04-20,8273.84,8930.0,8177.09,8856.98,39795.337485,23.719999313354492,16.8799991607666,266.6099853515625,26.0,0.0001
2018-04-21,8852.12,9035.0,8565.0,8915.31,40872.229909,23.719999313354492,16.8799991607666,266.6099853515625,32.0,0.0001
2018-04-22,8915.31,9020.67,8727.68,8787.02,29458.25348,23.719999313354492,16.8799991607666,266.6099853515625,31.0,0.0001
2018-04-23,8785.7,8985.0,8745.0,8934.01,25838.114709,23.8700008392334,16.34000015258789,266.57000732421875,28.0,0.0001
2018-04-24,8934.0,9731.01,8922.0,9619.99,46268.790106,23.84000015258789,18.020000457763672,262.9800109863281,29.0,0.0001
2018-04-25,9618.96,9759.82,8730.0,8869.99,81110.037589,23.940000534057617,17.84000015258789,263.6300048828125,64.0,0.0001
2018-04-26,8869.99,9307.48,8651.62,9266.0,43300.304245,24.049999237060547,16.239999771118164,266.30999755859375,47.0,0.0001
2018-04-27,9267.03,9395.0,8889.0,8915.35,37241.347036,24.030000686645508,15.40999984741211,266.55999755859375,55.0,0.0001
2018-04-28,8915.35,9427.48,8870.0,9348.0,34759.62842,24.030000686645508,15.40999984741211,266.55999755859375,54.0,0.0001
2018-04-29,9348.0,9570.51,9163.74,9419.0,38149.850035,24.030000686645508,15.40999984741211,266.55999755859375,61.0,0.0001
2018-04-30,9417.04,9458.64,9124.99,9246.01,35002.033875,24.1299991607666,15.930000305175781,264.510009765625,59.0,0.0001
2018-05-01,9246.01,9248.99,8800.49,9071.48,41018.463633,24.290000915527344,15.489999771118164,264.9800109863281,56.0,0.0001
2018-05-02,9071.48,9268.0,8970.2,9247.84,26123.543961,24.399999618530273,15.970000267028809,263.20001220703125,52.0,0.0001
2018-05-03,9247.81,9844.0,9168.4,9750.0,38768.388288,24.299999237060547,15.899999618530273,262.6199951171875,55.0,0.0001
2018-05-04,9750.0,9830.04,9520.85,9713.99,28681.588879,24.329999923706055,14.770000457763672,266.0199890136719,56.0,0.0001
2018-05-05,9714.0,10020.0,9682.0,9864.0,24990.018345,24.329999923706055,14.770000457763672,266.0199890136719,63.0,0.0001
2018-05-06,9863.99,9970.0,9417.03,9659.01,27690.351559,24.329999923706055,14.770000457763672,266.0199890136719,67.0,0.0001
2018-05-07,9661.02,9689.67,9181.0,9365.0,33787.640012,24.3799991607666,14.75,266.9200134277344,56.0,0.0001
2018-05-08,9365.0,9475.7,9060.54,9187.56,25533.831889,24.469999313354492,14.710000038146973,266.9200134277344,62.0,0.0001
2018-05-09,9178.0,9390.0,8965.0,9310.0,25673.524899,24.469999313354492,13.420000076293945,269.5,53.0,0.0001
2018-05-10,9310.0,9395.12,8970.0,9002.2,25055.063718,24.360000610351562,13.229999542236328,272.0199890136719,63.0,0.0001
2018-05-11,9002.21,9016.8,8341.0,8400.0,48227.048061,24.31999969482422,12.649999618530273,272.8500061035156,41.0,0.0001
2018-05-12,8405.94,8646.88,8153.0,8465.94,40241.32081,24.31999969482422,12.649999618530273,272.8500061035156,44.0,0.0001
2018-05-13,8475.44,8763.36,8298.0,8679.71,25632.869362,24.31999969482422,12.649999618530273,272.8500061035156,40.0,0.0001
2018-05-14,8679.71,8879.99,8277.0,8663.34,37389.666533,24.350000381469727,12.930000305175781,272.9800109863281,40.0,0.0001
2018-05-15,8663.37,8859.99,8401.3,8462.0,28126.956136,24.5,14.630000114440918,271.1000061035156,40.0,0.0001
2018-05-16,8462.0,8488.0,8083.01,8330.0,31130.718908,24.559999465942383,13.420000076293945,272.239990234375,32.0,0.0001
2018-05-17,8330.0,8464.0,7979.0,8041.46,25439.844799,24.59000015258789,13.430000305175781,272.010009765625,31.0,0.0001
2018-05-18,8038.82,8273.21,7911.9,8239.81,23476.158251,24.639999389648438,13.420000076293945,271.3299865722656,37.0,0.0001
2018-05-19,8238.01,8390.8,8095.73,8233.49,17193.424276,24.639999389648438,13.420000076293945,271.3299865722656,31.0,0.0001
2018-05-20,8233.49,8609.0,8163.9,8526.98,19957.057109,24.639999389648438,13.420000076293945,271.3299865722656,32.0,0.0001
2018-05-21,8526.97,8595.31,8305.0,8381.24,21516.596486,24.6200008392334,13.079999923706055,273.3699951171875,41.0,0.0001
2018-05-22,8386.89,8400.18,7935.11,7977.11,23710.902858,24.610000610351562,13.220000267028809,272.6099853515625,30.0,0.0001
2018-05-23,7977.12,8031.9,7425.0,7501.95,42910.666774,24.709999084472656,12.579999923706055,273.3599853515625,26.0,0.0001
2018-05-24,7501.95,7730.73,7266.99,7575.01,37845.446595,24.68000030517578,12.529999732971191,272.79998779296875,27.0,0.0001
2018-05-25,7578.99,7649.55,7308.15,7457.0,26739.95664,24.799999237060547,13.220000267028809,272.1499938964844,25.0,0.0001
2018-05-26,7456.99,7620.0,7300.0,7333.96,19464.086071,24.799999237060547,13.220000267028809,272.1499938964844,23.0,0.0001
2018-05-27,7334.0,7400.0,7231.11,7338.99,18706.945515,24.799999237060547,13.220000267028809,272.1499938964844,19.0,0.0001
2018-05-28,7338.99,7437.0,7058.02,7099.0,27219.438963,24.799999237060547,13.220000267028809,272.1499938964844,22.0,0.0001
2018-05-29,7099.0,7540.0,7032.95,7461.29,39407.21183,24.969999313354492,17.020000457763672,269.0199890136719,16.0,0.0001
2018-05-30,7467.98,7569.0,7260.5,7375.96,32041.583623,24.780000686645508,14.9399995803833,272.6099853515625,38.0,0.0001
2018-05-31,7382.07,7699.0,7327.51,7485.01,30776.063102,24.760000228881836,15.430000305175781,270.94000244140625,25.0,0.0001
2018-06-01,7485.01,7608.55,7355.54,7521.01,28259.124078,24.799999237060547,13.460000038146973,273.6000061035156,24.0,0.0001
2018-06-02,7521.01,7697.33,7437.0,7640.03,26720.690219,24.799999237060547,13.460000038146973,273.6000061035156,27.0,0.0001
2018-06-03,7636.81,7786.69,7600.0,7714.26,27505.158951,24.799999237060547,13.460000038146973,273.6000061035156,40.0,0.0001
2018-06-04,7714.26,7760.52,7446.5,7487.0,32258.835115,24.780000686645508,12.739999771118164,274.8999938964844,41.0,0.0001
2018-06-05,7487.0,7679.49,7358.0,7625.0,31722.973384,24.75,12.399999618530273,275.1000061035156,26.0,0.0001
2018-06-06,7626.64,7699.0,7467.05,7658.84,27229.991898,24.68000030517578,11.640000343322754,277.3999938964844,42.0,0.0001
2018-06-07,7658.79,7765.0,7620.0,7691.08,25062.227202,24.6299991607666,12.130000114440918,277.3699951171875,38.0,0.0001
2018-06-08,7691.08,7703.5,7531.0,7603.44,23396.804671,24.639999389648438,12.180000305175781,278.19000244140625,40.0,0.0001
2018-06-09,7603.44,7683.98,7450.0,7491.73,19339.885176,24.639999389648438,12.180000305175781,278.19000244140625,39.0,0.0001
2018-06-10,7491.73,7491.73,6622.81,6764.99,52342.020032,24.639999389648438,12.180000305175781,278.19000244140625,24.0,0.0001
2018-06-11,6765.0,6922.0,6610.0,6872.0,34552.162303,24.65999984741211,12.350000381469727,278.55999755859375,15.0,0.0001
2018-06-12,6872.0,6890.51,6435.0,6530.0,36722.211191,24.709999084472656,12.34000015258789,278.9200134277344,19.0,0.0001
2018-06-13,6530.0,6627.6,6118.68,6292.78,46185.5181,24.670000076293945,12.9399995803833,278.0299987792969,19.0,0.0001
2018-06-14,6292.78,6720.0,6260.0,6635.98,44478.130837,24.989999771118164,12.119999885559082,278.7300109863281,17.0,0.0001
2018-06-15,6638.67,6666.66,6362.31,6388.9,30018.329905,24.969999313354492,11.979999542236328,277.1300048828125,26.0,0.0001
2018-06-16,6380.01,6560.0,6320.86,6483.98,22277.241147,24.969999313354492,11.979999542236328,277.1300048828125,22.0,0.0001
2018-06-17,6482.5,6589.03,6422.0,6449.61,19847.247688,24.969999313354492,11.979999542236328,277.1300048828125,23.0,0.0001
2018-06-18,6444.06,6794.38,6380.0,6712.46,31821.434995,24.969999313354492,12.3100004196167,276.55999755859375,27.0,0.0001
2018-06-19,6711.39,6841.74,6653.0,6741.21,24311.421143,25.040000915527344,13.350000381469727,275.5,32.0,0.0001
2018-06-20,6740.0,6817.23,6551.81,6761.51,26359.752452,25.059999465942383,12.789999961853027,275.9700012207031,34.0,0.0001
2018-06-21,6763.21,6795.0,6672.57,6718.84,25428.854048,24.989999771118164,14.640000343322754,274.239990234375,37.0,0.0001
2018-06-22,6717.69,6733.97,5918.94,6045.0,52157.370833,24.899999618530273,13.770000457763672,274.739990234375,28.0,0.0001
2018-06-23,6045.92,6260.0,6008.48,6149.98,26622.788589,24.899999618530273,13.770000457763672,274.739990234375,17.0,0.0001
2018-06-24,6149.98,6259.8,5750.0,6136.97,47445.998955,24.899999618530273,13.770000457763672,274.739990234375,15.0,0.0001
2018-06-25,6137.95,6350.0,6061.97,6252.0,39164.515306,24.860000610351562,17.329999923706055,271.0,16.0,0.0001
2018-06-26,6252.0,6272.54,6035.0,6070.78,19377.240484,24.989999771118164,15.920000076293945,271.6000061035156,21.0,0.0001
2018-06-27,6065.89,6190.43,5971.0,6133.73,19225.671098,25.139999389648438,17.90999984741211,269.3500061035156,18.0,0.0001
2018-06-28,6134.73,6173.01,5827.0,5853.98,30585.266026,25.139999389648438,16.850000381469727,270.8900146484375,20.0,0.0001
2018-06-29,5851.01,6300.0,5780.0,6197.92,33911.287278,24.940000534057617,16.09000015258789,271.2799987792969,16.0,0.0001
2018-06-30,6197.92,6528.99,6186.03,6390.07,37919.61284,24.940000534057617,16.09000015258789,271.2799987792969,22.0,0.0001
2018-07-01,6391.08,6441.06,6251.0,6356.81,27562.965974,24.940000534057617,16.09000015258789,271.2799987792969,27.0,0.0001
2018-07-02,6360.82,6685.0,6271.62,6615.29,36230.452264,25.059999465942383,15.600000381469727,271.8599853515625,27.0,0.0001
2018-07-03,6615.29,6679.35,6463.01,6513.86,38657.781691,24.979999542236328,16.139999389648438,270.8999938964844,31.0,0.0001
2018-07-04,6511.01,6784.92,6441.11,6586.98,23571.892777,24.979999542236328,16.139999389648438,270.8999938964844,33.0,0.0001
2018-07-05,6585.53,6712.0,6453.33,6529.2,35071.972898,24.899999618530273,14.970000267028809,273.1099853515625,37.0,0.0001
2018-07-06,6529.2,6648.54,6425.0,6609.78,29397.094748,24.81999969482422,13.369999885559082,275.4200134277344,34.0,0.0001
2018-07-07,6609.79,6818.16,6508.88,6756.98,23973.876886,24.81999969482422,13.369999885559082,275.4200134277344,34.0,0.0001
2018-07-08,6753.48,6780.0,6667.44,6712.1,24622.947794,24.81999969482422,13.369999885559082,275.4200134277344,38.0,0.0001
2018-07-09,6712.1,6802.06,6612.24,6662.12,26732.40655,24.829999923706055,12.6899995803833,277.8999938964844,39.0,0.0001
2018-07-10,6662.78,6681.0,6263.0,6296.91,38560.672702,24.84000015258789,12.640000343322754,278.8999938964844,37.0,0.0001
2018-07-11,6296.91,6406.0,6278.99,6378.07,28715.498487,25.010000228881836,13.630000114440918,276.8599853515625,29.0,0.0001
2018-07-12,6378.07,6380.28,6070.0,6250.57,31306.663348,25.030000686645508,12.579999923706055,279.3699951171875,33.0,0.0001
2018-07-13,6251.4,6350.0,6110.0,6214.57,26375.325286,25.0,12.180000305175781,279.5899963378906,29.0,0.0001
2018-07-14,6214.57,6335.0,6178.0,6251.99,17783.071999,25.0,12.180000305175781,279.5899963378906,29.0,0.0001
2018-07-15,6250.9,6395.0,6225.4,6353.01,22979.211508,25.0,12.180000305175781,279.5899963378906,32.0,0.0001
2018-07-16,6354.15,6747.3,6330.4,6723.35,36204.87708,24.959999084472656,12.829999923706055,279.3399963378906,36.0,0.0001
2018-07-17,6723.33,7468.99,6652.04,7317.44,52105.423459,25.06999969482422,12.0600004196167,280.4700012207031,39.0,0.0001
2018-07-18,7317.44,7588.08,7225.38,7381.9,59487.64345,25.100000381469727,12.100000381469727,281.05999755859375,42.0,0.0001
2018-07-19,7381.88,7576.28,7270.0,7466.21,41218.256437,25.149999618530273,12.869999885559082,280.0,44.0,0.0001
2018-07-20,7468.86,7700.0,7273.0,7337.53,46140.313447,24.950000762939453,12.859999656677246,279.67999267578125,47.0,0.0001
2018-07-21,7337.47,7458.47,7211.0,7398.78,28886.490291,24.950000762939453,12.859999656677246,279.67999267578125,43.0,0.0001
2018-07-22,7399.25,7582.4,7335.5,7394.79,30270.21844,24.950000762939453,12.859999656677246,279.67999267578125,46.0,0.0001
2018-07-23,7394.78,7833.0,7375.0,7721.01,41646.346671,24.989999771118164,12.619999885559082,280.20001220703125,44.0,0.0001
2018-07-24,7721.65,8486.0,7696.0,8397.24,60121.163749,25.0,12.40999984741211,281.6099853515625,49.0,0.0001
2018-07-25,8397.24,8491.77,8050.0,8175.64,48257.649124,24.8799991607666,12.289999961853027,284.010009765625,54.0,0.0001
2018-07-26,8175.63,8315.69,7850.06,7920.0,43223.481682,25.049999237060547,12.140000343322754,283.3399963378906,53.0,0.0001
2018-07-27,7920.0,8285.0,7805.0,8188.57,43671.005891,25.020000457763672,13.029999732971191,281.4200134277344,47.0,0.0001
2018-07-28,8188.57,8246.54,8067.0,8225.04,26215.173839,25.020000457763672,13.029999732971191,281.4200134277344,54.0,0.0001
2018-07-29,8225.04,8294.51,8115.0,8211.0,25531.226185,25.020000457763672,13.029999732971191,281.4200134277344,54.0,0.0001
2018-07-30,8210.99,8273.0,7866.0,8173.92,39692.416542,24.93000030517578,14.260000228881836,279.95001220703125,53.0,0.0001
2018-07-31,8171.4,8180.0,7633.0,7730.93,48296.915587,24.979999542236328,12.829999923706055,281.3299865722656,48.0,0.0001
2018-08-01,7735.67,7750.0,7430.0,7604.58,42582.312932,25.010000228881836,13.149999618530273,280.8599853515625,39.0,0.0001
2018-08-02,7600.08,7709.46,7455.72,7525.71,37665.696684,25.149999618530273,12.1899995803833,282.3900146484375,39.0,0.0001
2018-08-03,7525.71,7540.0,7282.44,7418.78,44669.486047,25.170000076293945,11.640000343322754,283.6000061035156,36.0,0.0001
2018-08-04,7412.27,7494.81,6926.0,7009.84,36288.42601,25.170000076293945,11.640000343322754,283.6000061035156,31.0,0.0001
2018-08-05,7009.84,7089.87,6882.29,7024.19,32894.849782,25.170000076293945,11.640000343322754,283.6000061035156,23.0,0.0001
2018-08-06,7024.19,7160.0,6821.0,6934.82,32760.191643,25.209999084472656,11.270000457763672,284.6400146484375,25.0,0.0001
2018-08-07,6935.0,7150.46,6670.0,6720.06,45438.473501,25.18000030517578,10.930000305175781,285.5799865722656,25.0,0.0001
2018-08-08,6720.63,6721.54,6123.0,6285.0,59550.536319,25.149999618530273,10.850000381469727,285.4599914550781,23.0,0.0001
2018-08-09,6283.27,6622.81,6178.6,6529.79,51941.185111,25.299999237060547,11.270000457763672,285.07000732421875,19.0,0.0001
2018-08-10,6529.79,6575.88,6026.39,6144.01,59034.974902,25.479999542236328,13.15999984741211,283.1600036621094,21.0,0.0001
2018-08-11,6148.13,6488.0,5971.0,6232.35,47133.418555,25.479999542236328,13.15999984741211,283.1600036621094,18.0,0.0001
2018-08-12,6222.55,6472.3,6130.0,6308.33,38567.770712,25.479999542236328,13.15999984741211,283.1600036621094,18.0,0.0001
2018-08-13,6308.56,6545.0,6145.04,6246.35,53895.828783,25.489999771118164,14.779999732971191,282.1000061035156,21.0,0.0001
2018-08-14,6248.25,6250.33,5880.0,6188.08,50186.745091,25.59000015258789,13.3100004196167,283.8999938964844,16.0,0.0001
2018-08-15,6188.08,6609.0,6172.11,6267.16,68806.687026,25.59000015258789,14.640000343322754,281.7799987792969,18.0,0.0001
2018-08-16,6265.27,6480.0,6205.6,6311.75,48515.254618,25.56999969482422,13.449999809265137,284.05999755859375,21.0,0.0001
2018-08-17,6316.0,6585.0,6285.4,6584.49,57851.610803,25.440000534057617,12.640000343322754,285.05999755859375,19.0,0.0001
2018-08-18,6579.04,6620.0,6288.0,6387.96,53742.322172,25.440000534057617,12.640000343322754,285.05999755859375,24.0,0.0001
2018-08-19,6387.96,6541.0,6300.0,6477.53,45190.847994,25.440000534057617,12.640000343322754,285.05999755859375,27.0,0.0001
2018-08-20,6477.53,6530.0,6220.0,6254.84,49435.55526,25.3799991607666,12.489999771118164,285.6700134277344,26.0,0.0001
2018-08-21,6251.0,6500.0,6235.08,6480.0,41569.947408,25.229999542236328,12.859999656677246,286.3399963378906,19.0,0.0001
2018-08-22,6479.98,6882.54,6251.2,6360.89,77909.391359,25.15999984741211,12.25,286.1700134277344,21.0,0.0001
2018-08-23,6362.57,6576.99,6342.28,6525.01,40358.166825,25.31999969482422,12.40999984741211,285.7900085449219,18.0,0.0001
2018-08-24,6525.0,6725.0,6440.5,6681.64,38305.675322,25.200000762939453,11.989999771118164,287.510009765625,19.0,0.0001
2018-08-25,6686.98,6789.0,6650.61,6733.64,19220.505929,25.200000762939453,11.989999771118164,287.510009765625,22.0,0.0001
2018-08-26,6733.64,6775.27,6568.0,6700.0,20107.297208,25.200000762939453,11.989999771118164,287.510009765625,19.0,0.0001
2018-08-27,6700.0,6940.51,6646.5,6908.64,37747.078747,25.100000381469727,12.15999984741211,289.7799987792969,18.0,0.0001
2018-08-28,6907.26,7135.0,6860.0,7076.11,48352.917163,25.100000381469727,12.5,289.9200134277344,19.0,0.0001
2018-08-29,7077.0,7133.81,6912.34,7031.22,43252.487392,25.059999465942383,12.25,291.4800109863281,19.0,0.0001
2018-08-30,7033.21,7063.63,6784.81,6984.84,44716.77462,25.079999923706055,13.529999732971191,290.29998779296875,22.0,0.0001
2018-08-31,6984.84,7089.0,6888.0,7011.21,40467.400638,25.190000534057617,12.859999656677246,290.30999755859375,17.0,0.0001
2018-09-01,7011.21,7275.0,7008.74,7200.01,40323.414093,25.190000534057617,12.859999656677246,290.30999755859375,21.0,0.0001
2018-09-02,7201.57,7345.45,7127.0,7302.01,39814.840352,25.190000534057617,12.859999656677246,290.30999755859375,18.0,0.0001
2018-09-03,7302.0,7338.28,7191.63,7263.02,32396.018371,25.190000534057617,12.859999656677246,290.30999755859375,19.0,0.0001
2018-09-04,7263.0,7410.0,7227.17,7359.06,35300.640518,25.299999237060547,13.15999984741211,289.80999755859375,26.0,0.0001
2018-09-05,7359.05,7397.3,6682.0,6700.0,63715.256267,25.209999084472656,13.90999984741211,289.0299987792969,17.0,0.0001
2018-09-06,6697.27,6725.0,6265.0,6516.01,60644.464227,25.209999084472656,14.649999618530273,288.1600036621094,14.0,0.0001
2018-09-07,6516.84,6544.0,6320.0,6395.54,38906.28805,25.280000686645508,14.880000114440918,287.6000061035156,17.0,0.0001
2018-09-08,6395.54,6478.0,6111.0,6185.05,38215.032171,25.280000686645508,14.880000114440918,287.6000061035156,18.0,0.0001
2018-09-09,6185.06,6441.0,6141.53,6250.81,37053.92382,25.280000686645508,14.880000114440918,287.6000061035156,13.0,0.0001
2018-09-10,6252.26,6373.98,6221.0,6312.0,32439.456432,25.229999542236328,14.15999984741211,288.1000061035156,15.0,0.0001
2018-09-11,6311.99,6404.0,6169.68,6294.91,33104.88859,25.25,13.220000267028809,289.04998779296875,18.0,0.0001
2018-09-12,6293.0,6360.0,6192.37,6338.62,31433.645939,25.15999984741211,13.140000343322754,289.1199951171875,14.0,0.0001
2018-09-13,6338.62,6535.0,6337.4,6487.38,40465.063107,25.09000015258789,12.369999885559082,290.8299865722656,20.0,0.0001
2018-09-14,6487.39,6584.99,6385.62,6476.63,37173.339277,25.18000030517578,12.069999694824219,290.8800048828125,23.0,0.0001
2018-09-15,6476.63,6565.45,6466.13,6514.96,25243.656612,25.18000030517578,12.069999694824219,290.8800048828125,24.0,0.0001
2018-09-16,6514.96,6524.62,6370.0,6505.0,27568.132897,25.18000030517578,12.069999694824219,290.8800048828125,28.0,0.0001
2018-09-17,6500.08,6533.84,6201.0,6248.69,35987.254738,25.059999465942383,13.680000305175781,289.3399963378906,25.0,0.0001
2018-09-18,6248.69,6390.0,6224.98,6336.45,32620.86667,25.100000381469727,12.789999961853027,290.9100036621094,21.0,0.0001
2018-09-19,6336.39,6517.7,6123.0,6391.89,39044.080082,25.09000015258789,11.75,291.2200012207031,24.0,0.0001
2018-09-20,6392.0,6540.0,6325.0,6492.0,25189.024728,24.90999984741211,11.800000190734863,293.5799865722656,24.0,0.0001
2018-09-21,6492.0,6784.86,6491.0,6759.02,51779.343463,24.989999771118164,11.680000305175781,291.989990234375,31.0,0.0001
2018-09-22,6759.01,6839.03,6627.0,6723.05,29349.690667,24.989999771118164,11.680000305175781,291.989990234375,35.0,0.0001
2018-09-23,6723.05,6788.23,6661.75,6708.0,30286.229773,24.989999771118164,11.680000305175781,291.989990234375,38.0,0.0001
2018-09-24,6706.81,6730.0,6557.0,6581.39,35305.73991,24.989999771118164,12.199999809265137,291.0199890136719,43.0,0.0001
2018-09-25,6581.42,6584.01,6325.02,6447.54,40301.029452,25.010000228881836,12.420000076293945,290.75,37.0,0.0001
2018-09-26,6445.11,6557.99,6379.7,6465.12,33484.54207,25.020000457763672,12.890000343322754,289.8800048828125,37.0,0.0001
2018-09-27,6467.84,6750.0,6434.0,6689.13,33087.428297,25.200000762939453,12.40999984741211,290.69000244140625,42.0,0.0001
2018-09-28,6689.12,6814.8,6540.88,6634.58,42399.448523,25.260000228881836,12.119999885559082,290.7200012207031,42.0,0.0001
2018-09-29,6634.58,6636.0,6464.57,6596.38,30255.9597,25.260000228881836,12.119999885559082,290.7200012207031,37.0,0.0001
2018-09-30,6597.66,6662.0,6533.0,6626.57,27764.724519,25.260000228881836,12.119999885559082,290.7200012207031,34.0,0.0001
2018-10-01,6626.57,6667.09,6510.0,6611.61,20621.506894,25.299999237060547,12.0,291.7300109863281,35.0,0.0001
2018-10-02,6610.0,6640.0,6494.0,6525.79,28245.810088,25.34000015258789,12.050000190734863,291.55999755859375,33.0,0.0001
2018-10-03,6525.79,6549.0,6430.0,6510.0,28451.969138,25.420000076293945,11.609999656677246,291.7200012207031,36.0,0.0001
2018-10-04,6510.01,6643.46,6505.09,6593.79,20074.300818,25.43000030517578,14.220000267028809,289.44000244140625,29.0,0.0001
2018-10-05,6591.69,6697.0,6543.08,6635.65,16096.552392,25.399999618530273,14.819999694824219,287.82000732421875,37.0,0.0001
2018-10-06,6635.65,6651.0,6566.77,6594.27,10939.505391,25.399999618530273,14.819999694824219,287.82000732421875,34.0,0.0001
2018-10-07,6596.44,6640.0,6525.0,6615.26,17406.831762,25.399999618530273,14.819999694824219,287.82000732421875,29.0,0.0001
2018-10-08,6615.26,6715.6,6587.0,6673.01,23123.419541,25.43000030517578,15.6899995803833,287.82000732421875,26.0,0.0001
2018-10-09,6673.01,6685.38,6607.0,6656.61,15354.779469,25.420000076293945,15.949999809265137,287.3999938964844,31.0,0.0001
2018-10-10,6656.67,6659.95,6530.0,6631.0,15390.661444,25.389999389648438,22.959999084472656,278.29998779296875,28.0,0.0001
2018-10-11,6630.21,6633.92,6205.0,6252.68,48712.400332,25.25,24.979999542236328,272.1700134277344,19.0,0.0001
2018-10-12,6252.71,6360.0,6209.0,6298.01,29004.071419,25.329999923706055,21.309999465942383,275.95001220703125,13.0,0.0001
2018-10-13,6298.0,6345.0,6285.07,6332.93,19098.070025,25.329999923706055,21.309999465942383,275.95001220703125,15.0,0.0001
2018-10-14,6332.92,6416.0,6308.0,6339.34,15627.411314,25.329999923706055,21.309999465942383,275.95001220703125,18.0,0.0001
2018-10-15,6339.34,7680.0,6300.0,6752.5,90748.031246,25.270000457763672,21.299999237060547,274.3999938964844,20.0,0.0001
2018-10-16,6752.5,6900.0,6670.0,6759.27,27557.957764,25.280000686645508,17.6200008392334,280.3999938964844,24.0,0.0001
2018-10-17,6762.76,6811.12,6676.01,6740.89,26641.431379,25.40999984741211,17.399999618530273,280.45001220703125,23.0,0.0001
2018-10-18,6739.01,6796.0,6567.0,6618.96,20116.521941,25.520000457763672,20.059999465942383,276.3999938964844,26.0,0.0001
2018-10-19,6618.96,6648.14,6523.0,6528.88,20772.60077,25.469999313354492,19.889999389648438,276.25,24.0,0.0001
2018-10-20,6528.88,6617.65,6505.55,6588.4,19240.722247,25.469999313354492,19.889999389648438,276.25,21.0,0.0001
2018-10-21,6585.72,6663.9,6580.0,6590.11,6515.357792,25.469999313354492,19.889999389648438,276.25,21.0,0.0001
2018-10-22,6590.12,6639.0,6535.27,6581.2,16213.69266,25.559999465942383,19.639999389648438,275.010009765625,27.0,0.0001
2018-10-23,6581.2,6595.0,6515.45,6553.51,13856.601756,25.520000457763672,20.709999084472656,273.6099853515625,24.0,0.0001
2018-10-24,6553.51,6630.0,6547.53,6565.5,11951.543977,25.649999618530273,25.229999542236328,265.32000732421875,23.0,0.0001
2018-10-25,6566.81,6575.09,6502.8,6528.09,10342.701244,25.719999313354492,24.219999313354492,270.0799865722656,25.0,0.0001
2018-10-26,6528.13,6600.0,6515.01,6538.63,9443.504156,25.649999618530273,24.15999984741211,265.3299865722656,29.0,0.0001
2018-10-27,6538.63,6558.35,6463.04,6505.6,7776.907864,25.649999618530273,24.15999984741211,265.3299865722656,33.0,0.0001
2018-10-28,6505.6,6514.17,6453.0,6489.93,5743.933728,25.649999618530273,24.15999984741211,265.3299865722656,35.0,0.0001
2018-10-29,6489.93,6505.01,6315.0,6344.5,13827.224067,25.719999313354492,24.700000762939453,263.8599853515625,34.0,0.0001
2018-10-30,6344.5,6395.0,6317.01,6330.87,8877.175385,25.829999923706055,23.350000381469727,267.7699890136719,31.0,0.0001
2018-10-31,6330.01,6428.0,6245.02,6371.93,12148.888216,25.81999969482422,21.229999542236328,270.6300048828125,32.0,0.0001
2018-11-01,6369.52,6442.65,6348.66,6410.0,9099.035841,25.649999618530273,19.34000015258789,273.510009765625,29.0,0.0001
2018-11-02,6410.0,6460.34,6388.2,6433.98,9739.440679,25.709999084472656,19.510000228881836,271.8900146484375,36.0,0.0001
2018-11-03,6432.8,6439.97,6345.0,6387.09,7661.241476,25.709999084472656,19.510000228881836,271.8900146484375,36.0,0.0001
2018-11-04,6388.0,6525.0,6359.0,6485.85,10592.394943,25.709999084472656,19.510000228881836,271.8900146484375,41.0,0.0001
2018-11-05,6485.85,6504.39,6431.02,6468.99,8987.882156,25.700000762939453,19.959999084472656,273.3900146484375,42.0,0.0001
2018-11-06,6468.99,6531.31,6445.18,6519.11,11926.565699,25.639999389648438,19.90999984741211,275.1199951171875,42.0,0.0001
2018-11-07,6522.73,6615.15,6509.0,6578.46,14271.591117,25.59000015258789,16.360000610351562,281.010009765625,48.0,0.0001
2018-11-08,6578.46,6594.0,6468.22,6479.84,13259.789282,25.739999771118164,16.719999313354492,280.5,51.0,0.0001
2018-11-09,6479.84,6511.53,6391.01,6419.99,11787.616583,25.790000915527344,17.360000610351562,277.760009765625,47.0,0.0001
2018-11-10,6419.99,6475.55,6411.0,6433.05,7714.829926,25.790000915527344,17.360000610351562,277.760009765625,52.0,0.0001
2018-11-11,6435.16,6462.14,6355.0,6449.81,8213.507117,25.790000915527344,17.360000610351562,277.760009765625,54.0,0.0001
2018-11-12,6450.71,6497.0,6421.0,6453.07,10132.782567,26.020000457763672,20.450000762939453,272.57000732421875,52.0,0.0001
2018-11-13,6451.68,6498.0,6391.15,6457.66,11790.564933,25.93000030517578,20.020000457763672,272.05999755859375,56.0,0.0001
2018-11-14,6458.98,6482.84,5656.87,5922.41,46478.964003,25.84000015258789,21.25,270.20001220703125,49.0,0.0001
2018-11-15,5917.2,5939.54,5403.42,5753.4,47700.829401,25.899999618530273,19.979999542236328,273.0199890136719,28.0,0.0001
2018-11-16,5757.09,5782.89,5549.25,5655.94,38721.802274,25.709999084472656,18.139999389648438,273.7300109863281,23.0,0.0001
2018-11-17,5650.57,5656.6,5565.43,5628.29,26411.241413,25.709999084472656,18.139999389648438,273.7300109863281,24.0,0.0001
2018-11-18,5630.49,5738.17,5617.0,5662.0,23844.999347,25.709999084472656,18.139999389648438,273.7300109863281,26.0,0.0001
2018-11-19,5661.94,5664.0,4855.0,4910.03,70580.892856,25.690000534057617,20.100000381469727,269.1000061035156,28.0,0.0001
2018-11-20,4913.4,5048.24,4326.0,4558.86,117380.95159,25.81999969482422,22.479999542236328,264.1199951171875,21.0,0.0001
2018-11-21,4559.91,4787.2,4413.85,4661.07,61071.829475,25.81999969482422,20.799999237060547,265.0199890136719,15.0,0.0001
2018-11-22,4661.08,4721.77,4335.0,4370.0,34531.119143,25.81999969482422,20.799999237060547,265.0199890136719,14.0,0.0001
2018-11-23,4370.9,4484.0,4222.94,4420.61,49371.920322,25.8700008392334,21.520000457763672,263.25,12.0,0.0001
2018-11-24,4415.63,4527.0,3824.69,3932.44,61693.111006,25.8700008392334,21.520000457763672,263.25,15.0,0.0001
2018-11-25,3933.68,4233.0,3652.66,4085.78,101693.975588,25.8700008392334,21.520000457763672,263.25,9.0,0.0001
2018-11-26,4088.69,4206.0,3701.0,3862.2,94504.865717,25.920000076293945,18.899999618530273,267.5,17.0,0.0001
2018-11-27,3864.45,3940.0,3689.12,3875.21,67480.607212,25.989999771118164,19.020000457763672,268.3999938964844,11.0,0.0001
2018-11-28,3875.63,4394.47,3874.27,4264.85,91983.567949,25.860000610351562,18.489999771118164,274.5799865722656,14.0,0.0001
2018-11-29,4262.06,4450.38,4125.65,4295.84,73980.198669,25.81999969482422,18.790000915527344,273.9800109863281,18.0,0.0001
2018-11-30,4295.72,4341.36,3943.0,4041.32,67758.446283,25.920000076293945,18.06999969482422,275.6499938964844,19.0,0.0001
2018-12-01,4041.27,4299.99,3963.01,4190.02,44840.073481,25.920000076293945,18.06999969482422,275.6499938964844,13.0,0.0001
2018-12-02,4190.98,4312.99,4103.04,4161.01,38912.15479,25.920000076293945,18.06999969482422,275.6499938964844,15.0,0.0001
2018-12-03,4160.55,4179.0,3827.0,3884.01,49094.369163,25.93000030517578,16.440000534057617,279.29998779296875,17.0,0.0001
2018-12-04,3884.76,4085.0,3781.0,3951.64,48489.551613,25.8799991607666,20.739999771118164,270.25,12.0,0.0001
2018-12-05,3950.98,3970.0,3745.0,3769.84,44004.799448,25.8799991607666,20.739999771118164,270.25,19.0,0.0001
2018-12-06,3768.44,3899.99,3500.0,3508.75,68378.796943,25.8700008392334,21.190000534057617,269.8399963378906,13.0,0.0001
2018-12-07,3508.75,3549.99,3224.6,3403.55,95145.457442,25.799999237060547,23.229999542236328,263.57000732421875,11.0,0.0001
2018-12-08,3403.57,3495.0,3222.0,3410.93,55365.949949,25.799999237060547,23.229999542236328,263.57000732421875,11.0,0.0001
2018-12-09,3411.36,3658.0,3394.04,3545.37,45956.893296,25.799999237060547,23.229999542236328,263.57000732421875,14.0,0.0001
2018-12-10,3548.49,3610.0,3370.11,3432.88,40989.244553,25.969999313354492,22.639999389648438,264.07000732421875,19.0,0.0001
2018-12-11,3434.01,3480.0,3324.32,3380.39,35920.864154,26.040000915527344,21.760000228881836,264.1300048828125,15.0,0.0001
2018-12-12,3379.23,3492.0,3350.0,3445.0,33922.931286,25.940000534057617,21.459999084472656,265.4599914550781,14.0,0.0001
2018-12-13,3446.38,3460.0,3255.5,3302.06,40040.917013,25.940000534057617,20.649999618530273,265.3699951171875,14.0,0.0001
2018-12-14,3302.06,3335.39,3177.0,3224.17,44492.983807,26.040000915527344,21.6299991607666,260.4700012207031,10.0,0.0001
2018-12-15,3225.19,3276.5,3156.26,3211.72,29796.041436,26.040000915527344,21.6299991607666,260.4700012207031,11.0,0.0001
2018-12-16,3211.71,3294.0,3186.0,3228.67,24628.808538,26.040000915527344,21.6299991607666,260.4700012207031,13.0,0.0001
2018-12-17,3229.22,3585.0,3216.0,3509.08,66762.216388,25.969999313354492,24.520000457763672,255.36000061035156,17.0,0.0001
2018-12-18,3509.03,3678.59,3424.47,3652.98,61369.615257,25.959999084472656,25.579999923706055,255.0800018310547,23.0,0.0001
2018-12-19,3653.0,3912.73,3622.55,3662.22,94137.341014,25.969999313354492,25.579999923706055,251.25999450683594,21.0,0.0001
2018-12-20,3660.01,4120.0,3635.0,4049.62,101543.835986,25.770000457763672,28.3799991607666,247.1699981689453,27.0,0.0001
2018-12-21,4051.86,4139.99,3764.0,3838.66,82343.850112,25.940000534057617,30.110000610351562,240.6999969482422,35.0,0.0001
2018-12-22,3840.25,3979.0,3785.0,3948.91,42822.350872,25.940000534057617,30.110000610351562,240.6999969482422,28.0,0.0001
2018-12-23,3948.91,4021.53,3870.0,3929.71,40117.531529,25.940000534057617,30.110000610351562,240.6999969482422,31.0,0.0001
2018-12-24,3929.71,4198.0,3924.83,4008.01,64647.809129,25.549999237060547,36.06999969482422,234.33999633789062,25.0,0.0001
2018-12-25,4010.11,4020.0,3646.41,3745.79,62725.629432,25.549999237060547,36.06999969482422,234.33999633789062,33.0,0.0001
2018-12-26,3745.56,3837.15,3656.74,3777.74,42629.375817,25.68000030517578,30.40999984741211,246.17999267578125,26.0,0.0001
2018-12-27,3777.74,3813.98,3535.0,3567.91,44097.392912,25.56999969482422,29.959999084472656,248.07000732421875,29.0,0.0001
2018-12-28,3567.89,3887.25,3540.04,3839.26,45964.304987,25.5,28.34000015258789,247.75,21.0,0.0001
2018-12-29,3839.0,3892.0,3670.0,3695.32,38874.373903,25.5,28.34000015258789,247.75,24.0,0.0001
2018-12-30,3696.71,3903.5,3657.9,3801.91,33222.369262,25.5,28.34000015258789,247.75,23.0,0.0001
2018-12-31,3803.12,3810.0,3630.33,3702.9,29991.77835,25.450000762939453,25.420000076293945,249.9199981689453,26.0,0.0001
2019-01-01,3701.23,3810.16,3642.0,3797.14,23741.687033,25.450000762939453,25.420000076293945,249.9199981689453,24.0,0.0001
2019-01-02,3796.45,3882.14,3750.45,3858.56,35156.463369,25.639999389648438,23.219999313354492,250.17999267578125,30.0,0.0001
2019-01-03,3857.57,3862.74,3730.0,3766.78,29406.948359,25.5,25.450000762939453,244.2100067138672,33.0,0.0001
2019-01-04,3767.2,3823.64,3703.57,3792.01,29519.554671,25.459999084472656,21.3799991607666,252.38999938964844,48.0,0.0001
2019-01-05,3790.09,3840.99,3751.0,3770.96,30490.667751,25.459999084472656,21.3799991607666,252.38999938964844,36.0,0.0001
2019-01-06,3771.12,4027.71,3740.0,3987.6,36553.806709,25.459999084472656,21.3799991607666,252.38999938964844,31.0,0.0001
2019-01-07,3987.62,4017.9,3921.53,3975.45,31869.846264,25.350000381469727,21.399999618530273,254.3800048828125,39.0,0.0001
2019-01-08,3976.76,4069.8,3903.0,3955.13,38901.423122,25.43000030517578,20.469999313354492,256.7699890136719,39.0,0.0001
2019-01-09,3955.45,4006.81,3930.04,3966.65,28989.439511,25.190000534057617,19.979999542236328,257.9700012207031,42.0,0.0001
2019-01-10,3966.06,3996.01,3540.0,3585.88,59402.22851,25.34000015258789,19.5,258.8800048828125,37.0,0.0001
2019-01-11,3585.88,3658.0,3465.0,3601.31,38338.654733,25.360000610351562,18.190000534057617,258.9800109863281,19.0,0.0001
2019-01-12,3601.31,3618.19,3530.0,3583.13,21999.928354,25.360000610351562,18.190000534057617,258.9800109863281,22.0,0.0001
2019-01-13,3584.1,3611.1,3441.3,3476.81,26385.757454,25.360000610351562,18.190000534057617,258.9800109863281,21.0,0.0001
2019-01-14,3477.56,3671.87,3467.02,3626.09,35235.211215,25.360000610351562,19.06999969482422,257.3999938964844,16.0,0.0001
2019-01-15,3626.08,3648.42,3516.62,3553.06,34137.997459,25.450000762939453,18.600000381469727,260.3500061035156,27.0,0.0001
2019-01-16,3553.06,3645.0,3543.51,3591.84,27480.179977,25.479999542236328,19.040000915527344,260.9800109863281,24.0,0.0001
2019-01-17,3591.84,3634.7,3530.39,3616.21,29755.440838,25.479999542236328,18.059999465942383,262.9599914550781,28.0,0.0001
2019-01-18,3613.32,3620.0,3565.75,3594.87,22713.446755,25.559999465942383,17.799999237060547,266.4599914550781,29.0,0.0001
2019-01-19,3594.87,3720.0,3594.23,3665.3,22171.578123,25.559999465942383,17.799999237060547,266.4599914550781,31.0,0.0001
2019-01-20,3665.75,3693.73,3475.0,3539.28,27901.938598,25.559999465942383,17.799999237060547,266.4599914550781,35.0,0.0001
2019-01-21,3539.26,3559.51,3475.5,3526.9,19644.436839,25.559999465942383,17.799999237060547,266.4599914550781,30.0,0.0001
2019-01-22,3526.88,3608.5,3434.85,3570.93,29336.442967,25.559999465942383,20.799999237060547,262.8599853515625,27.0,0.0001
2019-01-23,3570.41,3607.98,3514.5,3552.82,24938.842698,25.5,19.520000457763672,263.4100036621094,33.0,0.0001
2019-01-24,3552.97,3589.0,3529.22,3569.62,20826.25118,25.649999618530273,18.889999389648438,263.54998779296875,37.0,0.0001
2019-01-25,3569.07,3587.15,3522.51,3565.29,17608.346671,25.440000534057617,17.420000076293945,265.7799987792969,35.0,0.0001
2019-01-26,3566.69,3662.94,3545.0,3565.25,19476.532344,25.440000534057617,17.420000076293945,265.7799987792969,41.0,0.0001
2019-01-27,3565.62,3579.0,3486.0,3550.84,22735.598162,25.440000534057617,17.420000076293945,265.7799987792969,39.0,0.0001
2019-01-28,3550.05,3557.75,3380.27,3434.15,40405.111401,25.459999084472656,18.8700008392334,263.760009765625,35.0,0.0001
2019-01-29,3434.0,3443.45,3349.92,3411.04,29544.928977,25.469999313354492,19.1299991607666,263.4100036621094,21.0,0.0001
2019-01-30,3410.04,3478.0,3387.1,3458.18,23968.260243,25.34000015258789,17.65999984741211,267.5799865722656,22.0,0.0001
2019-01-31,3457.5,3489.2,3418.8,3434.1,29607.190253,25.389999389648438,16.56999969482422,269.92999267578125,17.0,0.0001
2019-02-01,3434.1,3488.0,3401.2,3462.07,25260.476159,25.389999389648438,16.139999389648438,270.05999755859375,23.0,0.0001
2019-02-02,3462.2,3526.4,3440.29,3504.77,17920.802,25.389999389648438,16.139999389648438,270.05999755859375,22.0,0.0001
2019-02-03,3504.06,3511.09,3426.0,3458.11,19867.33639,25.389999389648438,16.139999389648438,270.05999755859375,19.0,0.0001
2019-02-04,3458.11,3484.88,3433.31,3463.22,23131.981108,25.459999084472656,15.729999542236328,271.9599914550781,27.0,0.0001
2019-02-05,3463.22,3478.97,3448.43,3471.59,25264.41503,25.530000686645508,15.569999694824219,273.1000061035156,21.0,0.0001
2019-02-06,3471.57,3482.72,3380.0,3405.37,35310.244846,25.6299991607666,15.380000114440918,272.739990234375,14.0,0.0001
2019-02-07,3407.0,3426.45,3390.0,3398.4,18665.538638,25.690000534057617,16.3700008392334,270.1400146484375,18.0,0.0001
2019-02-08,3398.4,3733.58,3373.1,3659.04,47968.058013,25.719999313354492,15.720000267028809,270.4700012207031,37.0,0.0001
2019-02-09,3660.27,3680.02,3625.13,3665.18,24759.833719,25.719999313354492,15.720000267028809,270.4700012207031,42.0,0.0001
2019-02-10,3665.18,3684.99,3609.76,3680.06,23250.602634,25.719999313354492,15.720000267028809,270.4700012207031,40.0,0.0001
2019-02-11,3679.75,3684.9,3615.53,3631.05,24954.614571,25.81999969482422,15.970000267028809,270.6199951171875,46.0,0.0001
2019-02-12,3631.05,3667.6,3582.34,3631.46,29479.59823,25.729999542236328,15.430000305175781,274.1000061035156,38.0,0.0001
2019-02-13,3631.51,3670.0,3591.75,3609.4,25773.997648,25.8700008392334,15.649999618530273,274.989990234375,48.0,0.0001
2019-02-14,3608.34,3626.4,3568.11,3590.56,21753.501261,25.84000015258789,16.219999313354492,274.3800048828125,48.0,0.0001
2019-02-15,3590.57,3653.23,3573.45,3602.47,20777.872899,25.790000915527344,14.90999984741211,277.3699951171875,43.0,0.0001
2019-02-16,3602.49,3648.2,3597.91,3618.41,19565.992751,25.790000915527344,14.90999984741211,277.3699951171875,43.0,0.0001
2019-02-17,3617.22,3700.11,3604.4,3667.58,25690.227779,25.790000915527344,14.90999984741211,277.3699951171875,38.0,0.0001
2019-02-18,3667.62,3925.0,3655.0,3898.6,64042.730492,25.790000915527344,14.90999984741211,277.3699951171875,63.0,0.0001
2019-02-19,3897.35,3994.52,3856.0,3907.79,50207.172667,25.690000534057617,14.880000114440918,277.8500061035156,65.0,0.0001
2019-02-20,3907.35,3986.98,3870.66,3969.74,36205.14085,25.709999084472656,14.020000457763672,278.4100036621094,59.0,0.0001
2019-02-21,3969.74,4016.48,3901.03,3937.31,31103.884728,25.729999542236328,14.460000038146973,277.4200134277344,59.0,0.0001
2019-02-22,3937.31,3988.0,3926.65,3962.0,23943.16375,25.719999313354492,13.510000228881836,279.1400146484375,61.0,0.0001
2019-02-23,3962.0,4162.02,3933.15,4117.76,33657.942883,25.719999313354492,13.510000228881836,279.1400146484375,63.0,0.0001
2019-02-24,4118.0,4198.0,3712.66,3743.56,62224.18689,25.719999313354492,13.510000228881836,279.1400146484375,69.0,0.0001
2019-02-25,3743.56,3872.66,3740.0,3827.92,38102.966245,25.700000762939453,14.850000381469727,279.5199890136719,47.0,0.0001
2019-02-26,3828.44,3841.51,3777.0,3809.23,28838.748036,25.600000381469727,15.170000076293945,279.32000732421875,40.0,0.0001
2019-02-27,3809.31,3838.85,3677.17,3818.07,31500.995466,25.6200008392334,14.699999809265137,279.20001220703125,39.0,0.0001
2019-02-28,3818.04,3888.0,3763.87,3813.69,32561.961044,25.639999389648438,14.779999732971191,278.67999267578125,39.0,0.0001
2019-03-01,3814.26,3857.0,3813.01,3823.0,23174.57217,25.739999771118164,13.569999694824219,280.4200134277344,42.0,0.0001
2019-03-02,3822.17,3841.31,3772.25,3819.93,19445.838355,25.739999771118164,13.569999694824219,280.4200134277344,41.0,0.0001
2019-03-03,3819.97,3835.0,3781.32,3807.75,16718.16541,25.739999771118164,13.569999694824219,280.4200134277344,44.0,0.0001
2019-03-04,3807.32,3830.0,3670.69,3715.3,34742.84166,25.770000457763672,14.630000114440918,279.3999938964844,36.0,0.0001
2019-03-05,3716.1,3877.1,3703.55,3857.73,32962.536162,25.84000015258789,14.739999771118164,279.0199890136719,35.0,0.0001
2019-03-06,3857.58,3907.0,3813.09,3861.84,24775.11883,25.84000015258789,15.739999771118164,277.3299865722656,42.0,0.0001
2019-03-07,3861.84,3905.4,3840.4,3873.64,26455.257661,26.06999969482422,16.59000015258789,275.010009765625,56.0,0.0001
2019-03-08,3873.63,3932.0,3800.0,3864.89,34730.366592,25.989999771118164,16.049999237060547,274.4599914550781,54.0,0.0001
2019-03-09,3864.88,3971.75,3854.75,3943.04,30979.747653,25.989999771118164,16.049999237060547,274.4599914550781,55.0,0.0001
2019-03-10,3943.43,3943.43,3881.69,3916.82,23187.561412,25.989999771118164,16.049999237060547,274.4599914550781,55.0,0.0001
2019-03-11,3915.99,3936.98,3830.0,3871.61,38066.885705,25.93000030517578,14.329999923706055,278.44000244140625,56.0,0.0001
2019-03-12,3871.61,3905.2,3826.06,3882.73,26921.008622,25.8799991607666,13.770000457763672,279.489990234375,56.0,0.0001
2019-03-13,3882.69,3893.56,3840.0,3866.0,24461.008757,25.760000228881836,13.40999984741211,281.3399963378906,54.0,0.0001
2019-03-14,3866.0,3920.0,3810.43,3877.12,27048.74853,25.84000015258789,13.5,281.1600036621094,55.0,0.0001
2019-03-15,3877.12,3939.22,3872.2,3923.76,21740.061498,25.799999237060547,12.880000114440918,281.30999755859375,55.0,0.0001
2019-03-16,3924.46,4056.98,3921.98,4005.98,28568.376124,25.799999237060547,12.880000114440918,281.30999755859375,54.0,0.0001
2019-03-17,4005.98,4012.0,3950.01,3981.14,18814.255577,25.799999237060547,12.880000114440918,281.30999755859375,58.0,0.0001
2019-03-18,3981.85,4037.0,3953.33,3987.81,22454.47801,25.770000457763672,13.100000381469727,282.3299865722656,56.0,0.0001
2019-03-19,3987.83,4031.0,3970.0,4015.53,19893.741815,25.739999771118164,13.5600004196167,282.3999938964844,56.0,0.0001
2019-03-20,4017.48,4050.0,3980.5,4043.04,23432.300255,25.59000015258789,13.90999984741211,281.54998779296875,55.0,0.0001
2019-03-21,4043.04,4069.32,3880.01,3980.64,35997.682119,25.75,13.630000114440918,284.7300109863281,62.0,0.0001
2019-03-22,3980.85,4008.0,3968.25,3986.93,20022.606318,25.799999237060547,16.479999542236328,279.25,56.0,0.0001
2019-03-23,3987.89,4018.83,3978.01,4006.01,17302.604318,25.799999237060547,16.479999542236328,279.25,50.0,0.0001
2019-03-24,4006.01,4006.02,3950.0,3992.18,17179.850648,25.799999237060547,16.479999542236328,279.25,44.0,0.0001
2019-03-25,3991.35,3999.3,3888.71,3936.12,33192.890217,25.799999237060547,16.329999923706055,279.0400085449219,46.0,0.0001
2019-03-26,3935.47,3958.98,3894.0,3948.55,29349.537627,25.8799991607666,14.680000305175781,281.1199951171875,43.0,0.0001
2019-03-27,3948.77,4048.0,3936.15,4038.05,32364.555852,25.90999984741211,15.149999618530273,279.6499938964844,44.0,0.0001
2019-03-28,4039.58,4039.7,4002.0,4027.81,20089.293875,26.0,14.430000305175781,280.7099914550781,49.0,0.0001
2019-03-29,4028.22,4123.71,4024.03,4103.25,30084.217444,26.030000686645508,13.710000038146973,282.4800109863281,50.0,0.0001
2019-03-30,4104.24,4140.0,4052.0,4106.97,19509.292601,26.030000686645508,13.710000038146973,282.4800109863281,57.0,0.0001
2019-03-31,4106.99,4116.12,4082.57,4103.95,13525.087433,26.030000686645508,13.710000038146973,282.4800109863281,56.0,0.0001
2019-04-01,4102.44,4158.7,4067.0,4144.56,25507.067641,26.010000228881836,13.399999618530273,285.8299865722656,62.0,0.0001
2019-04-02,4144.54,4897.99,4140.54,4857.29,105383.639263,26.040000915527344,13.359999656677246,285.9700012207031,60.0,0.0001
2019-04-03,4857.19,5275.01,4753.5,4932.6,109890.125743,26.0,13.739999771118164,286.4200134277344,71.0,0.0001
2019-04-04,4932.59,5039.08,4777.0,4898.66,61054.254168,26.030000686645508,13.579999923706055,287.17999267578125,61.0,0.0001
2019-04-05,4898.64,5028.22,4880.62,5004.95,39768.552806,26.059999465942383,12.819999694824219,288.57000732421875,59.0,0.0001
2019-04-06,5004.96,5205.0,4928.59,5043.89,41770.842313,26.059999465942383,12.819999694824219,288.57000732421875,65.0,0.0001
2019-04-07,5042.07,5234.0,5026.0,5170.27,37615.486804,26.059999465942383,12.819999694824219,288.57000732421875,69.0,0.0001
2019-04-08,5170.27,5305.0,5039.0,5236.9,50178.430782,25.969999313354492,13.180000305175781,288.7900085449219,65.0,0.0001
2019-04-09,5238.38,5238.4,5076.68,5150.0,34067.012311,25.979999542236328,14.279999732971191,287.30999755859375,64.0,0.0001
2019-04-10,5150.0,5422.0,5135.0,5308.25,40073.620471,25.940000534057617,13.300000190734863,288.2900085449219,62.0,0.0001
2019-04-11,5307.86,5332.67,4927.0,5017.37,54696.600686,26.020000457763672,13.020000457763672,288.2099914550781,65.0,0.0001
2019-04-12,5017.37,5080.58,4861.22,5048.01,33276.678614,25.959999084472656,12.010000228881836,290.1600036621094,42.0,0.0001
2019-04-13,5047.0,5099.0,5004.0,5045.22,17292.456802,25.959999084472656,12.010000228881836,290.1600036621094,62.0,0.0001
2019-04-14,5047.45,5152.99,5000.0,5131.3,18281.607739,25.959999084472656,12.010000228881836,290.1600036621094,51.0,0.0001
2019-04-15,5131.28,5167.38,4950.0,5024.95,29057.191581,25.950000762939453,12.319999694824219,289.9700012207031,60.0,0.0001
2019-04-16,5024.95,5197.72,5003.94,5173.72,24242.229493,26.010000228881836,12.180000305175781,290.1600036621094,50.0,0.0001
2019-04-17,5173.72,5230.4,5146.8,5202.82,23307.536134,25.989999771118164,12.600000381469727,289.45001220703125,61.0,0.0001
2019-04-18,5202.41,5287.0,5198.8,5258.44,22619.239001,26.1299991607666,12.09000015258789,290.0199890136719,64.0,0.0001
2019-04-19,5258.44,5320.0,5175.0,5258.68,24611.236323,26.1299991607666,12.09000015258789,290.0199890136719,61.0,0.0001
2019-04-20,5258.68,5333.42,5230.1,5291.73,19168.908274,26.1299991607666,12.09000015258789,290.0199890136719,62.0,0.0001
2019-04-21,5292.91,5314.35,5165.0,5256.14,25549.570939,26.1299991607666,12.09000015258789,290.0199890136719,62.0,0.0001
2019-04-22,5257.41,5400.0,5208.35,5357.14,29563.852309,26.06999969482422,12.420000076293945,290.2699890136719,61.0,0.0001
2019-04-23,5357.14,5600.0,5332.41,5493.31,41262.103917,26.15999984741211,12.279999732971191,292.8800048828125,68.0,0.0001
2019-04-24,5490.91,5582.2,5333.35,5415.0,48224.152413,26.290000915527344,13.140000343322754,292.2300109863281,65.0,0.0001
2019-04-25,5415.0,5491.84,5102.0,5219.9,49636.089948,26.34000015258789,13.25,292.04998779296875,58.0,0.0001
2019-04-26,5220.47,5510.0,5161.62,5314.1,48912.294513,26.309999465942383,12.729999542236328,293.4100036621094,41.0,0.0001
2019-04-27,5315.0,5342.5,5257.67,5295.69,15422.896935,26.309999465942383,12.729999542236328,293.4100036621094,42.0,0.0001
2019-04-28,5295.69,5340.0,5259.48,5307.52,14371.433869,26.309999465942383,12.729999542236328,293.4100036621094,40.0,0.0001
2019-04-29,5309.81,5332.0,5178.8,5238.14,19918.135079,26.25,13.109999656677246,293.8699951171875,42.0,0.0001
2019-04-30,5238.14,5339.98,5192.15,5320.81,22238.06823,26.170000076293945,13.119999885559082,294.0199890136719,42.0,0.0001
2019-05-01,5321.94,5402.0,5316.2,5383.2,17217.473216,26.200000762939453,14.800000190734863,291.80999755859375,51.0,0.0001
2019-05-02,5383.2,5538.0,5370.0,5492.87,22795.787835,26.260000228881836,14.420000076293945,291.17999267578125,50.0,0.0001
2019-05-03,5494.81,5844.0,5477.57,5772.69,46297.172849,26.15999984741211,12.869999885559082,294.0299987792969,63.0,0.0001
2019-05-04,5770.62,5900.0,5587.45,5829.45,39682.408991,26.15999984741211,12.869999885559082,294.0299987792969,66.0,0.0001
2019-05-05,5829.83,5839.9,5696.0,5775.62,23822.543775,26.15999984741211,12.869999885559082,294.0299987792969,67.0,0.0001
2019-05-06,5773.18,5805.0,5619.14,5747.79,25256.596325,26.18000030517578,15.4399995803833,292.82000732421875,57.0,0.0001
2019-05-07,5749.92,6028.41,5747.74,5846.34,39905.064422,26.200000762939453,19.31999969482422,287.92999267578125,69.0,0.0001
2019-05-08,5846.34,6014.72,5772.2,5987.29,23074.186907,26.209999084472656,19.399999618530273,287.5299987792969,63.0,0.0001
2019-05-09,5986.66,6224.55,5983.71,6209.18,27453.011436,26.15999984741211,19.100000381469727,286.6600036621094,69.0,0.0001
2019-05-10,6209.95,6468.92,6172.0,6373.33,36623.61079,26.149999618530273,16.040000915527344,288.1000061035156,71.0,0.0001
2019-05-11,6375.16,7343.99,6372.85,7076.22,74022.424393,26.149999618530273,16.040000915527344,288.1000061035156,76.0,0.0001
2019-05-12,7076.24,7521.78,6750.0,6967.31,86948.975339,26.149999618530273,16.040000915527344,288.1000061035156,75.0,0.0001
2019-05-13,6968.24,8100.0,6870.0,7790.71,85804.735333,26.149999618530273,20.549999237060547,280.8599853515625,78.0,0.0001
2019-05-14,7795.62,8366.0,7599.56,7947.56,76583.722603,26.209999084472656,18.059999465942383,283.3999938964844,78.0,0.0001
2019-05-15,7945.26,8249.0,7850.0,8169.87,37884.327211,26.219999313354492,16.440000534057617,285.05999755859375,77.0,0.0001
2019-05-16,8169.08,8320.0,7705.0,7866.59,69630.513996,26.290000915527344,15.289999961853027,287.70001220703125,75.0,0.0001
2019-05-17,7868.67,7925.0,6913.0,7355.26,88752.008159,26.350000381469727,15.960000038146973,285.8399963378906,65.0,0.0001
2019-05-18,7355.28,7458.0,7156.61,7257.45,37054.944779,26.350000381469727,15.960000038146973,285.8399963378906,67.0,0.0001
2019-05-19,7257.32,8275.09,7243.08,8148.48,65577.442058,26.350000381469727,15.960000038146973,285.8399963378906,70.0,0.0001
2019-05-20,8147.94,8156.03,7553.0,7938.15,65859.208564,26.329999923706055,16.309999465942383,283.95001220703125,73.0,0.0001
2019-05-21,7937.16,8042.32,7771.0,7904.87,52301.752247,26.3700008392334,14.949999809265137,286.510009765625,68.0,0.0001
2019-05-22,7904.48,8016.0,7465.0,7628.43,49136.994589,26.389999389648438,14.75,285.6300048828125,69.0,0.0001
2019-05-23,7627.8,7940.98,7461.0,7851.51,49648.184701,26.34000015258789,16.920000076293945,282.1400146484375,65.0,0.0001
2019-05-24,7849.95,8130.0,7766.0,7964.87,46664.785325,26.25,15.850000381469727,282.7799987792969,64.0,0.0001
2019-05-25,7964.52,8091.8,7908.34,8025.41,28414.328817,26.25,15.850000381469727,282.7799987792969,69.0,0.0001
2019-05-26,8023.0,8740.0,7833.42,8614.43,49652.144567,26.25,15.850000381469727,282.7799987792969,67.0,0.0001
2019-05-27,8612.54,8908.32,8589.0,8756.32,51886.768793,26.25,15.850000381469727,282.7799987792969,70.0,0.0001
2019-05-28,8752.52,8798.49,8510.63,8715.64,31470.551534,26.360000610351562,17.5,280.1499938964844,71.0,0.0001
2019-05-29,8716.87,8750.0,8406.6,8645.68,33880.865922,26.420000076293945,17.899999618530273,278.2699890136719,71.0,0.0001
2019-05-30,8646.5,9074.26,8005.0,8269.54,70379.998521,26.43000030517578,17.299999237060547,279.0299987792969,73.0,0.0001
2019-05-31,8267.1,8594.0,8108.5,8555.0,44727.49162,26.31999969482422,18.709999084472656,275.2699890136719,61.0,0.0001
2019-06-01,8555.0,8626.0,8442.36,8544.07,31868.234157,26.31999969482422,18.709999084472656,275.2699890136719,62.0,0.0001
2019-06-02,8545.1,8814.78,8524.0,8725.98,27835.133265,26.31999969482422,18.709999084472656,275.2699890136719,63.0,0.0001
2019-06-03,8726.0,8800.95,8080.8,8115.82,45692.965104,26.18000030517578,18.860000610351562,274.57000732421875,66.0,0.0001
2019-06-04,8115.66,8115.66,7481.02,7687.03,74143.948941,26.149999618530273,16.969999313354492,280.5299987792969,42.0,0.0001
2019-06-05,7687.04,7896.7,7572.78,7776.5,48679.656455,26.239999771118164,16.09000015258789,282.9599914550781,27.0,0.0001
2019-06-06,7778.08,7868.13,7444.58,7786.7,36624.118747,26.149999618530273,15.930000305175781,284.79998779296875,34.0,0.0001
2019-06-07,7787.57,8100.0,7737.49,7980.53,33942.225658,26.040000915527344,16.299999237060547,287.6499938964844,27.0,0.0001
2019-06-08,7978.94,8044.65,7751.0,7893.62,22657.329634,26.040000915527344,16.299999237060547,287.6499938964844,62.0,0.0001
2019-06-09,7895.28,7935.0,7506.66,7628.13,31568.465157,26.040000915527344,16.299999237060547,287.6499938964844,62.0,0.0001
2019-06-10,7627.57,8020.0,7511.0,7982.75,36756.078468,26.06999969482422,15.9399995803833,288.9700012207031,46.0,0.0001
2019-06-11,7981.0,8010.0,7692.23,7884.9,30334.999427,26.079999923706055,15.989999771118164,288.8999938964844,61.0,0.0001
2019-06-12,7884.9,8200.0,7788.99,8127.64,41597.082622,26.149999618530273,15.90999984741211,288.3900146484375,60.0,0.0001
2019-06-13,8127.64,8309.82,8010.03,8218.54,30467.764341,26.170000076293945,15.819999694824219,289.5799865722656,63.0,0.0001
2019-06-14,8216.44,8684.41,8144.32,8650.0,39835.246255,26.309999465942383,15.279999732971191,289.260009765625,67.0,0.0001
2019-06-15,8650.88,8864.99,8567.63,8808.7,31791.636039,26.309999465942383,15.279999732971191,289.260009765625,75.0,0.0001
2019-06-16,8810.77,9333.0,8760.0,8953.33,63289.251219,26.309999465942383,15.279999732971191,289.260009765625,80.0,0.0001
2019-06-17,8953.0,9444.0,8950.0,9313.96,47895.485374,26.31999969482422,15.350000381469727,289.3699951171875,84.0,0.0001
2019-06-18,9312.13,9336.36,8950.0,9081.55,51554.569401,26.360000610351562,15.149999618530273,292.3999938964844,83.0,0.0001
2019-06-19,9081.97,9304.0,8960.0,9255.49,32147.706495,26.239999771118164,14.329999923706055,293.05999755859375,82.0,0.0001
2019-06-20,9253.76,9590.0,9175.2,9517.12,34556.053982,26.079999923706055,14.75,295.8599853515625,81.0,0.0001
2019-06-21,9518.06,10174.99,9518.06,10159.86,50484.415892,25.950000762939453,15.399999618530273,294.0,84.0,0.0001
2019-06-22,10159.86,11160.0,9921.72,10729.5,104169.447976,25.950000762939453,15.399999618530273,294.0,83.0,0.0001
2019-06-23,10729.0,11392.64,10555.18,10906.07,57445.323945,25.950000762939453,15.399999618530273,294.0,84.0,0.0001
2019-06-24,10905.95,11143.63,10620.8,11056.59,43101.045285,25.90999984741211,15.260000228881836,293.6400146484375,80.0,0.0001
2019-06-25,11056.59,11850.0,11026.0,11820.86,61276.686648,25.969999313354492,16.280000686645508,290.760009765625,87.0,0.0001
2019-06-26,11821.28,13970.0,11741.0,13093.8,155930.147386,25.989999771118164,16.209999084472656,290.4700012207031,95.0,0.0001
2019-06-27,13098.38,13478.04,10525.1,11329.99,173894.820889,25.989999771118164,15.819999694824219,291.5,92.0,0.0001
2019-06-28,11329.99,12480.0,10982.88,12400.63,95795.203964,25.969999313354492,15.079999923706055,293.0,62.0,0.0001
2019-06-29,12407.06,12441.54,11475.02,11903.13,69642.074157,25.969999313354492,15.079999923706055,293.0,74.0,0.0001
2019-06-30,11903.13,12180.0,10766.03,10854.1,84512.530443,25.969999313354492,15.079999923706055,293.0,78.0,0.0001
2019-07-01,10854.1,11282.28,10030.0,10624.93,90962.268271,26.15999984741211,14.0600004196167,295.6600036621094,65.0,0.0001
2019-07-02,10624.9,10938.75,9727.0,10842.85,109561.038728,26.139999389648438,12.930000305175781,296.42999267578125,63.0,0.0001
2019-07-03,10844.98,11991.89,10841.04,11940.0,96815.90029,26.139999389648438,12.569999694824219,298.79998779296875,79.0,0.0001
2019-07-04,11940.0,12000.0,11055.0,11145.67,66512.221892,26.139999389648438,12.569999694824219,298.79998779296875,76.0,0.0001
2019-07-05,11145.67,11406.83,10796.44,10970.73,63534.350582,26.280000686645508,13.279999732971191,298.4599914550781,67.0,0.0001
2019-07-06,10982.41,11665.0,10964.51,11256.49,51469.496331,26.280000686645508,13.279999732971191,298.4599914550781,72.0,0.0001
2019-07-07,11256.45,11538.0,11094.37,11406.24,38884.795599,26.280000686645508,13.279999732971191,298.4599914550781,67.0,0.0001
2019-07-08,11410.0,12338.03,11220.0,12238.6,52182.367215,26.329999923706055,13.960000038146973,296.82000732421875,74.0,0.0001
2019-07-09,12238.6,12794.73,12068.0,12543.41,78442.130343,26.350000381469727,14.09000015258789,297.19000244140625,84.0,0.0001
2019-07-10,12548.51,13147.08,11569.0,12108.37,109246.044997,26.239999771118164,13.029999732971191,298.6099853515625,83.0,0.0001
2019-07-11,12108.11,12111.73,11000.0,11342.89,87506.461058,26.239999771118164,12.930000305175781,299.30999755859375,62.0,0.0001
2019-07-12,11342.88,11885.0,11073.0,11757.22,56321.858281,26.190000534057617,12.390000343322754,300.6499938964844,33.0,0.0001
2019-07-13,11757.22,11799.98,10830.0,11355.76,54245.594548,26.190000534057617,12.390000343322754,300.6499938964844,65.0,0.0001
2019-07-14,11355.78,11452.0,10103.0,10174.18,72517.579236,26.190000534057617,12.390000343322754,300.6499938964844,61.0,0.0001
2019-07-15,10174.18,11100.0,9860.0,10838.72,81922.426332,26.229999542236328,12.680000305175781,300.75,16.0,0.0001
2019-07-16,10833.78,11028.0,9350.01,9439.59,97219.443413,26.350000381469727,12.859999656677246,299.7799987792969,34.0,0.0001
2019-07-17,9430.17,9957.0,9060.0,9667.92,84942.672717,26.299999237060547,13.970000267028809,297.739990234375,19.0,0.0001
2019-07-18,9668.86,10788.0,9252.0,10627.16,80283.310252,26.15999984741211,13.529999732971191,298.8299865722656,40.0,0.0001
2019-07-19,10628.64,10769.71,10121.84,10504.29,56546.932133,26.290000915527344,14.449999809265137,297.1700134277344,42.0,0.0001
2019-07-20,10505.78,11068.99,10350.0,10740.23,47331.899848,26.290000915527344,14.449999809265137,297.1700134277344,34.0,0.0001
2019-07-21,10740.27,10817.9,10288.0,10589.45,38834.287935,26.290000915527344,14.449999809265137,297.1700134277344,42.0,0.0001
2019-07-22,10590.15,10683.16,10100.0,10340.31,40467.954839,26.34000015258789,13.529999732971191,297.8999938964844,42.0,0.0001
2019-07-23,10343.08,10343.97,9822.0,9864.91,47624.37071,26.459999084472656,12.609999656677246,300.0299987792969,40.0,0.0001
2019-07-24,9864.78,9937.0,9525.0,9763.28,43475.380377,26.459999084472656,12.069999694824219,301.44000244140625,20.0,0.0001
2019-07-25,9763.4,10175.0,9720.03,9879.87,37873.354728,26.510000228881836,12.739999771118164,300.0,42.0,0.0001
2019-07-26,9882.15,9889.98,9637.0,9824.0,27167.463217,26.549999237060547,12.15999984741211,302.010009765625,24.0,0.0001
2019-07-27,9824.0,10188.66,9333.0,9476.52,43809.778301,26.549999237060547,12.15999984741211,302.010009765625,47.0,0.0001
2019-07-28,9478.92,9594.99,9165.0,9541.54,29401.022937,26.549999237060547,12.15999984741211,302.010009765625,16.0,0.0001
2019-07-29,9541.54,9729.0,9395.0,9507.64,29021.937411,26.56999969482422,12.829999923706055,301.4599914550781,19.0,0.0001
2019-07-30,9509.07,9714.28,9402.0,9574.21,32536.368834,26.56999969482422,13.9399995803833,300.7200012207031,22.0,0.0001
2019-07-31,9575.0,10109.8,9555.0,10080.53,39515.35456,26.729999542236328,16.1200008392334,297.42999267578125,31.0,0.0001
2019-08-01,10080.53,10467.86,9863.46,10374.99,41727.637028,26.649999618530273,17.8700008392334,294.8399963378906,57.0,0.0001
2019-08-02,10375.0,10670.0,10281.35,10523.75,42990.444221,26.59000015258789,17.610000610351562,292.6199951171875,61.0,0.0001
2019-08-03,10523.75,10904.77,10497.93,10816.86,33802.318824,26.59000015258789,17.610000610351562,292.6199951171875,61.0,0.0001
2019-08-04,10816.86,11040.0,10552.0,10929.23,39924.745141,26.59000015258789,17.610000610351562,292.6199951171875,62.0,0.0001
2019-08-05,10929.99,11937.52,10927.8,11828.8,65153.673713,26.459999084472656,24.59000015258789,283.82000732421875,64.0,0.0001
2019-08-06,11830.0,12330.7,11226.7,11481.69,76705.389875,26.489999771118164,20.170000076293945,287.79998779296875,66.0,0.0001
2019-08-07,11481.69,12141.17,11382.84,11975.03,69173.390353,26.469999313354492,19.489999771118164,287.9700012207031,45.0,0.0001
2019-08-08,11975.04,12060.0,11521.0,11999.77,51207.257174,26.489999771118164,16.90999984741211,293.6199951171875,61.0,0.0001
2019-08-09,11994.17,12045.68,11700.0,11879.99,39427.152588,26.459999084472656,17.969999313354492,291.6199951171875,60.0,0.0001
2019-08-10,11879.98,11985.0,11270.0,11309.31,42633.087048,26.459999084472656,17.969999313354492,291.6199951171875,59.0,0.0001
2019-08-11,11309.24,11600.0,11112.11,11549.97,26772.90691,26.459999084472656,17.969999313354492,291.6199951171875,45.0,0.0001
2019-08-12,11539.08,11577.89,11235.32,11396.08,17568.227075,26.440000534057617,21.09000015258789,288.07000732421875,48.0,0.0001
2019-08-13,11398.35,11456.16,10788.45,10892.71,33234.72968,26.559999465942383,17.520000457763672,292.54998779296875,45.0,0.0001
2019-08-14,10893.36,10897.48,9928.1,10050.37,54451.847499,26.6200008392334,22.100000381469727,283.8999938964844,11.0,0.0001
2019-08-15,10055.16,10460.0,9911.0,10293.93,38174.45112,26.639999389648438,21.18000030517578,284.6499938964844,13.0,0.0001
2019-08-16,10296.77,10536.03,9750.0,10331.54,51758.142918,26.65999984741211,18.469999313354492,288.8500061035156,31.0,0.0001
2019-08-17,10331.15,10465.14,10000.0,10216.02,29000.581201,26.65999984741211,18.469999313354492,288.8500061035156,20.0,0.0001
2019-08-18,10216.05,10500.0,10080.0,10306.78,24085.395172,26.65999984741211,18.469999313354492,288.8500061035156,14.0,0.0001
2019-08-19,10306.17,10930.0,10258.6,10915.54,37243.319217,26.719999313354492,16.8799991607666,292.3299865722656,30.0,0.0001
2019-08-20,10914.73,10949.96,10560.0,10760.51,32298.921679,26.65999984741211,17.5,290.0899963378906,39.0,0.0001
2019-08-21,10760.51,10804.13,9858.0,10142.57,47355.719282,26.690000534057617,15.800000190734863,292.45001220703125,11.0,0.0001
2019-08-22,10140.82,10242.0,9762.0,10099.88,34059.642738,26.670000076293945,16.68000030517578,292.3599853515625,5.0,0.0001
2019-08-23,10099.9,10445.0,10019.79,10389.55,27550.336173,26.520000457763672,19.8700008392334,284.8500061035156,33.0,0.0001
2019-08-24,10388.16,10419.42,9890.0,10134.35,27692.456844,26.520000457763672,19.8700008392334,284.8500061035156,39.0,0.0001
2019-08-25,10134.61,10333.0,9906.97,10142.69,26271.657398,26.520000457763672,19.8700008392334,284.8500061035156,33.0,0.0001
2019-08-26,10142.69,10604.0,10137.93,10372.25,41687.511599,26.65999984741211,19.31999969482422,288.0,41.0,0.0001
2019-08-27,10373.6,10391.08,10051.08,10185.05,28402.775383,26.639999389648438,20.309999465942383,286.8699951171875,30.0,0.0001
2019-08-28,10185.69,10299.0,9601.01,9721.0,42110.555375,26.700000762939453,19.350000381469727,288.8900146484375,32.0,0.0001
2019-08-29,9721.0,9724.0,9320.0,9498.44,35532.69491,26.770000457763672,17.8799991607666,292.5799865722656,20.0,0.0001
2019-08-30,9499.01,9696.0,9350.41,9584.54,26834.318104,26.8700008392334,18.979999542236328,292.45001220703125,24.0,0.0001
2019-08-31,9582.76,9684.51,9420.75,9587.47,17130.290074,26.8700008392334,18.979999542236328,292.45001220703125,20.0,0.0001
2019-09-01,9588.74,9830.0,9520.0,9724.98,19545.404843,26.8700008392334,18.979999542236328,292.45001220703125,24.0,0.0001
2019-09-02,9723.59,10450.0,9712.5,10340.0,44740.248093,26.8700008392334,18.979999542236328,292.45001220703125,28.0,0.0001
2019-09-03,10340.0,10773.0,10272.0,10615.28,47998.376781,26.93000030517578,19.65999984741211,290.739990234375,41.0,0.0001
2019-09-04,10611.85,10799.0,10369.89,10567.02,43943.889026,26.760000228881836,17.329999923706055,294.0400085449219,43.0,0.0001
2019-09-05,10565.92,10900.0,10450.0,10564.49,33970.960639,26.770000457763672,16.270000457763672,297.82000732421875,41.0,0.0001
2019-09-06,10563.13,10905.87,10150.0,10298.73,58799.640959,26.780000686645508,15.0,298.04998779296875,43.0,0.0001
2019-09-07,10298.71,10558.0,10288.57,10455.88,27637.877392,26.780000686645508,15.0,298.04998779296875,39.0,0.0001
2019-09-08,10455.9,10592.5,10208.0,10381.18,23984.672018,26.780000686645508,15.0,298.04998779296875,43.0,0.0001
2019-09-09,10381.24,10480.0,10068.5,10303.12,39835.727608,26.729999542236328,15.270000457763672,298.20001220703125,41.0,0.0001
2019-09-10,10302.58,10384.99,9953.0,10098.15,28915.412225,26.760000228881836,15.199999809265137,298.1300048828125,41.0,0.0001
2019-09-11,10098.19,10293.0,9880.0,10158.33,31953.824562,26.84000015258789,14.609999656677246,300.25,38.0,0.0001
2019-09-12,10158.75,10448.81,10040.0,10415.01,34511.162755,26.760000228881836,14.220000267028809,301.2900085449219,39.0,0.0001
2019-09-13,10415.01,10439.0,10153.0,10342.06,30280.339776,26.719999313354492,13.739999771118164,301.0899963378906,38.0,0.0001
2019-09-14,10344.13,10419.99,10222.33,10335.02,23621.533519,26.719999313354492,13.739999771118164,301.0899963378906,39.0,0.0001
2019-09-15,10332.81,10360.0,10252.15,10302.01,18047.654013,26.719999313354492,13.739999771118164,301.0899963378906,38.0,0.0001
2019-09-16,10303.34,10355.0,10078.0,10251.31,28971.401657,26.84000015258789,14.670000076293945,300.1600036621094,38.0,0.0001
2019-09-17,10249.68,10275.0,10128.01,10187.82,22914.324563,26.719999313354492,14.4399995803833,300.9200134277344,41.0,0.0001
2019-09-18,10187.48,10258.02,10100.0,10156.99,24250.249303,26.81999969482422,13.949999809265137,301.1000061035156,38.0,0.0001
2019-09-19,10156.41,10325.0,9653.0,10244.29,44826.282579,26.760000228881836,14.050000190734863,301.0799865722656,31.0,0.0001
2019-09-20,10243.7,10281.0,10061.39,10168.59,25088.491069,26.829999923706055,15.319999694824219,298.2799987792969,41.0,0.0001
2019-09-21,10167.92,10176.7,9900.0,9986.39,20544.175196,26.829999923706055,15.319999694824219,298.2799987792969,37.0,0.0001
2019-09-22,9985.15,10089.0,9853.97,10028.87,22049.275256,26.829999923706055,15.319999694824219,298.2799987792969,37.0,0.0001
2019-09-23,10028.05,10049.99,9615.77,9702.25,31937.232356,26.8700008392334,14.90999984741211,298.2099914550781,41.0,0.0001
2019-09-24,9702.2,9794.99,7800.0,8493.14,94007.345203,26.770000457763672,17.049999237060547,295.8699951171875,39.0,0.0001
2019-09-25,8497.55,8730.0,8215.64,8430.05,60783.892258,26.979999542236328,15.960000038146973,297.6199951171875,15.0,0.0001
2019-09-26,8430.05,8465.99,7750.0,8063.73,67930.853749,27.049999237060547,16.06999969482422,297.0,12.0,0.0001
2019-09-27,8063.49,8265.0,7852.15,8177.91,43882.924625,27.010000228881836,17.219999313354492,295.3999938964844,24.0,0.0001
2019-09-28,8177.47,8315.0,8001.09,8198.81,34473.605165,27.010000228881836,17.219999313354492,295.3999938964844,32.0,0.0001
2019-09-29,8199.38,8229.13,7890.0,8043.82,31544.211388,27.010000228881836,17.219999313354492,295.3999938964844,33.0,0.0001
2019-09-30,8043.04,8337.26,7710.0,8289.34,55865.48726,27.100000381469727,16.239999771118164,296.7699890136719,27.0,0.0001
2019-10-01,8289.97,8500.0,8173.05,8292.44,43479.58742,27.010000228881836,18.559999465942383,293.239990234375,38.0,0.0001
2019-10-02,8292.67,8373.91,8151.22,8359.94,26243.386644,26.989999771118164,20.559999465942383,288.05999755859375,39.0,-0.00010819333333333333
2019-10-03,8360.0,8393.0,8060.0,8223.96,30488.284058,26.979999542236328,19.1200008392334,290.4200134277344,37.0,-9.698666666666668e-05
2019-10-04,8224.43,8232.41,8005.0,8137.13,26476.330404,26.959999084472656,17.040000915527344,294.3500061035156,30.0,-3.7333333333332974e-07
2019-10-05,8137.09,8183.41,8012.98,8126.19,21907.615564,26.959999084472656,17.040000915527344,294.3500061035156,31.0,-0.0001652466666666667
2019-10-06,8127.55,8153.87,7785.0,7854.25,34676.104049,26.959999084472656,17.040000915527344,294.3500061035156,32.0,-3.995333333333333e-05
2019-10-07,7855.3,8299.92,7762.0,8190.09,52202.072297,27.010000228881836,17.860000610351562,293.0799865722656,27.0,-0.00016642666666666665
2019-10-08,8190.82,8325.0,8088.75,8168.39,35452.657423,27.049999237060547,20.280000686645508,288.5299987792969,39.0,0.0001
2019-10-09,8170.79,8670.0,8115.0,8560.74,55038.704378,27.030000686645508,18.639999389648438,291.2699890136719,37.0,0.0001
2019-10-10,8562.15,8644.0,8414.52,8558.03,39137.946167,26.920000076293945,17.56999969482422,293.239990234375,41.0,0.0001
2019-10-11,8557.82,8779.51,8212.38,8258.5,50405.284418,26.81999969482422,15.579999923706055,296.2799987792969,39.0,0.0001
2019-10-12,8257.95,8400.0,8250.0,8300.09,21339.334098,26.81999969482422,15.579999923706055,296.2799987792969,38.0,0.0001
2019-10-13,8301.98,8451.37,8160.0,8275.01,27840.739953,26.81999969482422,15.579999923706055,296.2799987792969,38.0,0.0001
2019-10-14,8275.24,8388.85,8203.0,8348.2,29810.663253,26.899999618530273,14.569999694824219,295.95001220703125,37.0,0.0001
2019-10-15,8346.86,8403.0,8090.0,8159.29,32773.062476,26.81999969482422,13.539999961853027,298.8800048828125,39.0,0.0001
2019-10-16,8159.3,8181.16,7917.0,7991.74,34733.593966,26.75,13.680000305175781,298.3999938964844,40.0,0.0001
2019-10-17,7995.02,8124.92,7929.03,8070.58,29656.949158,26.649999618530273,13.789999961853027,299.2799987792969,40.0,0.0001
2019-10-18,8070.71,8115.0,7816.01,7947.01,31353.181416,26.549999237060547,14.25,297.9700012207031,40.0,0.0001
2019-10-19,7946.89,8098.1,7866.92,7948.01,26627.889388,26.549999237060547,14.25,297.9700012207031,41.0,0.0001
2019-10-20,7949.87,8297.0,7870.0,8223.35,34286.452654,26.549999237060547,14.25,297.9700012207031,37.0,0.0001
2019-10-21,8223.35,8333.0,8142.03,8197.27,30448.679539,26.56999969482422,14.0,299.989990234375,37.0,0.0001
2019-10-22,8197.28,8297.99,8000.0,8020.0,34651.828663,26.6299991607666,14.460000038146973,299.010009765625,39.0,0.0001
2019-10-23,8020.06,8047.59,7300.0,7466.62,63897.457098,26.6200008392334,14.010000228881836,299.8800048828125,33.0,0.0001
2019-10-24,7468.47,7503.68,7337.99,7412.41,32714.383265,26.700000762939453,13.710000038146973,300.3699951171875,20.0,5.201666666666667e-05
2019-10-25,7412.41,8799.0,7361.0,8655.02,90748.218174,26.729999542236328,12.649999618530273,301.6000061035156,24.0,1.763666666666667e-05
2019-10-26,8655.88,10370.0,8470.38,9230.0,162588.585413,26.729999542236328,12.649999618530273,301.6000061035156,53.0,0.00018194333333333332
2019-10-27,9230.0,9794.98,9074.34,9529.93,93833.541604,26.729999542236328,12.649999618530273,301.6000061035156,50.0,0.00012853666666666667
2019-10-28,9528.23,9902.1,9160.0,9205.14,80174.217323,26.709999084472656,13.109999656677246,303.29998779296875,52.0,0.0005485300000000001
2019-10-29,9204.45,9550.0,9072.0,9407.62,64158.462446,26.700000762939453,13.199999809265137,303.2099914550781,54.0,0.00039043333333333335
2019-10-30,9407.62,9409.84,9001.01,9154.72,55241.786434,26.639999389648438,12.329999923706055,304.1400146484375,53.0,0.0003554533333333333
2019-10-31,9154.02,9405.0,8913.0,9140.85,54376.024902,26.59000015258789,13.220000267028809,303.3299865722656,50.0,0.00030943
2019-11-01,9140.86,9279.0,9030.0,9231.61,43594.814115,26.579999923706055,12.300000190734863,306.1400146484375,49.0,0.00024867
2019-11-02,9231.4,9373.74,9186.21,9289.52,28923.060828,26.579999923706055,12.300000190734863,306.1400146484375,51.0,0.0001
2019-11-03,9289.85,9362.57,9066.14,9194.71,27894.378279,26.579999923706055,12.300000190734863,306.1400146484375,56.0,0.0001
2019-11-04,9196.46,9513.68,9115.84,9393.35,45894.456277,26.68000030517578,12.829999923706055,307.3699951171875,49.0,0.00010023999999999999
2019-11-05,9392.4,9454.95,9175.76,9308.66,45935.873665,26.780000686645508,13.100000381469727,307.0299987792969,54.0,0.0001
2019-11-06,9307.73,9440.91,9250.01,9339.05,37336.170372,26.780000686645508,12.619999885559082,307.1000061035156,53.0,0.00011292333333333334
2019-11-07,9339.16,9375.0,9101.0,9216.2,39117.470853,26.84000015258789,12.729999542236328,308.17999267578125,54.0,0.00021519666666666663
2019-11-08,9214.0,9261.0,8696.0,8773.73,62107.289243,26.899999618530273,12.069999694824219,308.94000244140625,42.0,0.00010833333333333333
2019-11-09,8773.74,8880.0,8724.88,8809.41,29469.481405,26.899999618530273,12.069999694824219,308.94000244140625,38.0,0.0001
2019-11-10,8809.18,9147.19,8750.0,9039.47,34422.029797,26.899999618530273,12.069999694824219,308.94000244140625,39.0,0.0001
2019-11-11,9040.16,9072.32,8618.68,8733.27,44888.053545,26.860000610351562,12.6899995803833,308.3500061035156,40.0,0.0001
2019-11-12,8733.36,8888.0,8567.6,8821.94,40366.629471,26.899999618530273,12.680000305175781,309.0,39.0,0.0001
2019-11-13,8821.91,8844.99,8702.0,8777.12,26810.116918,26.889999389648438,13.0,309.1000061035156,38.0,-6.9633333333333325e-06
2019-11-14,8777.54,8800.0,8582.6,8646.68,33468.468961,26.8700008392334,13.050000190734863,309.54998779296875,41.0,0.0001
2019-11-15,8646.38,8790.0,8400.0,8471.73,46087.417751,26.809999465942383,12.050000190734863,311.7900085449219,38.0,0.0001
2019-11-16,8471.62,8543.0,8400.0,8491.02,20902.299752,26.809999465942383,12.050000190734863,311.7900085449219,41.0,0.0001
2019-11-17,8490.74,8635.0,8350.68,8502.4,27009.037082,26.809999465942383,12.050000190734863,311.7900085449219,38.0,0.0001
2019-11-18,8502.87,8503.52,8060.0,8187.17,43017.69094,26.760000228881836,12.460000038146973,312.0199890136719,38.0,0.0001
2019-11-19,8186.5,8218.63,8003.0,8133.64,43556.061025,26.790000915527344,12.859999656677246,311.92999267578125,32.0,0.0001
2019-11-20,8133.83,8264.29,8038.4,8098.01,32466.23098,26.790000915527344,12.779999732971191,310.7699890136719,32.0,0.0001
2019-11-21,8098.56,8134.73,7500.0,7627.74,58418.780261,26.829999923706055,13.130000114440918,310.2699890136719,30.0,0.0001
2019-11-22,7627.79,7750.0,6790.0,7268.23,126603.140259,26.90999984741211,12.34000015258789,310.9599914550781,20.0,-3.0629999999999996e-05
2019-11-23,7268.23,7344.48,7080.01,7311.57,50449.894755,26.90999984741211,12.34000015258789,310.9599914550781,23.0,-0.00020002666666666668
2019-11-24,7311.1,7330.39,6861.0,6903.28,67890.206483,26.90999984741211,12.34000015258789,310.9599914550781,21.0,3.2613333333333335e-05
2019-11-25,6900.23,7377.69,6515.0,7109.57,119645.735197,26.93000030517578,11.869999885559082,313.3699951171875,17.0,-1.3783333333333334e-05
2019-11-26,7109.99,7340.0,7017.48,7156.14,65722.39769,26.899999618530273,11.539999961853027,314.0799865722656,21.0,-0.00030499333333333336
2019-11-27,7154.75,7655.0,6840.0,7508.52,92452.87349,26.940000534057617,11.75,315.4800109863281,20.0,-7.947333333333332e-05
2019-11-28,7507.9,7643.0,7360.0,7419.49,56933.981109,26.940000534057617,11.75,315.4800109863281,32.0,0.0001
2019-11-29,7418.52,7850.0,7362.3,7739.68,60745.300873,26.90999984741211,12.619999885559082,314.30999755859375,31.0,0.0001
2019-11-30,7740.99,7810.0,7441.0,7541.89,46989.433619,26.90999984741211,12.619999885559082,314.30999755859375,38.0,6.024666666666667e-05
2019-12-01,7540.63,7541.85,7210.0,7390.89,60769.342313,26.90999984741211,12.619999885559082,314.30999755859375,25.0,0.0001
2019-12-02,7391.5,7420.56,7151.1,7294.28,46330.25604,26.799999237060547,14.90999984741211,311.6400146484375,28.0,7.240333333333334e-05
2019-12-03,7294.42,7400.0,7241.35,7292.71,33149.477487,26.770000457763672,15.960000038146973,309.54998779296875,28.0,3.098333333333333e-05
2019-12-04,7292.71,7750.0,7067.0,7194.32,83153.701586,26.739999771118164,14.800000190734863,311.4599914550781,24.0,-7.633333333333332e-06
2019-12-05,7194.59,7485.0,7150.0,7389.0,59306.678855,26.68000030517578,14.520000457763672,312.0199890136719,21.0,-1.804e-05
2019-12-06,7389.0,7590.03,7305.0,7527.47,48189.087944,26.780000686645508,13.619999885559082,314.8699951171875,29.0,6.715333333333333e-05
2019-12-07,7527.8,7619.62,7470.16,7488.21,31498.684173,26.780000686645508,13.619999885559082,314.8699951171875,32.0,7.936333333333334e-05
2019-12-08,7487.31,7564.0,7374.86,7510.11,29856.897631,26.780000686645508,13.619999885559082,314.8699951171875,28.0,0.0001
2019-12-09,7510.11,7650.0,7273.0,7338.64,46621.887493,26.75,15.859999656677246,313.8800048828125,32.0,0.0001
2019-12-10,7338.64,7407.6,7157.1,7224.13,49723.76214,26.719999313354492,15.680000305175781,313.5299987792969,26.0,0.0001
2019-12-11,7224.15,7275.5,7125.66,7210.0,30093.091944,26.6200008392334,14.989999771118164,314.4200134277344,20.0,2.79e-05
2019-12-12,7210.0,7295.0,7080.3,7198.08,42288.600932,26.65999984741211,13.9399995803833,317.1300048828125,23.0,-1.8933333333333334e-05
2019-12-13,7197.76,7309.05,7190.76,7258.48,27609.873795,26.65999984741211,12.630000114440918,317.32000732421875,22.0,-9.443333333333333e-05
2019-12-14,7257.37,7271.77,7012.0,7064.05,29561.985967,26.65999984741211,12.630000114440918,317.32000732421875,27.0,2.298e-05
2019-12-15,7064.14,7200.3,7008.35,7118.59,26395.778137,26.65999984741211,12.630000114440918,317.32000732421875,21.0,2.8063333333333336e-05
2019-12-16,7119.6,7150.0,6836.0,6891.72,43863.993059,26.610000610351562,12.140000343322754,319.5,24.0,-9.299666666666667e-05
2019-12-17,6891.44,6942.21,6560.0,6623.82,53865.069929,26.65999984741211,12.289999961853027,319.57000732421875,23.0,-6.547e-05
2019-12-18,6623.84,7440.0,6435.0,7277.83,95636.651251,26.709999084472656,12.579999923706055,319.5899963378906,15.0,-0.00017045000000000002
2019-12-19,7277.83,7380.0,7038.31,7150.3,55509.049075,26.709999084472656,12.5,320.8999938964844,21.0,0.0001
2019-12-20,7151.31,7220.0,7079.5,7187.83,32132.069205,26.799999237060547,12.510000228881836,320.7300109863281,23.0,2.2023333333333333e-05
2019-12-21,7188.01,7190.58,7105.0,7132.75,19467.174028,26.799999237060547,12.510000228881836,320.7300109863281,23.0,6.587666666666667e-05
2019-12-22,7131.59,7518.54,7122.47,7501.44,39137.45515,26.799999237060547,12.510000228881836,320.7300109863281,20.0,7.19e-05
2019-12-23,7500.71,7695.38,7265.84,7317.09,68051.997203,26.260000228881836,12.609999656677246,321.2200012207031,33.0,0.0001
2019-12-24,7317.3,7436.68,7157.04,7255.77,43629.494188,26.260000228881836,12.670000076293945,321.2300109863281,25.0,0.0001
2019-12-25,7255.77,7271.77,7128.86,7204.63,27492.044323,26.260000228881836,12.670000076293945,321.2300109863281,22.0,8.702333333333334e-05
2019-12-26,7205.01,7435.0,7157.12,7202.0,36259.761076,26.219999313354492,12.649999618530273,322.94000244140625,39.0,5.715333333333334e-05
2019-12-27,7202.0,7275.86,7076.42,7254.74,33642.701861,26.09000015258789,13.430000305175781,322.8599853515625,38.0,-3.951e-05
2019-12-28,7254.77,7365.01,7238.67,7316.14,26848.982199,26.09000015258789,13.430000305175781,322.8599853515625,37.0,-3.264e-05
2019-12-29,7315.36,7528.45,7288.0,7388.24,31387.106085,26.09000015258789,13.430000305175781,322.8599853515625,37.0,-7.325666666666666e-05
2019-12-30,7388.43,7408.24,7220.0,7246.0,29605.911782,26.040000915527344,14.819999694824219,321.0799865722656,40.0,-9.859333333333333e-05
2019-12-31,7246.0,7320.0,7145.01,7195.23,25954.453533,25.969999313354492,13.779999732971191,321.8599853515625,38.0,-3.839e-05
2020-01-01,7195.24,7255.0,7175.15,7200.85,16792.388165,25.969999313354492,13.779999732971191,321.8599853515625,37.0,-0.00011468666666666666
2020-01-02,7200.77,7212.5,6924.74,6965.71,31951.483932,26.059999465942383,12.470000267028809,324.8699951171875,39.0,4.588666666666667e-05
2020-01-03,6965.49,7405.0,6871.04,7344.96,68428.500451,26.09000015258789,14.020000457763672,322.4100036621094,38.0,2.2610000000000002e-05
2020-01-04,7345.0,7404.0,7272.21,7354.11,29987.974977,26.09000015258789,14.020000457763672,322.4100036621094,38.0,5.823666666666667e-05
2020-01-05,7354.19,7495.0,7318.0,7358.75,38331.085604,26.09000015258789,14.020000457763672,322.4100036621094,39.0,0.0001
2020-01-06,7357.64,7795.34,7346.76,7758.0,54635.695316,26.030000686645508,13.850000381469727,323.6400146484375,41.0,0.0001
2020-01-07,7758.9,8207.68,7723.71,8145.28,91171.684661,26.1200008392334,13.789999961853027,322.7300109863281,40.0,0.0001
2020-01-08,8145.92,8455.0,7870.0,8055.98,112622.64264,26.190000534057617,13.449999809265137,324.45001220703125,51.0,0.00010838
2020-01-09,8054.72,8055.96,7750.0,7817.76,64239.51983,26.239999771118164,12.539999961853027,326.6499938964844,44.0,0.0001
2020-01-10,7817.74,8199.0,7672.0,8197.02,82406.777448,26.219999313354492,12.5600004196167,325.7099914550781,41.0,0.0001
2020-01-11,8198.86,8286.34,8003.16,8020.01,54810.032667,26.219999313354492,12.5600004196167,325.7099914550781,50.0,0.00012615333333333334
2020-01-12,8020.01,8197.0,7960.0,8184.98,38131.494336,26.219999313354492,12.5600004196167,325.7099914550781,45.0,0.0001
2020-01-13,8184.97,8196.0,8055.89,8110.34,31159.755683,26.219999313354492,12.319999694824219,327.95001220703125,49.0,0.0001
2020-01-14,8110.34,8880.0,8105.54,8810.01,120399.126742,26.229999542236328,12.390000343322754,327.45001220703125,56.0,0.000153
2020-01-15,8814.64,8916.48,8564.0,8821.41,84816.297606,26.190000534057617,12.420000076293945,328.19000244140625,54.0,0.00026296333333333333
2020-01-16,8820.01,8859.81,8586.0,8720.01,51991.074284,26.229999542236328,12.319999694824219,330.9200134277344,55.0,0.00027552333333333333
2020-01-17,8720.15,9041.65,8672.44,8913.28,70897.737377,26.31999969482422,12.100000381469727,331.95001220703125,54.0,0.0002725866666666667
2020-01-18,8913.27,8988.88,8806.38,8915.96,38294.746545,26.31999969482422,12.100000381469727,331.95001220703125,51.0,0.0002375433333333333
2020-01-19,8915.09,9198.98,8466.0,8701.7,70676.889259,26.31999969482422,12.100000381469727,331.95001220703125,53.0,0.0005061233333333333
2020-01-20,8701.72,8746.99,8521.28,8642.35,38896.639746,26.31999969482422,12.100000381469727,331.95001220703125,48.0,0.00016828
2020-01-21,8642.35,8789.0,8488.0,8736.03,36494.687659,26.299999237060547,12.850000381469727,331.29998779296875,49.0,0.00014407333333333334
2020-01-22,8736.04,8818.0,8590.0,8682.36,29080.557138,26.280000686645508,12.90999984741211,331.3399963378906,52.0,0.00013797333333333335
2020-01-23,8682.77,8691.81,8306.39,8404.52,48165.944597,26.350000381469727,12.979999542236328,331.7200012207031,49.0,0.00024101333333333334
2020-01-24,8404.52,8528.02,8238.0,8439.0,41687.529529,26.389999389648438,14.5600004196167,328.7699890136719,40.0,0.0003826366666666667
2020-01-25,8438.99,8451.26,8254.9,8340.58,25521.157932,26.389999389648438,14.5600004196167,328.7699890136719,41.0,0.0001
2020-01-26,8340.01,8618.13,8293.66,8615.0,31130.485164,26.389999389648438,14.5600004196167,328.7699890136719,42.0,0.0001
2020-01-27,8614.39,9000.0,8535.0,8907.57,53973.542996,26.43000030517578,18.229999542236328,323.5,50.0,0.0001
2020-01-28,8907.57,9400.0,8862.4,9374.21,74584.853765,26.43000030517578,16.280000686645508,326.8900146484375,54.0,0.00044361000000000004
2020-01-29,9375.34,9449.24,9216.0,9301.53,53864.065122,26.469999313354492,16.389999389648438,326.6199951171875,57.0,0.0007473699999999999
2020-01-30,9301.57,9578.0,9204.44,9513.21,60626.744259,26.389999389648438,15.489999771118164,327.67999267578125,57.0,0.0002777633333333333
2020-01-31,9511.52,9530.22,9210.01,9352.89,45552.022352,26.280000686645508,18.84000015258789,321.7300109863281,55.0,0.0005685433333333334
2020-02-01,9351.71,9464.53,9281.0,9384.61,28578.067354,26.280000686645508,18.84000015258789,321.7300109863281,57.0,0.0006323666666666667
2020-02-02,9384.41,9477.03,9120.0,9331.51,45690.91254,26.280000686645508,18.84000015258789,321.7300109863281,57.0,0.00042901
2020-02-03,9331.59,9618.79,9234.0,9292.24,50892.133451,26.40999984741211,17.969999313354492,324.1199951171875,59.0,0.00035513
2020-02-04,9291.35,9350.0,9093.01,9197.02,53308.175266,26.450000762939453,16.049999237060547,329.05999755859375,56.0,0.0006397466666666667
2020-02-05,9197.02,9744.45,9177.22,9612.04,64870.415615,26.549999237060547,15.149999618530273,332.8599853515625,53.0,0.00024210333333333332
2020-02-06,9612.03,9862.57,9526.35,9772.0,64949.706588,26.600000381469727,14.960000038146973,333.9800109863281,61.0,0.0009932933333333333
2020-02-07,9772.0,9885.0,9730.0,9813.73,43966.114632,26.65999984741211,15.470000267028809,332.20001220703125,56.0,0.0002998666666666667
2020-02-08,9813.87,9940.0,9667.11,9895.05,43600.843666,26.65999984741211,15.470000267028809,332.20001220703125,56.0,0.0006736266666666667
2020-02-09,9895.04,10166.0,9880.75,10151.75,43408.475616,26.65999984741211,15.470000267028809,332.20001220703125,56.0,0.0007942366666666667
2020-02-10,10151.72,10188.0,9756.0,9851.83,59573.084619,26.700000762939453,15.039999961853027,334.67999267578125,57.0,0.00109891
2020-02-11,9851.74,10323.59,9700.0,10223.08,62422.395224,26.670000076293945,15.180000305175781,335.260009765625,52.0,0.0005296866666666668
2020-02-12,10223.08,10450.0,10223.08,10326.46,61008.06393,26.739999771118164,13.739999771118164,337.4200134277344,61.0,0.0017064633333333332
2020-02-13,10325.33,10500.0,10080.0,10229.63,79344.358759,26.770000457763672,14.149999618530273,337.05999755859375,65.0,0.0008279
2020-02-14,10227.78,10381.56,10111.37,10344.36,47038.480173,26.760000228881836,13.680000305175781,337.6000061035156,63.0,0.00064575
2020-02-15,10344.36,10375.0,9801.0,9904.72,57657.202947,26.760000228881836,13.680000305175781,337.6000061035156,64.0,0.00081114
2020-02-16,9904.46,10050.0,9638.12,9917.27,60023.999537,26.760000228881836,13.680000305175781,337.6000061035156,59.0,0.00049674
2020-02-17,9910.7,9964.16,9452.67,9706.0,70261.011901,26.760000228881836,13.680000305175781,337.6000061035156,49.0,0.0006507166666666667
2020-02-18,9706.0,10250.0,9576.01,10164.71,70604.124019,26.860000610351562,14.829999923706055,336.7300109863281,53.0,0.00023527
2020-02-19,10164.78,10250.0,9350.0,9593.79,55162.586895,26.90999984741211,14.380000114440918,338.3399963378906,50.0,0.0004188
2020-02-20,9594.65,9699.0,9400.0,9596.42,60152.342914,26.989999771118164,15.5600004196167,336.95001220703125,44.0,0.0001
2020-02-21,9597.21,9755.51,9550.21,9677.05,42181.554524,26.829999923706055,17.079999923706055,333.4800109863281,44.0,0.0001
2020-02-22,9677.05,9709.17,9560.02,9650.86,24636.757623,26.829999923706055,17.079999923706055,333.4800109863281,43.0,0.00010747666666666667
2020-02-23,9650.85,9990.0,9645.0,9936.4,37702.089843,26.829999923706055,17.079999923706055,333.4800109863281,46.0,0.00044660333333333327
2020-02-24,9936.4,9990.0,9473.56,9656.13,55796.59612,26.84000015258789,25.030000686645508,322.4200134277344,46.0,0.00024453666666666665
2020-02-25,9655.52,9675.0,9250.0,9315.84,54379.344552,26.760000228881836,27.850000381469727,312.6499938964844,44.0,0.00035567
2020-02-26,9316.48,9377.44,8633.63,8785.25,92130.345482,26.780000686645508,27.559999465942383,311.5,41.0,0.00041820000000000003
2020-02-27,8786.0,8971.77,8531.0,8823.21,72483.578762,26.6200008392334,39.15999984741211,297.510009765625,39.0,0.00012454333333333334
2020-02-28,8823.25,8900.0,8445.0,8692.91,71155.208977,26.530000686645508,40.11000061035156,296.260009765625,40.0,0.00015087666666666665
2020-02-29,8690.8,8790.0,8523.55,8523.61,36748.183035,26.530000686645508,40.11000061035156,296.260009765625,38.0,0.00061349
2020-03-01,8523.61,8750.0,8411.0,8531.88,43892.201779,26.530000686645508,40.11000061035156,296.260009765625,39.0,0.0003609433333333333
2020-03-02,8530.3,8965.75,8498.0,8915.24,60401.31773,26.389999389648438,33.41999816894531,309.0899963378906,38.0,0.00012906666666666667
2020-03-03,8911.18,8919.65,8651.0,8760.07,55154.997282,26.280000686645508,36.81999969482422,300.239990234375,38.0,0.0001
2020-03-04,8760.07,8848.29,8660.0,8750.87,38696.482578,26.3700008392334,31.989999771118164,312.8599853515625,40.0,0.00014776
2020-03-05,8750.99,9159.42,8746.54,9054.68,58201.866355,26.170000076293945,39.619998931884766,302.4599914550781,41.0,0.00017667333333333331
2020-03-06,9054.64,9170.0,8985.5,9131.88,43782.948044,26.020000457763672,41.939998626708984,297.4599914550781,39.0,0.00025946000000000004
2020-03-07,9130.89,9188.0,8835.0,8886.66,45422.204525,26.020000457763672,41.939998626708984,297.4599914550781,38.0,0.0003475866666666667
2020-03-08,8885.25,8886.76,8000.0,8033.31,77537.315166,26.020000457763672,41.939998626708984,297.4599914550781,33.0,0.0004911766666666667
2020-03-09,8034.76,8179.31,7632.01,7929.87,116968.863268,25.739999771118164,54.459999084472656,274.2300109863281,17.0,0.0001
2020-03-10,7929.87,8149.0,7728.01,7894.56,86783.443875,26.1200008392334,47.29999923706055,288.4200134277344,16.0,0.0001
2020-03-11,7894.57,7980.0,7590.0,7934.52,79942.411172,26.15999984741211,53.900001525878906,274.3599853515625,17.0,0.00014299333333333335
2020-03-12,7934.58,7966.17,4410.0,4800.0,261505.608653,26.440000534057617,75.47000122070312,248.11000061035156,14.0,1.8076666666666666e-05
2020-03-13,4800.01,5955.0,3782.13,5578.6,402201.673764,27.440000534057617,57.83000183105469,269.32000732421875,10.0,-0.0012715033333333334
2020-03-14,5576.05,5640.52,5055.13,5172.06,136910.135974,27.440000534057617,57.83000183105469,269.32000732421875,8.0,-0.0004389733333333334
2020-03-15,5172.48,5940.0,5093.1,5361.3,139916.146534,27.440000534057617,57.83000183105469,269.32000732421875,12.0,-0.00050297
2020-03-16,5360.33,5365.42,4442.12,5028.97,227276.92276,26.559999465942383,82.69000244140625,239.85000610351562,9.0,-0.0005183766666666667
2020-03-17,5028.86,5525.0,4921.45,5312.64,150089.926318,27.030000686645508,75.91000366210938,252.8000030517578,8.0,-0.00012694666666666668
2020-03-18,5312.64,5436.17,5009.37,5393.04,137127.634894,27.440000534057617,76.44999694824219,240.0,11.0,-0.0002786933333333333
2020-03-19,5393.26,6400.0,5252.53,6162.37,199020.873439,28.09000015258789,72.0,240.50999450683594,12.0,-0.00021378333333333332
2020-03-20,6162.05,6900.0,5670.0,6208.36,219298.329514,28.010000228881836,66.04000091552734,228.8000030517578,9.0,-2.213333333333333e-05
2020-03-21,6204.57,6456.98,5860.02,6186.98,128913.668363,28.010000228881836,66.04000091552734,228.8000030517578,9.0,-1.3816666666666673e-05
2020-03-22,6187.04,6407.87,5734.01,5816.19,119115.990527,28.010000228881836,66.04000091552734,228.8000030517578,11.0,2.460666666666667e-05
2020-03-23,5816.05,6600.0,5688.0,6467.31,164674.215785,27.969999313354492,61.59000015258789,222.9499969482422,10.0,-7.697e-05
2020-03-24,6465.25,6833.0,6371.33,6744.72,151138.009878,27.649999618530273,61.66999816894531,243.14999389648438,12.0,0.0001
2020-03-25,6744.69,6957.96,6450.0,6677.43,132155.734989,27.389999389648438,63.95000076293945,246.7899932861328,13.0,9.923666666666668e-05
2020-03-26,6677.42,6780.0,6510.0,6737.36,83026.555211,26.950000762939453,61.0,261.20001220703125,14.0,3.326333333333334e-05
2020-03-27,6737.27,6842.59,6261.0,6359.11,82914.968354,26.729999542236328,65.54000091552734,253.4199981689453,12.0,4.4030000000000004e-05
2020-03-28,6359.11,6360.0,6024.0,6236.65,93159.693429,26.729999542236328,65.54000091552734,253.4199981689453,8.0,-0.00025038666666666665
2020-03-29,6236.65,6266.0,5866.56,5881.42,63311.627714,26.729999542236328,65.54000091552734,253.4199981689453,12.0,-0.00026005
2020-03-30,5880.5,6599.0,5857.76,6394.38,118889.549992,26.850000381469727,57.08000183105469,261.6499938964844,10.0,-0.00035036333333333334
2020-03-31,6394.45,6523.23,6321.4,6410.44,72337.595259,26.829999923706055,53.540000915527344,257.75,12.0,-0.00012285333333333332
2020-04-01,6412.14,6679.94,6150.11,6642.92,97500.7524,27.0,57.060001373291016,246.14999389648438,12.0,-0.00030966666666666664
2020-04-02,6643.36,7198.0,6551.0,6794.09,149299.906871,27.139999389648438,50.90999984741211,251.8300018310547,14.0,-2.2110000000000003e-05
2020-04-03,6793.86,7048.0,6602.1,6734.1,104080.276939,27.290000915527344,46.79999923706055,248.19000244140625,14.0,6.375333333333333e-05
2020-04-04,6732.97,6990.41,6650.01,6856.99,72990.861139,27.290000915527344,46.79999923706055,248.19000244140625,12.0,1.3563333333333331e-05
2020-04-05,6857.41,6895.54,6677.52,6772.78,49685.356983,27.290000915527344,46.79999923706055,248.19000244140625,12.0,1.1873333333333334e-05
2020-04-06,6772.78,7355.14,6765.0,7329.9,118052.000832,27.299999237060547,45.2400016784668,264.8599853515625,12.0,-1.8176666666666665e-05
2020-04-07,7329.9,7459.69,7077.0,7197.32,103585.168918,27.049999237060547,46.70000076293945,265.1300048828125,20.0,-4.889e-05
2020-04-08,7197.32,7420.0,7150.0,7361.28,76059.145838,27.149999618530273,43.349998474121094,274.0299987792969,21.0,4.638e-05
2020-04-09,7360.26,7371.92,7108.08,7283.54,61094.872417,26.950000762939453,41.66999816894531,278.20001220703125,22.0,-2.953e-05
2020-04-10,7283.54,7295.75,6739.98,6858.92,104674.623375,26.950000762939453,41.66999816894531,278.20001220703125,15.0,4.999e-05
2020-04-11,6858.92,6944.3,6760.0,6876.83,45470.293206,26.950000762939453,41.66999816894531,278.20001220703125,15.0,0.0001
2020-04-12,6876.84,7177.0,6780.0,6903.79,73868.666501,26.950000762939453,41.66999816894531,278.20001220703125,10.0,9.484333333333333e-05
2020-04-13,6903.79,6903.79,6575.0,6837.91,96415.476573,26.90999984741211,41.16999816894531,275.6600036621094,11.0,-5.066333333333332e-05
2020-04-14,6838.04,6978.0,6754.28,6868.7,69068.623285,26.760000228881836,37.7599983215332,283.7900085449219,15.0,-5.272666666666667e-05
2020-04-15,6868.57,6933.0,6605.0,6621.24,61571.384994,26.959999084472656,40.84000015258789,277.760009765625,18.0,-4.8360000000000005e-05
2020-04-16,6621.25,7190.0,6468.27,7101.94,125009.857539,27.079999923706055,40.11000061035156,279.1000061035156,13.0,-0.00015551333333333332
2020-04-17,7101.99,7148.12,6972.98,7027.55,54126.509763,27.010000228881836,38.150001525878906,286.6400146484375,15.0,8.333333333333332e-06
2020-04-18,7026.78,7293.08,7014.4,7248.6,49488.542819,27.010000228881836,38.150001525878906,286.6400146484375,18.0,-0.00013306333333333334
2020-04-19,7248.6,7266.15,7055.6,7120.74,45664.86393,27.010000228881836,38.150001525878906,286.6400146484375,16.0,-5.531333333333333e-05
2020-04-20,7121.4,7220.0,6751.0,6826.83,90149.49137,27.100000381469727,43.83000183105469,281.5899963378906,15.0,-2.982e-05
2020-04-21,6828.98,6940.0,6762.0,6841.37,60109.710808,27.139999389648438,45.40999984741211,273.0400085449219,17.0,-2.2396666666666662e-05
2020-04-22,6841.36,7156.38,6818.0,7125.14,61486.377334,27.219999313354492,41.97999954223633,279.1000061035156,19.0,-0.00015103
2020-04-23,7125.12,7738.0,7020.0,7482.39,102773.569561,27.229999542236328,41.380001068115234,279.0799865722656,19.0,-9.277e-05
2020-04-24,7483.96,7615.96,7388.0,7505.0,60182.119939,27.170000076293945,35.93000030517578,282.9700012207031,20.0,0.0001
2020-04-25,7505.0,7705.0,7431.07,7538.67,43874.427726,27.170000076293945,35.93000030517578,282.9700012207031,24.0,0.0001
2020-04-26,7539.03,7700.0,7480.0,7693.1,50522.616209,27.170000076293945,35.93000030517578,282.9700012207031,21.0,9.164333333333334e-05
2020-04-27,7693.1,7792.02,7606.0,7774.62,65441.339576,27.100000381469727,33.290000915527344,287.04998779296875,28.0,0.0001
2020-04-28,7773.51,7780.0,7659.12,7738.98,46302.752638,27.06999969482422,33.56999969482422,285.7300109863281,26.0,0.0001
2020-04-29,7738.58,8952.89,7710.05,8778.57,183546.887514,26.959999084472656,31.229999542236328,293.2099914550781,26.0,0.0001
2020-04-30,8778.58,9460.0,8401.0,8620.0,206277.214124,26.790000915527344,34.150001525878906,290.4800109863281,44.0,0.00040241666666666665
2020-05-01,8620.0,9059.18,8613.56,8826.96,91468.815059,26.81999969482422,37.189998626708984,282.7900085449219,40.0,0.00017495
2020-05-02,8825.67,9010.0,8753.0,8972.05,59002.08755,26.81999969482422,37.189998626708984,282.7900085449219,40.0,0.00010048000000000001
2020-05-03,8972.58,9200.0,8712.0,8894.16,90126.065643,26.81999969482422,37.189998626708984,282.7900085449219,45.0,0.00014990666666666667
2020-05-04,8894.15,8950.0,8522.0,8871.96,84418.512331,26.969999313354492,35.970001220703125,283.57000732421875,44.0,0.00010641666666666666
2020-05-05,8871.92,9118.58,8760.0,9021.83,76480.765342,26.989999771118164,33.61000061035156,286.19000244140625,40.0,0.0001
2020-05-06,9021.36,9395.0,8906.21,9142.92,105925.30242,27.1200008392334,34.119998931884766,284.25,42.0,0.00018660333333333332
2020-05-07,9143.4,10067.0,9021.0,9986.4,147154.611378,27.040000915527344,31.440000534057617,287.67999267578125,49.0,0.0001
2020-05-08,9986.3,10035.96,9705.0,9800.01,100683.7964,27.030000686645508,27.979999542236328,292.44000244140625,55.0,0.00034433333333333337
2020-05-09,9800.02,9914.25,9520.0,9539.4,81950.679567,27.030000686645508,27.979999542236328,292.44000244140625,56.0,0.0005862366666666667
2020-05-10,9539.1,9574.83,8117.0,8722.77,183865.182028,27.030000686645508,27.979999542236328,292.44000244140625,48.0,0.00020775333333333335
2020-05-11,8722.77,9168.0,8200.0,8561.52,168807.251832,27.1299991607666,27.56999969482422,292.5,40.0,0.0001
2020-05-12,8562.04,8978.26,8528.78,8810.79,86522.780066,27.079999923706055,33.040000915527344,286.6700134277344,39.0,0.0001
2020-05-13,8810.99,9398.0,8792.99,9309.37,92466.274018,27.1299991607666,35.279998779296875,281.6000061035156,41.0,0.0001
2020-05-14,9309.35,9939.0,9256.76,9791.98,129565.37747,27.15999984741211,32.61000061035156,284.9700012207031,40.0,0.0001
2020-05-15,9791.97,9845.62,9150.0,9316.42,115890.761516,27.18000030517578,31.889999389648438,286.2799987792969,44.0,8.133333333333334e-05
2020-05-16,9315.96,9588.0,9220.0,9381.27,59587.627862,27.18000030517578,31.889999389648438,286.2799987792969,41.0,0.0001
2020-05-17,9380.81,9888.0,9322.1,9680.04,68647.764323,27.18000030517578,31.889999389648438,286.2799987792969,40.0,4.338e-05
2020-05-18,9681.11,9950.0,9464.23,9733.93,82006.603583,26.959999084472656,29.299999237060547,295.0,50.0,4.453333333333333e-05
2020-05-19,9733.93,9897.21,9474.0,9775.53,78539.760454,26.940000534057617,30.530000686645508,291.9700012207031,50.0,9.297333333333333e-05
2020-05-20,9775.13,9842.0,9326.0,9511.43,74923.73809,26.850000381469727,27.989999771118164,296.92999267578125,52.0,0.0001
2020-05-21,9511.43,9578.47,8815.0,9068.65,108928.780969,26.90999984741211,29.530000686645508,294.8800048828125,49.0,2.594e-05
2020-05-22,9067.51,9271.0,8933.52,9170.0,58943.131024,26.989999771118164,28.15999984741211,295.44000244140625,42.0,-2.2633333333333313e-06
2020-05-23,9170.0,9307.85,9070.0,9179.15,43526.296966,26.989999771118164,28.15999984741211,295.44000244140625,40.0,1.2833333333333333e-05
2020-05-24,9179.01,9298.0,8700.0,8720.34,70379.86645,26.989999771118164,28.15999984741211,295.44000244140625,43.0,8.213666666666667e-05
2020-05-25,8718.14,8979.66,8642.72,8900.35,62833.910949,26.989999771118164,28.15999984741211,295.44000244140625,41.0,-5.759999999999999e-06
2020-05-26,8900.35,9017.67,8700.0,8841.18,58299.770138,26.790000915527344,28.010000228881836,299.0799865722656,39.0,4.854666666666667e-05
2020-05-27,8841.0,9225.0,8811.73,9204.07,68910.355514,26.780000686645508,27.6200008392334,303.5299987792969,39.0,-6.403333333333329e-06
2020-05-28,9204.07,9625.47,9110.0,9575.89,74110.787662,26.639999389648438,28.59000015258789,302.9700012207031,41.0,-6.471666666666666e-05
2020-05-29,9575.87,9605.26,9330.0,9427.07,57374.362961,26.600000381469727,27.510000228881836,304.32000732421875,48.0,1.2970000000000001e-05
2020-05-30,9426.6,9740.0,9331.23,9697.72,55665.27254,26.600000381469727,27.510000228881836,304.32000732421875,48.0,0.0001
2020-05-31,9697.72,9700.0,9381.41,9448.27,48333.786403,26.600000381469727,27.510000228881836,304.32000732421875,51.0,0.0001
2020-06-01,9448.27,10380.0,9421.67,10200.77,76649.12696,26.450000762939453,28.229999542236328,305.54998779296875,50.0,2.6756666666666667e-05
2020-06-02,10202.71,10228.99,9266.0,9518.04,108970.773151,26.420000076293945,26.84000015258789,308.0799865722656,56.0,0.0004093
2020-06-03,9518.02,9690.0,9365.21,9666.24,46252.644939,26.260000228881836,25.65999984741211,312.17999267578125,48.0,9.548666666666667e-05
2020-06-04,9666.32,9881.63,9450.0,9789.06,57456.100969,26.15999984741211,25.809999465942383,311.3599853515625,54.0,0.0001
2020-06-05,9788.14,9854.75,9581.0,9621.16,47788.05005,26.209999084472656,24.520000457763672,319.3399963378906,53.0,0.0001
2020-06-06,9621.17,9735.0,9531.05,9666.3,32752.950893,26.209999084472656,24.520000457763672,319.3399963378906,54.0,0.0001
2020-06-07,9666.85,9802.0,9372.46,9746.99,57952.848385,26.209999084472656,24.520000457763672,319.3399963378906,54.0,0.0001
2020-06-08,9746.99,9800.0,9633.0,9782.01,40664.664125,26.139999389648438,25.809999465942383,323.20001220703125,53.0,0.0001
2020-06-09,9782.0,9877.0,9570.0,9772.43,46024.001289,26.059999465942383,27.56999969482422,320.7900085449219,52.0,0.0001
2020-06-10,9772.44,9992.72,9704.18,9885.0,47130.762982,25.93000030517578,27.56999969482422,319.0,54.0,0.0001
2020-06-11,9885.22,9964.0,9113.0,9280.4,94418.98473,26.190000534057617,40.790000915527344,300.6099853515625,52.0,0.0001
2020-06-12,9278.88,9557.12,9232.51,9465.13,50119.066932,26.260000228881836,36.09000015258789,304.2099914550781,38.0,5.299333333333333e-05
2020-06-13,9464.96,9494.73,9351.0,9473.34,27759.784851,26.260000228881836,36.09000015258789,304.2099914550781,38.0,5.0916666666666666e-05
2020-06-14,9473.34,9480.99,9245.0,9342.1,30055.506608,26.260000228881836,36.09000015258789,304.2099914550781,40.0,9.034e-05
2020-06-15,9342.1,9495.0,8910.45,9426.02,86107.924707,26.149999618530273,34.400001525878906,307.04998779296875,37.0,-4.120666666666666e-05
2020-06-16,9426.05,9589.0,9373.09,9525.59,52052.446927,26.229999542236328,33.66999816894531,312.9599914550781,39.0,1.5949999999999998e-05
2020-06-17,9526.97,9565.0,9236.61,9465.14,48046.411152,26.25,33.470001220703125,311.6600036621094,38.0,2.3179999999999995e-05
2020-06-18,9465.13,9489.0,9280.0,9386.32,37381.953765,26.350000381469727,32.939998626708984,311.7799987792969,40.0,-4.656666666666667e-05
2020-06-19,9386.32,9438.3,9215.79,9310.23,45330.983673,26.3799991607666,35.119998931884766,308.6400146484375,39.0,3.927666666666667e-05
2020-06-20,9310.23,9395.0,9170.95,9358.95,30329.065384,26.3799991607666,35.119998931884766,308.6400146484375,38.0,7.062000000000001e-05
2020-06-21,9358.95,9422.0,9281.54,9294.69,24316.926234,26.3799991607666,35.119998931884766,308.6400146484375,37.0,1.8843333333333333e-05
2020-06-22,9294.69,9780.0,9277.09,9685.69,57895.468343,26.239999771118164,31.770000457763672,310.6199951171875,38.0,8.928e-05
2020-06-23,9685.69,9720.0,9577.03,9624.89,41031.02938,26.149999618530273,31.3700008392334,312.04998779296875,41.0,0.00010738333333333333
2020-06-24,9624.33,9670.0,9208.0,9296.49,61571.561464,26.270000457763672,33.84000015258789,304.0899963378906,50.0,0.00010428666666666667
2020-06-25,9298.33,9340.0,9009.69,9249.49,55831.619156,26.309999465942383,32.220001220703125,307.3500061035156,43.0,0.0001
2020-06-26,9249.49,9298.0,9045.45,9162.21,50292.298277,26.350000381469727,34.72999954223633,300.04998779296875,40.0,9.800333333333335e-05
2020-06-27,9162.21,9196.24,8833.0,9012.0,46290.930113,26.350000381469727,34.72999954223633,300.04998779296875,43.0,0.0001
2020-06-28,9012.0,9191.0,8948.06,9116.35,30688.176421,26.350000381469727,34.72999954223633,300.04998779296875,40.0,8.289e-05
2020-06-29,9116.16,9238.0,9024.67,9192.56,42120.293261,26.360000610351562,31.780000686645508,304.4599914550781,41.0,0.0001
2020-06-30,9192.93,9205.0,9064.89,9138.55,31463.162801,26.31999969482422,30.43000030517578,308.3599853515625,44.0,0.0001
2020-07-01,9138.08,9292.0,9080.1,9232.0,38488.528699,26.260000228881836,28.6200008392334,310.5199890136719,42.0,0.0001
2020-07-02,9231.99,9261.96,8940.0,9086.54,45725.168076,26.280000686645508,27.68000030517578,312.2300109863281,42.0,0.0001
2020-07-03,9086.54,9125.0,9037.47,9058.26,28943.420177,26.280000686645508,27.68000030517578,312.2300109863281,41.0,0.0001
2020-07-04,9057.79,9190.0,9040.04,9135.46,26441.968484,26.280000686645508,27.68000030517578,312.2300109863281,40.0,0.0001
2020-07-05,9135.0,9145.24,8893.03,9069.41,34073.653627,26.280000686645508,27.68000030517578,312.2300109863281,38.0,0.0001
2020-07-06,9069.41,9375.0,9055.92,9344.2,54463.132277,26.139999389648438,27.940000534057617,317.04998779296875,40.0,0.0001
2020-07-07,9342.47,9379.42,9203.0,9257.39,34587.336678,26.200000762939453,29.43000030517578,313.7799987792969,43.0,0.0001
2020-07-08,9257.4,9470.0,9231.0,9436.06,56140.517781,26.059999465942383,28.079999923706055,316.17999267578125,44.0,0.0001
2020-07-09,9436.06,9440.79,9160.0,9232.43,48044.450645,26.149999618530273,29.260000228881836,314.3800048828125,44.0,0.0001
2020-07-10,9232.42,9317.48,9125.0,9288.34,38295.494006,26.110000610351562,27.290000915527344,317.5899963378906,41.0,0.0001
2020-07-11,9288.34,9299.28,9178.25,9234.03,22561.366,26.110000610351562,27.290000915527344,317.5899963378906,44.0,0.0001
2020-07-12,9234.02,9345.0,9157.5,9302.75,30872.702286,26.110000610351562,27.290000915527344,317.5899963378906,41.0,0.0001
2020-07-13,9303.31,9343.82,9200.89,9242.62,42740.069115,26.06999969482422,32.189998626708984,314.8399963378906,43.0,0.0001
2020-07-14,9242.61,9279.54,9113.0,9255.85,45772.552509,26.020000457763672,29.520000457763672,318.9200134277344,43.0,0.0001
2020-07-15,9255.85,9276.49,9160.57,9197.6,39053.579665,25.950000762939453,27.760000228881836,321.8500061035156,44.0,0.0001
2020-07-16,9197.6,9226.15,9047.25,9133.72,43375.571191,26.040000915527344,28.0,320.7900085449219,43.0,0.0001
2020-07-17,9133.72,9186.83,9089.81,9154.32,28054.358741,25.93000030517578,25.68000030517578,321.7200012207031,41.0,0.0001
2020-07-18,9154.31,9219.3,9121.1,9170.28,22554.541457,25.93000030517578,25.68000030517578,321.7200012207031,44.0,0.0001
2020-07-19,9170.3,9232.27,9101.35,9208.99,26052.019417,25.93000030517578,25.68000030517578,321.7200012207031,41.0,0.0001
2020-07-20,9208.99,9221.52,9131.0,9160.78,35458.764082,25.889999389648438,24.459999084472656,324.32000732421875,44.0,0.0001
2020-07-21,9160.78,9437.73,9152.8,9390.0,60413.582486,25.729999542236328,24.84000015258789,325.010009765625,44.0,0.0001
2020-07-22,9390.0,9544.0,9261.0,9518.16,48815.004107,25.65999984741211,24.31999969482422,326.8599853515625,50.0,0.0001
2020-07-23,9518.16,9664.0,9440.33,9603.27,51856.2335,25.610000610351562,26.079999923706055,322.9599914550781,55.0,0.0001
2020-07-24,9603.27,9637.0,9463.44,9537.8,43931.136205,25.5,25.84000015258789,320.8800048828125,53.0,0.0001
2020-07-25,9538.1,9732.9,9513.0,9700.42,40679.545416,25.5,25.84000015258789,320.8800048828125,55.0,0.0001
2020-07-26,9700.42,10111.0,9650.0,9931.54,65279.269319,25.5,25.84000015258789,320.8800048828125,55.0,0.00028479
2020-07-27,9931.54,11394.86,9917.21,11029.96,150188.933144,25.309999465942383,24.739999771118164,323.2200012207031,58.0,0.0006200633333333333
2020-07-28,11029.96,11242.23,10565.0,10906.27,97267.734187,25.350000381469727,25.440000534057617,321.1700134277344,76.0,0.00119704
2020-07-29,10906.27,11342.82,10812.0,11100.53,76838.094233,25.229999542236328,24.100000381469727,325.1199951171875,71.0,0.0007122833333333333
2020-07-30,11100.52,11170.0,10831.0,11099.61,60794.826456,25.1299991607666,24.760000228881836,323.9599914550781,76.0,0.00067754
2020-07-31,11099.79,11444.0,10960.0,11335.46,70063.660974,25.280000686645508,24.459999084472656,326.5199890136719,75.0,0.0005323933333333333
2020-08-01,11335.46,11861.0,11220.0,11801.17,85087.485126,25.280000686645508,24.459999084472656,326.5199890136719,75.0,0.00035896999999999996
2020-08-02,11801.17,12123.46,10518.5,11071.35,97553.077604,25.280000686645508,24.459999084472656,326.5199890136719,80.0,0.0005424966666666667
2020-08-03,11071.36,11473.0,10936.0,11219.81,56931.841475,25.280000686645508,24.280000686645508,328.7900085449219,75.0,0.00038503333333333333
2020-08-04,11219.68,11414.98,11000.0,11191.97,58629.113709,25.190000534057617,23.760000228881836,330.05999755859375,72.0,0.00033459
2020-08-05,11191.99,11780.93,11093.0,11744.91,74970.256852,25.079999923706055,22.989999771118164,332.1099853515625,75.0,0.00017518333333333335
2020-08-06,11744.91,11900.0,11562.5,11762.46,63529.08502,25.079999923706055,22.649999618530273,334.3299865722656,79.0,0.0003788733333333334
2020-08-07,11762.47,11909.94,11322.0,11594.23,65755.926022,25.229999542236328,22.209999084472656,334.57000732421875,77.0,0.00025614
2020-08-08,11594.36,11808.27,11512.0,11761.41,41858.16104,25.229999542236328,22.209999084472656,334.57000732421875,77.0,0.0001
2020-08-09,11761.02,11797.11,11521.97,11681.68,41493.067342,25.229999542236328,22.209999084472656,334.57000732421875,79.0,0.00015213333333333334
2020-08-10,11681.69,12067.35,11450.0,11892.92,84952.337887,25.270000457763672,22.1299991607666,335.57000732421875,78.0,0.00057372
2020-08-11,11892.9,11935.0,11125.0,11392.08,90748.284634,25.309999465942383,24.030000686645508,332.79998779296875,84.0,0.0003197466666666667
2020-08-12,11392.09,11617.52,11150.0,11564.33,64909.613644,25.229999542236328,22.280000686645508,337.44000244140625,75.0,0.0001
2020-08-13,11564.34,11792.96,11270.36,11780.0,70132.491502,25.219999313354492,22.1299991607666,336.8299865722656,75.0,0.0001
2020-08-14,11779.77,11850.0,11634.03,11760.54,59818.852697,25.18000030517578,22.049999237060547,336.8399963378906,78.0,0.00029689666666666664
2020-08-15,11760.55,11980.0,11680.0,11852.4,56237.90505,25.18000030517578,22.049999237060547,336.8399963378906,79.0,0.00022851333333333333
2020-08-16,11852.4,11931.72,11686.0,11911.0,41368.236906,25.18000030517578,22.049999237060547,336.8399963378906,82.0,0.00031980333333333333
2020-08-17,11910.99,12468.0,11769.78,12281.13,84734.21154,25.06999969482422,21.350000381469727,337.9100036621094,83.0,0.00050636
2020-08-18,12281.15,12387.77,11817.93,11945.01,75923.835527,24.93000030517578,21.510000228881836,338.6400146484375,82.0,0.0009942233333333332
2020-08-19,11945.1,12020.08,11561.0,11754.59,73940.169606,25.1299991607666,22.540000915527344,337.2300109863281,80.0,0.0005208933333333334
2020-08-20,11754.38,11888.0,11668.0,11853.55,46085.254351,25.059999465942383,22.719999313354492,338.2799987792969,75.0,0.00018020000000000002
2020-08-21,11853.54,11878.0,11485.81,11531.34,64448.306142,25.18000030517578,22.540000915527344,339.4800109863281,81.0,0.0001
2020-08-22,11531.23,11686.0,11376.81,11662.96,43678.701646,25.18000030517578,22.540000915527344,339.4800109863281,78.0,0.0001
2020-08-23,11663.51,11718.07,11514.13,11648.13,37900.00469,25.18000030517578,22.540000915527344,339.4800109863281,76.0,0.0001
2020-08-24,11648.12,11824.9,11585.09,11748.2,46212.391867,25.219999313354492,22.3700008392334,342.9200134277344,78.0,0.0001
2020-08-25,11748.19,11767.85,11117.64,11318.42,69590.923272,25.1299991607666,22.030000686645508,344.1199951171875,75.0,0.0002086
2020-08-26,11318.42,11539.32,11244.0,11461.43,53998.231231,25.100000381469727,23.270000457763672,347.57000732421875,76.0,0.00015451333333333335
2020-08-27,11461.42,11592.2,11125.0,11330.38,63246.036383,25.1299991607666,24.469999313354492,348.3299865722656,75.0,0.0001
2020-08-28,11330.38,11542.65,11276.89,11526.91,45953.908365,24.93000030517578,22.959999084472656,350.5799865722656,74.0,0.0001
2020-08-29,11526.9,11580.02,11417.04,11465.84,32973.7992,24.93000030517578,22.959999084472656,350.5799865722656,79.0,0.0001
2020-08-30,11465.84,11719.0,11458.0,11711.16,43177.879054,24.93000030517578,22.959999084472656,350.5799865722656,75.0,0.0001
2020-08-31,11711.17,11800.77,11570.0,11649.51,55353.617744,24.899999618530273,26.40999984741211,349.30999755859375,75.0,0.00011820333333333333
2020-09-01,11649.51,12050.85,11515.0,11921.97,78148.193668,24.950000762939453,26.1200008392334,352.6000061035156,75.0,0.00026607
2020-09-02,11921.97,11954.57,11160.1,11388.54,87221.845602,25.040000915527344,26.56999969482422,357.70001220703125,83.0,0.00037669
2020-09-03,11388.54,11462.6,9960.8,10140.85,121950.106015,25.049999237060547,33.599998474121094,345.3900146484375,79.0,0.00020977
2020-09-04,10138.29,10627.05,9875.5,10446.25,92733.599113,25.09000015258789,30.75,342.57000732421875,40.0,0.0001
2020-09-05,10446.25,10565.68,9825.0,10166.69,90001.605568,25.09000015258789,30.75,342.57000732421875,41.0,0.0001
2020-09-06,10166.69,10347.14,9994.86,10256.2,56368.788815,25.09000015258789,30.75,342.57000732421875,41.0,0.0001
2020-09-07,10255.89,10410.75,9875.0,10373.44,62620.230676,25.09000015258789,30.75,342.57000732421875,41.0,0.0001
2020-09-08,10373.45,10438.0,9850.0,10126.65,73491.878418,25.219999313354492,31.459999084472656,333.2099914550781,41.0,0.0001
2020-09-09,10126.66,10343.0,9981.01,10219.2,49347.113776,25.18000030517578,28.809999465942383,339.7900085449219,38.0,0.0001
2020-09-10,10219.29,10483.35,10070.83,10336.87,58253.75375,25.229999542236328,29.709999084472656,333.8900146484375,38.0,0.0001
2020-09-11,10336.86,10397.6,10200.0,10387.89,43830.254467,25.18000030517578,26.8700008392334,334.05999755859375,41.0,0.0001
2020-09-12,10387.89,10477.97,10269.25,10440.92,35379.153096,25.18000030517578,26.8700008392334,334.05999755859375,41.0,0.0001
2020-09-13,10440.67,10580.11,10200.0,10332.83,43837.609865,25.18000030517578,26.8700008392334,334.05999755859375,38.0,0.0001
2020-09-14,10332.84,10750.0,10212.34,10671.77,67059.291361,25.1200008392334,25.850000381469727,338.4599914550781,39.0,6.956e-05
2020-09-15,10671.77,10930.04,10606.48,10785.31,61822.452786,25.139999389648438,25.59000015258789,340.1700134277344,47.0,-0.00010073999999999999
2020-09-16,10785.23,11093.0,10661.22,10954.01,64991.51244,25.170000076293945,26.040000915527344,338.82000732421875,43.0,-5.289e-05
2020-09-17,10954.01,11045.46,10745.83,10939.99,55601.614529,25.079999923706055,26.459999084472656,335.8399963378906,48.0,8.306666666666668e-06
2020-09-18,10940.0,11038.03,10812.84,10933.39,47266.728275,25.110000610351562,25.829999923706055,330.6499938964844,49.0,6.657e-05
2020-09-19,10933.4,11179.79,10887.37,11080.65,38440.036858,25.110000610351562,25.829999923706055,330.6499938964844,48.0,-9.426333333333334e-05
2020-09-20,11080.64,11080.64,10723.0,10920.28,39157.922565,25.110000610351562,25.829999923706055,330.6499938964844,52.0,-8.099666666666666e-05
2020-09-21,10920.28,10988.86,10296.35,10417.22,70683.431179,25.290000915527344,27.780000686645508,326.9700012207031,48.0,-3.192333333333333e-05
2020-09-22,10417.22,10572.71,10353.0,10529.61,43991.235476,25.3799991607666,26.860000610351562,330.29998779296875,39.0,0.0001
2020-09-23,10529.61,10537.15,10136.82,10241.46,51876.568079,25.520000457763672,28.579999923706055,322.6400146484375,43.0,-1.263e-05
2020-09-24,10241.46,10795.24,10190.93,10736.32,57676.619427,25.479999542236328,28.510000228881836,323.5,39.0,3.9966666666666665e-05
2020-09-25,10736.33,10760.53,10556.24,10686.67,48101.117008,25.549999237060547,26.3799991607666,328.7300109863281,46.0,-3.559e-05
2020-09-26,10686.57,10820.94,10644.68,10728.6,28420.836659,25.549999237060547,26.3799991607666,328.7300109863281,45.0,0.0001
2020-09-27,10728.59,10799.0,10594.82,10774.25,30549.483253,25.549999237060547,26.3799991607666,328.7300109863281,47.0,0.0001
2020-09-28,10774.26,10950.0,10626.0,10696.12,50095.251734,25.469999313354492,26.190000534057617,334.19000244140625,43.0,0.0001
2020-09-29,10696.11,10867.54,10635.87,10840.48,41874.898399,25.350000381469727,26.270000457763672,332.3699951171875,45.0,0.0001
2020-09-30,10840.58,10849.34,10665.13,10776.59,39596.027322,25.350000381469727,26.3700008392334,334.8900146484375,49.0,0.0001
2020-10-01,10776.59,10920.0,10437.0,10619.13,60866.332893,25.309999465942383,26.700000762939453,337.0400085449219,45.0,9.137333333333333e-05
2020-10-02,10619.13,10664.64,10374.0,10570.4,50130.393705,25.3700008392334,27.6299991607666,333.8399963378906,41.0,2.695e-05
2020-10-03,10570.4,10603.56,10496.46,10542.06,22298.221341,25.3700008392334,27.6299991607666,333.8399963378906,40.0,9.916333333333335e-05
2020-10-04,10542.07,10696.87,10517.87,10666.63,23212.001595,25.3700008392334,27.6299991607666,333.8399963378906,42.0,7.129999999999999e-06
2020-10-05,10666.62,10798.0,10615.64,10792.21,34025.761653,25.260000228881836,27.959999084472656,339.760009765625,42.0,-6.478666666666667e-05
2020-10-06,10792.2,10800.0,10525.0,10599.66,48674.740471,25.329999923706055,29.479999542236328,334.92999267578125,47.0,-5.006666666666667e-06
2020-10-07,10599.65,10681.87,10546.17,10666.39,32811.990279,25.299999237060547,28.059999465942383,340.760009765625,43.0,4.02e-06
2020-10-08,10666.4,10950.0,10530.41,10925.57,51959.691572,25.290000915527344,26.360000610351562,343.7799987792969,46.0,4.9323333333333336e-05
2020-10-09,10925.44,11104.64,10829.0,11050.64,48240.073237,25.139999389648438,25.0,346.8500061035156,48.0,8.709333333333334e-05
2020-10-10,11050.64,11491.0,11050.51,11293.22,43648.036943,25.139999389648438,25.0,346.8500061035156,53.0,0.0001
2020-10-11,11293.22,11445.0,11221.0,11369.02,29043.851339,25.139999389648438,25.0,346.8500061035156,55.0,0.0001
2020-10-12,11369.02,11720.01,11172.0,11528.25,52825.28371,25.110000610351562,25.06999969482422,352.42999267578125,52.0,0.0001
2020-10-13,11528.24,11557.0,11300.0,11420.56,42205.283709,25.260000228881836,26.06999969482422,350.1300048828125,56.0,0.0001
2020-10-14,11420.57,11547.98,11280.0,11417.89,41415.106015,25.200000762939453,26.399999618530273,347.92999267578125,53.0,0.0001
2020-10-15,11417.89,11617.34,11250.83,11505.12,48760.717679,25.31999969482422,26.969999313354492,347.5,56.0,0.0001
2020-10-16,11505.13,11541.15,11200.0,11319.32,48797.749502,25.290000915527344,27.40999984741211,347.2900085449219,52.0,0.0001
2020-10-17,11319.24,11402.42,11255.0,11360.2,22368.915241,25.290000915527344,27.40999984741211,347.2900085449219,56.0,0.0001
2020-10-18,11360.31,11505.0,11346.22,11503.14,23284.041191,25.290000915527344,27.40999984741211,347.2900085449219,55.0,0.0001
2020-10-19,11503.14,11823.99,11407.96,11751.47,47414.534692,25.209999084472656,29.18000030517578,342.010009765625,55.0,0.0001
2020-10-20,11751.46,12038.38,11677.59,11909.99,62134.750663,25.1299991607666,29.350000381469727,343.3800048828125,56.0,7.914e-05
2020-10-21,11910.0,13217.68,11886.95,12780.96,114584.456767,25.0,28.649999618530273,342.7300109863281,61.0,6.592666666666666e-05
2020-10-22,12780.75,13185.0,12678.08,12968.52,70038.824144,25.100000381469727,28.110000610351562,344.6099853515625,73.0,0.0001
2020-10-23,12968.84,13027.69,12720.08,12923.07,50386.999841,25.040000915527344,27.549999237060547,345.7799987792969,74.0,0.0001
2020-10-24,12923.06,13166.73,12870.0,13111.73,35952.20907,25.040000915527344,27.549999237060547,345.7799987792969,73.0,0.0001
2020-10-25,13111.73,13350.0,12888.0,13028.83,38481.579504,25.040000915527344,27.549999237060547,345.7799987792969,76.0,0.0001
2020-10-26,13029.64,13238.81,12765.0,13052.19,60951.672986,25.1299991607666,32.459999084472656,339.3900146484375,75.0,0.0001
2020-10-27,13052.15,13789.29,13019.87,13636.17,80811.01945,25.079999923706055,33.349998474121094,338.2200012207031,61.0,8.467e-05
2020-10-28,13636.16,13859.48,12888.0,13266.4,94440.561226,25.239999771118164,40.279998779296875,326.6600036621094,70.0,7.908333333333334e-05
2020-10-29,13266.4,13642.91,12920.77,13455.7,74872.602132,25.34000015258789,37.59000015258789,329.9800109863281,67.0,-0.00012415666666666666
2020-10-30,13455.69,13669.98,13115.0,13560.1,70657.778881,25.3700008392334,38.02000045776367,326.5400085449219,74.0,-9.883333333333333e-05
2020-10-31,13560.1,14100.0,13411.5,13791.0,67339.238515,25.3700008392334,38.02000045776367,326.5400085449219,73.0,-0.00010785
2020-11-01,13791.0,13895.0,13603.0,13761.5,36285.648526,25.3700008392334,38.02000045776367,326.5400085449219,72.0,-5.1750000000000004e-05
2020-11-02,13761.49,13830.0,13195.05,13549.37,64566.421908,25.399999618530273,37.130001068115234,330.20001220703125,71.0,4.441e-05
2020-11-03,13549.63,14066.11,13284.99,14023.53,74115.630787,25.260000228881836,35.54999923706055,336.0299987792969,71.0,-8.704e-05
2020-11-04,14023.53,14259.0,13525.0,14144.01,93016.988262,25.219999313354492,29.56999969482422,343.5400085449219,74.0,-0.00011418333333333334
2020-11-05,14144.01,15750.0,14093.56,15590.02,143741.522673,24.979999542236328,27.579999923706055,350.239990234375,72.0,0.0001
2020-11-06,15590.02,15960.0,15166.0,15579.92,122618.197695,24.889999389648438,24.860000610351562,350.1600036621094,90.0,0.00022535
2020-11-07,15579.93,15753.52,14344.22,14818.3,101431.206553,24.889999389648438,24.860000610351562,350.1600036621094,88.0,0.0003291733333333333
2020-11-08,14818.3,15650.0,14703.88,15475.1,65547.178574,24.889999389648438,24.860000610351562,350.1600036621094,82.0,0.0001
2020-11-09,15475.1,15840.0,14805.54,15328.41,108976.334134,25.049999237060547,25.75,354.55999755859375,90.0,0.0001
2020-11-10,15328.41,15460.0,15072.46,15297.21,61681.919606,25.049999237060547,24.799999237060547,354.0400085449219,90.0,0.0001
2020-11-11,15297.21,15965.0,15272.68,15684.24,78469.746458,25.079999923706055,23.450000762939453,356.6700134277344,86.0,0.0001
2020-11-12,15684.25,16340.7,15440.64,16291.86,102196.356592,25.079999923706055,25.350000381469727,353.2099914550781,87.0,0.0001
2020-11-13,16291.85,16480.0,15952.35,16320.7,75691.881014,25.030000686645508,23.100000381469727,358.1000061035156,89.0,0.0001
2020-11-14,16320.04,16326.99,15670.0,16070.45,59116.347179,25.030000686645508,23.100000381469727,358.1000061035156,90.0,8.092333333333333e-05
2020-11-15,16069.56,16180.0,15774.72,15957.0,43596.841513,25.030000686645508,23.100000381469727,358.1000061035156,86.0,0.0001
2020-11-16,15957.0,16880.0,15864.0,16713.57,81300.675924,24.969999313354492,22.450000762939453,362.57000732421875,90.0,0.0001
2020-11-17,16713.08,17858.82,16538.0,17659.38,115221.403102,24.93000030517578,22.709999084472656,360.6199951171875,86.0,0.0001
2020-11-18,17659.38,18476.93,17214.45,17776.12,149019.788134,24.940000534057617,23.84000015258789,356.2799987792969,91.0,0.0003339866666666667
2020-11-19,17777.75,18179.8,17335.65,17802.82,93009.561008,24.899999618530273,23.110000610351562,357.7799987792969,94.0,0.00029074
2020-11-20,17802.81,18815.22,17740.04,18655.67,88423.018489,24.93000030517578,23.700000762939453,355.3299865722656,86.0,0.0003830466666666667
2020-11-21,18655.66,18965.9,18308.58,18703.8,75577.458394,24.93000030517578,23.700000762939453,355.3299865722656,91.0,0.00026479333333333336
2020-11-22,18703.8,18750.0,17610.86,18414.43,81645.737778,24.93000030517578,23.700000762939453,355.3299865722656,94.0,0.0007796166666666667
2020-11-23,18413.88,18766.0,18000.0,18368.0,82961.506093,24.969999313354492,22.65999984741211,357.4599914550781,90.0,0.0009524966666666666
2020-11-24,18368.01,19418.97,18018.0,19160.01,113581.509241,24.850000381469727,21.639999389648438,363.2200012207031,88.0,0.0006411433333333333
2020-11-25,19160.0,19484.21,18500.27,18719.11,93266.576887,24.809999465942383,21.25,362.6600036621094,94.0,0.0006586866666666667
2020-11-26,18718.83,18915.03,16188.0,17149.47,181005.246693,24.809999465942383,21.25,362.6600036621094,93.0,0.00025780000000000003
2020-11-27,17149.47,17457.62,16438.08,17139.52,85297.024787,24.760000228881836,20.84000015258789,363.6700134277344,86.0,0.00010257666666666666
2020-11-28,17139.53,17880.49,16865.56,17719.85,64910.69997,24.760000228881836,20.84000015258789,363.6700134277344,87.0,0.0001
2020-11-29,17719.84,18360.05,17517.0,18184.99,55329.016303,24.760000228881836,20.84000015258789,363.6700134277344,89.0,0.0001
2020-11-30,18185.0,19863.16,18184.99,19695.87,115463.466888,24.81999969482422,20.56999969482422,362.05999755859375,88.0,0.0001649366666666667
2020-12-01,19695.87,19888.0,18001.12,18764.96,127698.762652,24.600000381469727,20.770000457763672,366.0199890136719,95.0,0.00033587333333333336
2020-12-02,18764.96,19342.0,18330.0,19204.09,75911.013478,24.56999969482422,21.170000076293945,366.7900085449219,92.0,0.0001
2020-12-03,19204.08,19598.0,18867.2,19421.9,66689.391279,24.440000534057617,21.280000686645508,366.69000244140625,92.0,0.00015151666666666665
2020-12-04,19422.34,19527.0,18565.31,18650.52,71283.6682,24.469999313354492,20.790000915527344,369.8500061035156,92.0,0.00010901
2020-12-05,18650.51,19177.0,18500.0,19147.66,42922.748573,24.469999313354492,20.790000915527344,369.8500061035156,93.0,0.0001
2020-12-06,19147.66,19420.0,18857.0,19359.4,37043.091861,24.469999313354492,20.790000915527344,369.8500061035156,95.0,0.0001
2020-12-07,19358.67,19420.91,18902.88,19166.9,41372.296293,24.510000228881836,21.299999237060547,369.0899963378906,94.0,0.0001
2020-12-08,19166.9,19294.84,18200.0,18324.11,61626.947614,24.540000915527344,20.68000030517578,370.1700134277344,95.0,0.0001
2020-12-09,18324.11,18639.57,17650.0,18541.28,79585.553801,24.549999237060547,22.270000457763672,366.8500061035156,86.0,0.0001
2020-12-10,18541.29,18557.32,17911.12,18254.63,52890.675094,24.479999542236328,22.520000457763672,366.7300109863281,94.0,0.0001
2020-12-11,18254.81,18292.73,17572.33,18036.53,72610.724259,24.540000915527344,23.309999465942383,366.29998779296875,89.0,0.0001
2020-12-12,18036.53,18948.66,18020.7,18808.69,49519.978432,24.540000915527344,23.309999465942383,366.29998779296875,90.0,4.0596666666666664e-05
2020-12-13,18808.69,19411.0,18711.12,19174.99,56560.821744,24.540000915527344,23.309999465942383,366.29998779296875,91.0,0.0001
2020-12-14,19174.99,19349.0,19000.0,19273.14,47257.201294,24.469999313354492,24.719999313354492,364.6600036621094,95.0,0.0001
2020-12-15,19273.69,19570.0,19050.0,19426.43,61834.366011,24.389999389648438,22.889999389648438,369.5899963378906,91.0,0.0001
2020-12-16,19426.43,21560.0,19278.6,21335.52,114306.33557,24.360000610351562,22.5,370.1700134277344,92.0,0.00022018000000000002
2020-12-17,21335.52,23800.0,21230.0,22797.16,184882.476748,24.229999542236328,21.93000030517578,372.239990234375,92.0,0.00028657666666666667
2020-12-18,22797.15,23285.18,22350.0,23107.39,79646.134315,24.260000228881836,21.56999969482422,369.17999267578125,95.0,0.0004237066666666666
2020-12-19,23107.39,24171.47,22750.0,23821.61,86045.064677,24.260000228881836,21.56999969482422,369.17999267578125,93.0,0.00039525333333333335
2020-12-20,23821.6,24295.0,23060.0,23455.52,76690.145685,24.260000228881836,21.56999969482422,369.17999267578125,92.0,0.0005153666666666666
2020-12-21,23455.54,24102.77,21815.0,22719.71,88030.297243,24.309999465942383,25.15999984741211,367.8599853515625,92.0,0.00031928333333333333
2020-12-22,22719.88,23837.1,22353.4,23810.79,87033.12616,24.440000534057617,24.229999542236328,367.239990234375,88.0,0.00013318666666666665
2020-12-23,23810.79,24100.0,22600.0,23232.76,119047.259733,24.329999923706055,23.309999465942383,367.57000732421875,93.0,0.00010508
2020-12-24,23232.39,23794.43,22703.42,23729.2,69013.834252,24.350000381469727,21.530000686645508,369.0,86.0,0.00015738666666666667
2020-12-25,23728.99,24789.86,23433.6,24712.47,79519.943569,24.350000381469727,21.530000686645508,369.0,94.0,0.00021144333333333334
2020-12-26,24712.47,26867.03,24500.0,26493.39,97806.513386,24.350000381469727,21.530000686645508,369.0,93.0,0.00012321666666666666
2020-12-27,26493.4,28422.0,25700.0,26281.66,148455.586214,24.350000381469727,21.530000686645508,369.0,91.0,0.0003885733333333333
2020-12-28,26281.54,27500.0,26101.0,27079.41,79721.742496,24.350000381469727,21.700000762939453,372.1700134277344,92.0,0.0005029133333333333
2020-12-29,27079.42,27410.0,25880.0,27385.0,69411.592606,24.270000457763672,23.079999923706055,371.4599914550781,91.0,0.00042179
2020-12-30,27385.0,28996.0,27320.0,28875.54,95356.057826,24.170000076293945,22.770000457763672,371.989990234375,91.0,0.0006289833333333333
2020-12-31,28875.55,29300.0,27850.0,28923.63,75508.505152,24.239999771118164,22.75,373.8800048828125,95.0,0.00050127
2021-01-01,28923.63,29600.0,28624.57,29331.69,54182.925011,24.239999771118164,22.75,373.8800048828125,94.0,0.0002784866666666667
2021-01-02,29331.7,33300.0,28946.53,32178.33,129993.873362,24.239999771118164,22.75,373.8800048828125,94.0,0.00048540666666666666
2021-01-03,32176.45,34778.11,31962.99,33000.05,120957.56675,24.239999771118164,22.75,373.8800048828125,93.0,0.0013126933333333334
2021-01-04,33000.05,33600.0,28130.0,31988.71,140899.88569,24.260000228881836,26.969999313354492,368.7900085449219,94.0,0.0015224833333333336
2021-01-05,31989.75,34360.0,29900.0,33949.53,116049.997038,24.1200008392334,25.34000015258789,371.3299865722656,93.0,0.00066136
2021-01-06,33949.53,36939.21,33288.0,36769.36,127139.20131,24.09000015258789,25.06999969482422,373.54998779296875,95.0,0.0016215133333333331
2021-01-07,36769.36,40365.0,36300.0,39432.28,132825.700437,24.229999542236328,22.3700008392334,379.1000061035156,91.0,0.0011430033333333332
2021-01-08,39432.48,41950.0,36500.0,40582.81,139789.957499,24.270000457763672,21.559999465942383,381.260009765625,93.0,0.0014581766666666666
2021-01-09,40586.96,41380.0,38720.0,40088.22,75785.979675,24.270000457763672,21.559999465942383,381.260009765625,93.0,0.0009227133333333334
2021-01-10,40088.22,41350.0,35111.11,38150.02,118209.544503,24.270000457763672,21.559999465942383,381.260009765625,94.0,0.00106408
2021-01-11,38150.02,38264.74,30420.0,35404.47,251156.138287,24.420000076293945,24.079999923706055,378.69000244140625,90.0,0.0007382766666666667
2021-01-12,35410.37,36628.0,32531.0,34051.24,133948.151996,24.290000915527344,23.329999923706055,378.7699890136719,84.0,0.00046441999999999995
2021-01-13,34049.15,37850.0,32380.0,37371.38,124477.914938,24.3700008392334,22.209999084472656,379.7900085449219,78.0,0.00035962666666666663
2021-01-14,37371.38,40100.0,36701.23,39144.5,102950.389421,24.31999969482422,23.25,378.4599914550781,83.0,0.0007315366666666667
2021-01-15,39145.21,39747.76,34408.0,36742.22,118300.920916,24.479999542236328,24.34000015258789,375.70001220703125,88.0,0.0007943199999999999
2021-01-16,36737.43,37950.0,35357.8,35994.98,86348.431508,24.479999542236328,24.34000015258789,375.70001220703125,84.0,0.00037023
2021-01-17,35994.98,36852.5,33850.0,35828.61,80157.727384,24.479999542236328,24.34000015258789,375.70001220703125,79.0,0.00024461666666666666
2021-01-18,35824.99,37469.83,34800.0,36631.27,70698.11875,24.479999542236328,24.34000015258789,375.70001220703125,79.0,0.0006941533333333334
2021-01-19,36622.46,37850.0,35844.06,35891.49,79611.307769,24.40999984741211,23.239999771118164,378.6499938964844,80.0,0.0012007566666666668
2021-01-20,35901.94,36415.31,33400.0,35468.23,89368.422918,24.399999618530273,21.579999923706055,383.8900146484375,78.0,0.00040875666666666667
2021-01-21,35468.23,35600.0,30071.0,30850.13,135004.076658,24.290000915527344,21.31999969482422,384.239990234375,75.0,0.00039007999999999995
2021-01-22,30851.99,33826.53,28850.0,32945.17,142971.684049,24.34000015258789,21.90999984741211,382.8800048828125,40.0,0.0001
2021-01-23,32950.0,33456.0,31390.16,32078.0,64595.287675,24.34000015258789,21.90999984741211,382.8800048828125,74.0,0.00010727333333333334
2021-01-24,32078.0,33071.0,30900.0,32259.9,57978.037966,24.34000015258789,21.90999984741211,382.8800048828125,70.0,0.00021918666666666665
2021-01-25,32259.45,34875.0,31910.0,32254.2,88499.226921,24.3700008392334,23.190000534057617,384.3900146484375,74.0,0.00034889
2021-01-26,32254.19,32921.88,30837.37,32467.77,84972.20691,24.299999237060547,23.020000457763672,383.7900085449219,71.0,0.00011168666666666666
2021-01-27,32464.01,32557.29,29241.72,30366.15,95911.961711,24.450000762939453,37.209999084472656,374.4100036621094,78.0,0.0001
2021-01-28,30362.19,33783.98,29842.1,33364.86,92621.145617,24.389999389648438,30.209999084472656,377.6300048828125,55.0,0.00014087333333333334
2021-01-29,33368.18,38531.9,31915.4,34252.2,231827.005626,24.420000076293945,33.09000015258789,370.07000732421875,77.0,0.0008053066666666667
2021-01-30,34246.28,34933.0,32825.0,34262.88,84889.68134,24.420000076293945,33.09000015258789,370.07000732421875,76.0,0.00041612
2021-01-31,34262.89,34342.69,32171.67,33092.98,68742.280384,24.420000076293945,33.09000015258789,370.07000732421875,78.0,0.00048431666666666663
2021-02-01,33092.97,34717.27,32296.16,33526.37,82718.276882,24.540000915527344,30.239999771118164,376.2300109863281,77.0,0.00039447
2021-02-02,33517.09,35984.33,33418.0,35466.24,78056.65988,24.56999969482422,25.559999465942383,381.54998779296875,76.0,0.0006774866666666666
2021-02-03,35472.71,37662.63,35362.38,37618.87,80784.333663,24.559999465942383,22.90999984741211,381.8500061035156,78.0,0.0007779633333333333
2021-02-04,37620.26,38708.27,36161.95,36936.66,92080.735898,24.670000076293945,21.770000457763672,386.19000244140625,80.0,0.00055095
2021-02-05,36936.65,38310.12,36570.0,38290.24,66681.334275,24.530000686645508,20.8700008392334,387.7099914550781,81.0,0.0007687566666666666
2021-02-06,38289.32,40955.51,38215.94,39186.94,98757.311183,24.530000686645508,20.8700008392334,387.7099914550781,84.0,0.0006899333333333334
2021-02-07,39181.01,39700.0,37351.0,38795.69,84363.679763,24.530000686645508,20.8700008392334,387.7099914550781,86.0,0.0010895766666666666
2021-02-08,38795.69,46794.45,37988.89,46374.87,138597.536914,24.520000457763672,21.239999771118164,390.510009765625,83.0,0.00122049
2021-02-09,46374.86,48142.19,44961.09,46420.42,115499.861712,24.389999389648438,21.6299991607666,390.25,95.0,0.00159619
2021-02-10,46420.42,47310.0,43727.0,44807.58,97154.1822,24.3799991607666,21.989999771118164,390.0799865722656,92.0,0.0013735333333333335
2021-02-11,44807.58,48678.9,43994.02,47969.51,89561.081454,24.3700008392334,21.25,390.7099914550781,93.0,0.0011130733333333334
2021-02-12,47968.66,48985.8,46125.0,47287.6,85870.035697,24.389999389648438,19.969999313354492,392.6400146484375,92.0,0.0011997833333333332
2021-02-13,47298.15,48150.0,46202.53,47153.69,63768.097399,24.389999389648438,19.969999313354492,392.6400146484375,92.0,0.0011918466666666668
2021-02-14,47156.78,49707.43,47014.17,48577.79,73735.475533,24.389999389648438,19.969999313354492,392.6400146484375,95.0,0.0012690733333333333
2021-02-15,48580.47,49010.92,45570.79,47911.1,79398.156784,24.389999389648438,19.969999313354492,392.6400146484375,93.0,0.0007553666666666667
2021-02-16,47911.1,50689.18,47003.62,49133.45,88813.266298,24.389999389648438,21.459999084472656,392.29998779296875,95.0,0.0012165466666666667
2021-02-17,49133.45,52618.74,48947.0,52119.71,85743.637818,24.489999771118164,21.5,392.3900146484375,95.0,0.0011487133333333334
2021-02-18,52117.67,52530.0,50901.9,51552.6,60758.046954,24.40999984741211,22.489999771118164,390.7200012207031,91.0,0.0013746466666666665
2021-02-19,51552.61,56368.0,50710.2,55906.0,79659.77802,24.350000381469727,22.049999237060547,390.0299987792969,93.0,0.00101524
2021-02-20,55906.0,57700.46,53863.93,55841.19,80948.205314,24.350000381469727,22.049999237060547,390.0299987792969,91.0,0.0013177266666666665
2021-02-21,55841.19,58352.8,55477.59,57408.57,58166.708511,24.350000381469727,22.049999237060547,390.0299987792969,91.0,0.0010839966666666666
2021-02-22,57412.35,57508.47,47622.0,54087.67,134019.434944,24.280000686645508,23.450000762939453,387.0299987792969,94.0,0.00095565
2021-02-23,54087.67,54183.59,44892.56,48891.0,169375.025051,24.299999237060547,23.110000610351562,387.5,94.0,0.00022616
2021-02-24,48891.0,51374.99,46988.69,49676.2,91881.209252,24.260000228881836,21.34000015258789,391.7699890136719,76.0,0.00033026666666666665
2021-02-25,49676.21,52041.73,46674.34,47073.73,83310.673121,24.34000015258789,28.889999389648438,382.3299865722656,79.0,0.00023335333333333332
2021-02-26,47073.73,48424.11,44106.78,46276.87,109423.200663,24.520000457763672,27.950000762939453,380.3599853515625,55.0,0.0001
2021-02-27,46276.88,48394.0,45000.0,46106.43,66060.834292,24.520000457763672,27.950000762939453,380.3599853515625,56.0,0.0002825733333333333
2021-02-28,46103.67,46638.46,43000.0,45135.66,83055.369042,24.520000457763672,27.950000762939453,380.3599853515625,55.0,0.00019235333333333333
2021-03-01,45134.11,49790.0,44950.53,49587.03,85086.111648,24.540000915527344,23.350000381469727,389.5799865722656,38.0,0.00012307
2021-03-02,49595.76,50200.0,47047.6,48440.65,64221.06214,24.450000762939453,24.100000381469727,386.5400085449219,78.0,0.0001
2021-03-03,48436.61,52640.0,48100.71,50349.37,81035.913705,24.520000457763672,26.670000076293945,381.4200134277344,78.0,0.00021692666666666666
2021-03-04,50349.37,51773.88,47500.0,48374.09,82649.716829,24.68000030517578,28.56999969482422,376.70001220703125,84.0,0.0001
2021-03-05,48374.09,49448.93,46300.0,48751.71,78192.496372,24.770000457763672,24.65999984741211,383.6300048828125,77.0,0.0001
2021-03-06,48746.81,49200.0,47070.0,48882.2,44399.234242,24.770000457763672,24.65999984741211,383.6300048828125,77.0,0.0001
2021-03-07,48882.2,51450.03,48882.2,50971.75,55235.028032,24.770000457763672,24.65999984741211,383.6300048828125,76.0,0.00012535333333333332
2021-03-08,50959.11,52402.78,49274.67,52375.17,66987.359664,24.90999984741211,25.469999313354492,381.7200012207031,81.0,0.00014919
2021-03-09,52375.18,54895.0,51789.41,54884.5,71656.737076,24.770000457763672,24.030000686645508,387.1700134277344,81.0,0.0005714433333333333
2021-03-10,54874.67,57387.69,53005.0,55851.59,84749.238943,24.729999542236328,22.559999465942383,389.5799865722656,68.0,0.0004328166666666667
2021-03-11,55851.59,58150.0,54272.82,57773.16,81914.812859,24.610000610351562,21.90999984741211,393.5299987792969,73.0,0.0009355833333333334
2021-03-12,57773.15,58081.51,54962.84,57221.72,73405.406047,24.690000534057617,20.690000534057617,394.05999755859375,70.0,0.0007344933333333333
2021-03-13,57221.72,61844.0,56078.23,61188.39,83245.091346,24.690000534057617,20.690000534057617,394.05999755859375,74.0,0.0005517166666666667
2021-03-14,61188.38,61724.79,58966.78,58968.31,52601.05275,24.690000534057617,20.690000534057617,394.05999755859375,78.0,0.0009383
2021-03-15,58976.08,60633.43,54600.0,55605.2,102771.427298,24.739999771118164,20.030000686645508,396.4100036621094,76.0,0.0006766533333333333
2021-03-16,55605.2,56938.29,53271.34,56900.75,77986.694355,24.739999771118164,19.790000915527344,395.9100036621094,71.0,0.00033036000000000003
2021-03-17,56900.74,58974.73,54123.69,58912.97,70421.620841,24.6200008392334,19.229999542236328,397.260009765625,71.0,0.00026392
2021-03-18,58912.97,60129.97,57023.0,57648.16,66580.406675,24.770000457763672,21.579999923706055,391.4800109863281,72.0,0.00030690333333333335
2021-03-19,57641.0,59468.0,56270.74,58030.01,52392.652961,24.780000686645508,20.950000762939453,389.4800109863281,71.0,0.00026051
2021-03-20,58030.01,59880.0,57820.17,58102.28,44476.941776,24.780000686645508,20.950000762939453,389.4800109863281,75.0,0.00047556000000000003
2021-03-21,58100.02,58589.1,55450.11,57351.56,48564.470274,24.780000686645508,20.950000762939453,389.4800109863281,73.0,0.0002791366666666667
2021-03-22,57351.56,58430.73,53650.0,54083.25,62581.626169,24.729999542236328,18.8799991607666,392.5899963378906,70.0,0.00048819333333333337
2021-03-23,54083.25,55830.9,53000.0,54340.89,59789.365427,24.8799991607666,20.299999237060547,389.5,66.0,0.00031024666666666667
2021-03-24,54342.8,57200.0,51700.0,52303.65,83537.465021,24.940000534057617,21.200000762939453,387.5199890136719,65.0,0.0003214766666666667
2021-03-25,52303.66,53287.0,50427.56,51293.78,87400.534538,25.010000228881836,19.809999465942383,389.70001220703125,60.0,0.00010609333333333334
2021-03-26,51293.78,55073.46,51214.6,55025.59,63813.774692,24.979999542236328,18.860000610351562,395.9800109863281,54.0,0.00012
2021-03-27,55025.59,56700.36,53950.0,55817.14,50105.475055,24.979999542236328,18.860000610351562,395.9800109863281,65.0,0.0001
2021-03-28,55817.14,56559.75,54691.84,55777.63,39050.387511,24.979999542236328,18.860000610351562,395.9800109863281,74.0,0.0001
2021-03-29,55777.65,58405.82,54800.01,57635.47,67857.937398,25.040000915527344,20.739999771118164,395.7799987792969,72.0,0.00012723666666666667
2021-03-30,57635.46,59368.0,57071.35,58746.57,55122.443122,25.139999389648438,19.610000610351562,394.7300109863281,72.0,0.00047595
2021-03-31,58746.57,59800.0,56769.0,58740.55,60975.542666,25.1200008392334,19.399999618530273,396.3299865722656,76.0,0.00070019
2021-04-01,58739.46,59490.0,57935.45,58720.44,47415.61722,25.010000228881836,17.329999923706055,400.6099853515625,74.0,0.0008548533333333333
2021-04-02,58720.45,60200.0,58428.57,58950.01,47382.418781,25.010000228881836,17.329999923706055,400.6099853515625,74.0,0.00093083
2021-04-03,58950.01,59791.72,56880.0,57051.94,47409.852113,25.010000228881836,17.329999923706055,400.6099853515625,73.0,0.0009080766666666667
2021-04-04,57051.95,58492.85,56388.0,58202.01,41314.081973,25.010000228881836,17.329999923706055,400.6099853515625,74.0,0.0004236866666666667
2021-04-05,58202.01,59272.0,56777.77,59129.99,54258.01579,24.93000030517578,17.90999984741211,406.3599853515625,71.0,0.00040029999999999997
2021-04-06,59129.99,59495.24,57413.02,57991.15,54201.000727,24.8700008392334,18.1200008392334,406.1199951171875,75.0,0.0007956700000000001
2021-04-07,57990.03,58655.0,55473.0,55953.45,71228.405659,24.899999618530273,17.15999984741211,406.5899963378906,72.0,0.00055006
2021-04-08,55953.44,58153.31,55700.0,58077.52,44283.147019,24.790000915527344,16.950000762939453,408.5199890136719,73.0,0.0003065066666666667
2021-04-09,58077.52,58894.9,57654.0,58142.54,40831.884911,24.809999465942383,16.690000534057617,411.489990234375,70.0,0.0002256566666666667
2021-04-10,58142.55,61500.0,57900.01,59769.13,69906.424117,24.809999465942383,16.690000534057617,411.489990234375,70.0,0.0009374499999999999
2021-04-11,59769.13,60699.0,59232.52,60002.43,41156.715391,24.809999465942383,16.690000534057617,411.489990234375,76.0,0.0009738666666666666
2021-04-12,59998.8,61300.0,59350.59,59860.0,56375.037117,24.799999237060547,16.90999984741211,411.6400146484375,74.0,0.0009816466666666666
2021-04-13,59860.01,63777.77,59805.15,63575.0,82848.688746,24.709999084472656,16.649999618530273,412.8599853515625,74.0,0.0009889
2021-04-14,63575.01,64854.0,61301.0,62959.53,82616.343993,24.68000030517578,16.989999771118164,411.45001220703125,75.0,0.00101287
2021-04-15,62959.53,63800.0,62020.0,63159.98,51649.70034,24.68000030517578,16.56999969482422,415.8699951171875,79.0,0.0008958033333333333
2021-04-16,63158.74,63520.61,60000.0,61334.8,91764.139884,24.649999618530273,16.25,417.260009765625,78.0,0.0011506266666666666
2021-04-17,61334.81,62506.05,59580.91,60006.66,58912.256128,24.649999618530273,16.25,417.260009765625,76.0,0.00065495
2021-04-18,60006.67,60499.0,50931.3,56150.01,124882.131824,24.649999618530273,16.25,417.260009765625,79.0,0.00050024
2021-04-19,56150.01,57526.81,54221.58,55633.14,78229.042267,24.510000228881836,17.290000915527344,415.2099914550781,74.0,0.0001
2021-04-20,55633.14,57076.24,53329.96,56425.0,72744.482151,24.549999237060547,18.68000030517578,412.1700134277344,73.0,0.0001
2021-04-21,56425.0,56757.91,53536.02,53787.63,66984.756909,24.520000457763672,17.5,416.07000732421875,73.0,0.0001
2021-04-22,53787.62,55521.48,50500.0,51690.96,104656.631337,24.59000015258789,18.709999084472656,412.2699890136719,65.0,0.0001
2021-04-23,51690.95,52131.85,47500.0,51125.14,132230.780719,24.450000762939453,17.329999923706055,416.739990234375,55.0,0.00022539333333333332
2021-04-24,51110.56,51166.22,48657.14,50047.84,55361.512573,24.450000762939453,17.329999923706055,416.739990234375,37.0,0.00018144000000000002
2021-04-25,50047.84,50567.91,46930.0,49066.77,58255.645004,24.450000762939453,17.329999923706055,416.739990234375,31.0,0.00023419333333333332
2021-04-26,49066.76,54356.62,48753.44,54001.39,86310.802124,24.450000762939453,17.639999389648438,417.6099853515625,27.0,0.0001
2021-04-27,54001.38,55460.0,53222.0,55011.97,54064.034675,24.459999084472656,17.559999465942383,417.5199890136719,50.0,0.0001
2021-04-28,55011.97,56428.0,53813.16,54846.22,55130.459015,24.3700008392334,17.280000686645508,417.3999938964844,59.0,0.0001
2021-04-29,54846.23,55195.84,52330.94,53555.0,52486.019455,24.3799991607666,17.610000610351562,420.05999755859375,52.0,0.0001
2021-04-30,53555.0,57963.0,53013.01,57694.27,68578.910045,24.579999923706055,18.610000610351562,417.29998779296875,51.0,0.0001
2021-05-01,57697.25,58458.07,56956.14,57800.37,42600.351836,24.579999923706055,18.610000610351562,417.29998779296875,68.0,0.0001790166666666667
2021-05-02,57797.35,57911.02,56035.25,56578.21,36812.878863,24.579999923706055,18.610000610351562,417.29998779296875,66.0,0.0003546233333333333
2021-05-03,56578.21,58981.44,56435.0,57169.39,57649.931286,24.469999313354492,18.309999465942383,418.20001220703125,61.0,0.00047936
2021-05-04,57169.39,57200.0,53046.69,53200.01,85324.625903,24.579999923706055,19.479999542236328,415.6199951171875,68.0,0.0004319033333333333
2021-05-05,53205.05,58069.82,52900.0,57436.11,77263.923439,24.56999969482422,19.149999618530273,415.75,48.0,0.00032964333333333334
2021-05-06,57436.11,58360.0,55200.0,56393.68,70181.671908,24.450000762939453,18.389999389648438,419.07000732421875,65.0,0.0007653633333333333
2021-05-07,56393.68,58650.0,55241.63,57314.75,74542.747829,24.270000457763672,16.690000534057617,422.1199951171875,64.0,0.00038367333333333333
2021-05-08,57315.49,59500.0,56900.0,58862.05,69709.906028,24.270000457763672,16.690000534057617,422.1199951171875,67.0,0.0005069166666666667
2021-05-09,58866.53,59300.0,56235.66,58240.84,69806.11991,24.270000457763672,16.690000534057617,422.1199951171875,73.0,0.00052217
2021-05-10,58240.83,59500.0,53400.0,55816.14,89586.34925,24.270000457763672,19.65999984741211,417.94000244140625,72.0,0.0007414733333333334
2021-05-11,55816.14,56862.43,54370.0,56670.02,64329.54055,24.25,21.84000015258789,414.2099914550781,61.0,0.00038685333333333337
2021-05-12,56670.02,58000.01,48600.0,49631.32,99842.789836,24.43000030517578,27.59000015258789,405.4100036621094,68.0,0.00030052000000000003
2021-05-13,49537.15,51367.19,46000.0,49670.97,147332.002121,24.389999389648438,23.1299991607666,410.2799987792969,31.0,0.00014833666666666667
2021-05-14,49671.92,51483.0,48799.75,49841.45,80082.204306,24.290000915527344,18.809999465942383,416.5799865722656,26.0,0.0003010933333333333
2021-05-15,49844.16,50700.0,46555.0,46762.99,89437.449359,24.290000915527344,18.809999465942383,416.5799865722656,27.0,0.00013425333333333332
2021-05-16,46762.99,49795.89,43825.39,46431.5,114269.812775,24.290000915527344,18.809999465942383,416.5799865722656,20.0,0.00031042
2021-05-17,46426.83,46686.0,42001.0,43538.04,166657.172736,24.260000228881836,19.719999313354492,415.5199890136719,27.0,0.0004442766666666667
2021-05-18,43538.02,45799.29,42250.02,42849.78,116979.860784,24.149999618530273,21.34000015258789,411.94000244140625,21.0,0.0003039166666666667
2021-05-19,42849.78,43584.9,30000.0,36690.09,354347.243161,24.260000228881836,22.18000030517578,410.8599853515625,23.0,-0.00014628
2021-05-20,36671.23,42451.67,34850.0,40526.64,203017.596923,24.139999389648438,20.670000076293945,415.2799987792969,11.0,0.0001
2021-05-21,40525.39,42200.0,33488.0,37252.01,202100.888258,24.219999313354492,20.149999618530273,414.94000244140625,19.0,5.5150000000000006e-05
2021-05-22,37263.35,38829.0,35200.62,37449.73,126542.243689,24.219999313354492,20.149999618530273,414.94000244140625,12.0,-1.482666666666666e-05
2021-05-23,37458.51,38270.64,31111.01,34655.25,217136.046593,24.219999313354492,20.149999618530273,414.94000244140625,14.0,-4.58e-06
2021-05-24,34681.44,39920.0,34031.0,38796.29,161630.893971,24.15999984741211,18.399999618530273,419.1700134277344,10.0,-5.4499999999999997e-05
2021-05-25,38810.99,39791.77,36419.62,38324.72,111996.228404,24.1299991607666,18.84000015258789,418.239990234375,22.0,0.0001
2021-05-26,38324.72,40841.0,37800.44,39241.91,104780.773396,24.219999313354492,17.360000610351562,419.07000732421875,22.0,0.0001
2021-05-27,39241.92,40411.14,37134.27,38529.98,86547.158794,24.200000762939453,16.739999771118164,419.2900085449219,27.0,0.0001
2021-05-28,38529.99,38877.83,34684.0,35663.49,135377.62972,24.219999313354492,16.760000228881836,420.0400085449219,21.0,0.0001
2021-05-29,35661.79,37338.58,33632.76,34605.15,112663.092689,24.219999313354492,16.760000228881836,420.0400085449219,18.0,0.00010125
2021-05-30,34605.15,36488.0,33379.0,35641.27,73535.386967,24.219999313354492,16.760000228881836,420.0400085449219,10.0,0.0001
2021-05-31,35641.26,37499.0,34153.84,37253.81,94160.735289,24.219999313354492,16.760000228881836,420.0400085449219,18.0,0.0001
2021-06-01,37253.82,37894.81,35666.0,36693.09,81234.66377,24.18000030517578,17.899999618530273,419.6700134277344,20.0,0.0001
2021-06-02,36694.85,38225.0,35920.0,37568.68,67587.372495,24.18000030517578,17.479999542236328,420.3299865722656,23.0,0.0001
2021-06-03,37568.68,39476.0,37170.0,39246.79,75889.106011,24.329999923706055,18.040000915527344,418.7699890136719,24.0,0.0001
2021-06-04,39246.78,39289.07,35555.15,36829.0,91317.799245,24.239999771118164,16.420000076293945,422.6000061035156,27.0,0.00013522
2021-06-05,36829.15,37925.0,34800.0,35513.2,70459.62149,24.239999771118164,16.420000076293945,422.6000061035156,24.0,0.0001
2021-06-06,35516.07,36480.0,35222.0,35796.31,47650.206637,24.239999771118164,16.420000076293945,422.6000061035156,17.0,0.0001
2021-06-07,35796.31,36900.0,33300.0,33552.79,77574.952573,24.200000762939453,16.420000076293945,422.19000244140625,15.0,0.0001
2021-06-08,33556.96,34068.01,31000.0,33380.81,123251.189037,24.229999542236328,17.06999969482422,422.2799987792969,13.0,7.005000000000001e-05
2021-06-09,33380.8,37534.79,32396.82,37388.05,136607.597517,24.25,17.889999389648438,421.6499938964844,14.0,-3.4129999999999993e-05
2021-06-10,37388.05,38491.0,35782.0,36675.72,109527.284943,24.229999542236328,16.100000381469727,423.6099853515625,21.0,-2.55333333333333e-06
2021-06-11,36677.83,37680.4,35936.77,37331.98,78466.0053,24.350000381469727,15.649999618530273,424.30999755859375,21.0,5.796e-05
2021-06-12,37331.98,37463.63,34600.36,35546.11,87717.54999,24.350000381469727,15.649999618530273,424.30999755859375,28.0,4.68666666666667e-06
2021-06-13,35546.12,39380.0,34757.0,39020.57,86921.025555,24.350000381469727,15.649999618530273,424.30999755859375,23.0,1.9776666666666666e-05
2021-06-14,39020.56,41064.05,38730.0,40516.29,108522.391949,24.329999923706055,16.389999389648438,425.260009765625,28.0,5.618666666666667e-05
2021-06-15,40516.28,41330.0,39506.4,40144.04,80679.622838,24.350000381469727,17.020000457763672,424.4800109863281,38.0,9.334000000000001e-05
2021-06-16,40143.8,40527.14,38116.01,38349.01,87771.976937,24.549999237060547,18.149999618530273,422.1099853515625,33.0,0.0001
2021-06-17,38349.0,39559.88,37365.0,38092.97,79541.307119,24.739999771118164,17.75,421.9700012207031,26.0,0.0001
2021-06-18,38092.97,38202.84,35129.29,35819.84,95228.042935,24.81999969482422,20.700000762939453,414.9200134277344,25.0,5.229e-05
2021-06-19,35820.48,36457.0,34803.52,35483.72,68712.449461,24.81999969482422,20.700000762939453,414.9200134277344,23.0,-2.390333333333333e-05
2021-06-20,35483.72,36137.72,33336.0,35600.16,89878.17085,24.81999969482422,20.700000762939453,414.9200134277344,21.0,5.2100000000000035e-06
2021-06-21,35600.17,35750.0,31251.23,31608.93,168778.873159,24.700000762939453,17.889999389648438,420.8599853515625,23.0,-3.8236666666666666e-05
2021-06-22,31614.12,33298.78,28805.0,32509.56,204208.179762,24.65999984741211,16.65999984741211,423.1099853515625,10.0,-4.9530000000000015e-05
2021-06-23,32509.56,34881.0,31683.0,33678.07,126966.100563,24.700000762939453,16.31999969482422,422.6000061035156,14.0,-0.00011173666666666667
2021-06-24,33675.07,35298.0,32286.57,34663.09,86625.80426,24.68000030517578,15.970000267028809,425.1000061035156,22.0,-5.549333333333333e-05
2021-06-25,34663.08,35500.0,31275.0,31584.45,116061.130356,24.690000534057617,15.619999885559082,426.6099853515625,27.0,7.457333333333334e-05
2021-06-26,31576.09,32730.0,30151.0,32283.65,107820.375287,24.690000534057617,15.619999885559082,426.6099853515625,20.0,-0.00011507
2021-06-27,32283.65,34749.0,31973.45,34700.34,96613.244211,24.690000534057617,15.619999885559082,426.6099853515625,22.0,-0.00034195
2021-06-28,34702.49,35297.71,33862.72,34494.89,82222.267819,24.700000762939453,15.760000228881836,427.4700012207031,25.0,3.4660000000000004e-05
2021-06-29,34494.89,36600.0,34225.43,35911.73,90788.79622,24.760000228881836,16.020000457763672,427.70001220703125,25.0,7.409666666666667e-05
2021-06-30,35911.72,36100.0,34017.55,35045.0,77152.197634,24.829999923706055,15.829999923706055,428.05999755859375,28.0,0.0001
2021-07-01,35045.0,35057.57,32711.0,33504.69,71708.266112,24.899999618530273,15.479999542236328,430.42999267578125,28.0,0.0001
2021-07-02,33502.33,33977.04,32699.0,33786.55,56172.181378,24.799999237060547,15.069999694824219,433.7200012207031,21.0,2.0390000000000003e-05
2021-07-03,33786.54,34945.61,33316.73,34669.13,43044.578641,24.799999237060547,15.069999694824219,433.7200012207031,24.0,-4.962e-05
2021-07-04,34669.12,35967.85,34357.15,35286.51,43703.475789,24.799999237060547,15.069999694824219,433.7200012207031,27.0,-2.5356666666666664e-05
2021-07-05,35288.13,35293.78,33125.55,33690.14,64123.874245,24.799999237060547,15.069999694824219,433.7200012207031,29.0,3.186666666666667e-05
2021-07-06,33690.15,35118.88,33532.0,34220.01,58210.596349,24.889999389648438,16.440000534057617,432.92999267578125,20.0,-6.678e-05
2021-07-07,34220.02,35059.09,33777.77,33862.12,53807.521675,24.93000030517578,16.200000762939453,434.4599914550781,28.0,2.2126666666666666e-05
2021-07-08,33862.11,33929.64,32077.0,32875.71,70136.48032,24.829999923706055,19.0,430.9200134277344,20.0,-0.00011033666666666665
2021-07-09,32875.71,34100.0,32261.07,33815.81,47153.939899,24.770000457763672,16.18000030517578,435.5199890136719,20.0,-0.00015698
2021-07-10,33815.81,34262.0,33004.78,33502.87,34761.175468,24.770000457763672,16.18000030517578,435.5199890136719,20.0,2.612666666666667e-05
2021-07-11,33502.87,34666.0,33306.47,34258.99,31572.647448,24.770000457763672,16.18000030517578,435.5199890136719,20.0,4.804e-05
2021-07-12,34259.0,34678.43,32658.34,33086.63,48181.403762,24.799999237060547,16.170000076293945,437.0799865722656,25.0,7.438e-05
2021-07-13,33086.94,33340.0,32202.25,32729.77,41126.361008,24.950000762939453,17.1200008392334,435.5899963378906,20.0,6.684e-05
2021-07-14,32729.12,33114.03,31550.0,32820.02,46777.823484,24.829999923706055,16.329999923706055,436.239990234375,21.0,-1.4533333333333308e-06
2021-07-15,32820.03,33185.25,31133.0,31880.0,51639.576353,24.899999618530273,17.010000228881836,434.75,20.0,2.2310000000000005e-05
2021-07-16,31874.49,32249.18,31020.0,31383.87,48499.864154,24.93000030517578,18.450000762939453,431.3399963378906,22.0,-1.4503333333333332e-05
2021-07-17,31383.86,31955.92,31164.31,31520.07,34012.242132,24.93000030517578,18.450000762939453,431.3399963378906,15.0,2.674e-05
2021-07-18,31520.07,32435.0,31108.97,31778.56,35923.716186,24.93000030517578,18.450000762939453,431.3399963378906,19.0,5.188666666666667e-05
2021-07-19,31778.57,31899.0,30407.44,30839.65,47340.468499,24.969999313354492,22.5,424.9700012207031,24.0,-1.8523333333333333e-05
2021-07-20,30839.65,31063.07,29278.0,29790.35,61034.049017,25.0,19.729999542236328,431.05999755859375,19.0,-0.00015731666666666668
2021-07-21,29790.34,32858.0,29482.61,32144.51,82796.265128,24.940000534057617,17.90999984741211,434.54998779296875,10.0,-0.0003144066666666667
2021-07-22,32144.51,32591.35,31708.0,32287.83,46148.092433,24.969999313354492,17.690000534057617,435.4599914550781,21.0,-4.508333333333333e-05
2021-07-23,32287.58,33650.0,31924.32,33634.09,50112.863626,24.979999542236328,17.200000762939453,439.94000244140625,23.0,-5.877e-05
2021-07-24,33634.1,34500.0,33401.14,34258.14,47977.550138,24.979999542236328,17.200000762939453,439.94000244140625,22.0,-0.00010409333333333334
2021-07-25,34261.51,35398.0,33851.12,35381.02,47852.928313,24.979999542236328,17.200000762939453,439.94000244140625,27.0,-0.00017530333333333332
2021-07-26,35381.02,40550.0,35205.78,37237.6,152452.512724,24.899999618530273,17.579999923706055,441.0199890136719,26.0,-0.00011613666666666668
2021-07-27,37241.33,39542.61,36383.0,39457.87,88397.267015,24.860000610351562,19.360000610351562,439.010009765625,32.0,5.917333333333334e-05
2021-07-28,39456.61,40900.0,38772.0,40019.56,101344.528441,24.790000915527344,18.309999465942383,438.8299865722656,50.0,5.987666666666667e-05
2021-07-29,40019.57,40640.0,39200.0,40016.48,53998.439283,24.700000762939453,17.700000762939453,440.6499938964844,50.0,6.589666666666666e-05
2021-07-30,40018.49,42316.71,38313.23,42206.37,73602.784805,24.770000457763672,18.239999771118164,438.510009765625,53.0,5.874333333333334e-05
2021-07-31,42206.36,42448.0,41000.15,41461.83,44849.791012,24.770000457763672,18.239999771118164,438.510009765625,60.0,0.0001
2021-08-01,41461.84,42599.0,39422.01,39845.44,53953.186326,24.770000457763672,18.239999771118164,438.510009765625,60.0,0.0001
2021-08-02,39850.27,40480.01,38690.0,39147.82,50837.351954,24.739999771118164,19.459999084472656,437.5899963378906,48.0,0.0001
2021-08-03,39146.86,39780.0,37642.03,38207.05,57117.435853,24.75,18.040000915527344,441.1499938964844,48.0,0.0001
2021-08-04,38207.04,39969.66,37508.56,39723.18,52329.35243,24.790000915527344,17.969999313354492,438.9800109863281,42.0,7.090666666666667e-05
2021-08-05,39723.17,41350.0,37332.7,40862.46,84343.755621,24.790000915527344,17.280000686645508,441.760009765625,50.0,0.0001
2021-08-06,40862.46,43392.43,39853.86,42836.87,75753.941347,24.93000030517578,16.149999618530273,442.489990234375,52.0,0.0001
2021-08-07,42836.87,44700.0,42446.41,44572.54,73396.740808,24.93000030517578,16.149999618530273,442.489990234375,69.0,0.0001
2021-08-08,44572.54,45310.0,43261.0,43794.37,69329.092698,24.93000030517578,16.149999618530273,442.489990234375,74.0,0.0001
2021-08-09,43794.36,46454.15,42779.0,46253.4,74587.884845,24.979999542236328,16.719999313354492,442.1300048828125,65.0,0.0001
2021-08-10,46248.87,46700.0,44589.46,45584.99,53814.643421,25.0,16.790000915527344,442.67999267578125,71.0,0.0001
2021-08-11,45585.0,46743.47,45341.14,45511.0,52734.901977,24.950000762939453,16.170000076293945,443.7799987792969,70.0,0.0001
2021-08-12,45510.67,46218.12,43770.0,44399.0,55266.108781,24.979999542236328,15.59000015258789,445.1099853515625,70.0,0.0001
2021-08-13,44400.06,47886.0,44217.39,47800.0,48239.370431,24.860000610351562,15.449999809265137,445.9200134277344,70.0,0.0001
2021-08-14,47799.99,48144.0,45971.03,47068.51,46114.359022,24.860000610351562,15.449999809265137,445.9200134277344,76.0,0.0001
2021-08-15,47068.5,47372.27,45500.0,46973.82,42110.711334,24.860000610351562,15.449999809265137,445.9200134277344,71.0,0.0001
2021-08-16,46973.82,48053.83,45660.0,45901.29,52480.574014,24.8799991607666,16.1200008392334,446.9700012207031,72.0,0.00011308
2021-08-17,45901.3,47160.0,44376.0,44695.95,57039.341629,25.030000686645508,17.90999984741211,444.0400085449219,72.0,0.0001
2021-08-18,44695.95,46000.0,44203.28,44705.29,54099.415985,25.030000686645508,21.56999969482422,439.17999267578125,73.0,0.0001
2021-08-19,44699.37,47033.0,43927.7,46760.62,53411.75392,25.149999618530273,21.670000076293945,439.8599853515625,70.0,0.0001
2021-08-20,46760.62,49382.99,46622.99,49322.47,56850.352228,25.1200008392334,18.559999465942383,443.3599853515625,70.0,0.00011920333333333334
2021-08-21,49322.47,49757.04,48222.0,48821.87,46745.136584,25.1200008392334,18.559999465942383,443.3599853515625,78.0,0.00015569
2021-08-22,48821.88,49500.0,48050.0,49239.22,37007.887795,25.1200008392334,18.559999465942383,443.3599853515625,76.0,0.00011604333333333333
2021-08-23,49239.22,50500.0,49029.0,49488.85,52462.541954,24.969999313354492,17.149999618530273,447.260009765625,79.0,0.0002438766666666667
2021-08-24,49488.85,49860.0,47600.0,47674.01,51014.594748,24.950000762939453,17.219999313354492,447.9700012207031,79.0,0.0002688266666666667
2021-08-25,47674.01,49264.3,47126.28,48973.32,44655.830342,24.93000030517578,16.790000915527344,448.9100036621094,73.0,0.00013189333333333335
2021-08-26,48973.32,49352.84,46250.0,46843.87,49371.277774,25.0,18.84000015258789,446.260009765625,75.0,0.00013955
2021-08-27,46843.86,49149.93,46348.0,49069.9,42068.104965,24.889999389648438,16.389999389648438,450.25,71.0,0.0001
2021-08-28,49069.9,49299.0,48346.88,48895.35,26681.063786,24.889999389648438,16.389999389648438,450.25,78.0,0.00021792333333333331
2021-08-29,48895.35,49632.27,47762.54,48767.83,32652.283473,24.889999389648438,16.389999389648438,450.25,72.0,0.0001
2021-08-30,48767.84,48888.61,46853.0,46982.91,40288.35083,24.889999389648438,16.190000534057617,452.2300109863281,73.0,0.00014183333333333333
2021-08-31,46982.91,48246.11,46700.0,47100.89,48645.52737,24.889999389648438,16.479999542236328,451.55999755859375,73.0,0.00029103666666666664
2021-09-01,47100.89,49156.0,46512.0,48810.52,49904.65528,24.84000015258789,16.110000610351562,451.79998779296875,71.0,0.0003528033333333334
2021-09-02,48810.51,50450.13,48584.06,49246.64,54410.770538,24.780000686645508,16.40999984741211,453.19000244140625,74.0,0.0004887166666666667
2021-09-03,49246.63,51000.0,48316.84,49999.14,59025.644157,24.729999542236328,16.40999984741211,453.0799865722656,74.0,0.00035202
2021-09-04,49998.0,50535.69,49370.0,49915.64,34664.65959,24.729999542236328,16.40999984741211,453.0799865722656,72.0,0.00024982
2021-09-05,49917.54,51900.0,49450.0,51756.88,40544.835873,24.729999542236328,16.40999984741211,453.0799865722656,73.0,0.0001
2021-09-06,51756.88,52780.0,50969.33,52663.9,49249.667081,24.729999542236328,16.40999984741211,453.0799865722656,79.0,0.00015594333333333334
2021-09-07,52666.2,52920.0,42843.05,46863.73,123048.802719,24.850000381469727,18.139999389648438,451.4599914550781,79.0,0.00014325666666666667
2021-09-08,46868.57,47340.99,44412.02,46048.31,65069.3152,24.889999389648438,17.959999084472656,450.9100036621094,47.0,0.0001
2021-09-09,46048.31,47399.97,45513.08,46395.14,50651.66002,24.829999923706055,18.799999237060547,448.9800109863281,45.0,0.0001
2021-09-10,46395.14,47033.0,44132.29,44850.91,49048.26618,24.8700008392334,20.950000762939453,445.44000244140625,46.0,0.00010371666666666666
2021-09-11,44842.2,45987.93,44722.22,45173.69,30440.4081,24.8700008392334,20.950000762939453,445.44000244140625,31.0,0.0001
2021-09-12,45173.68,46460.0,44742.06,46025.24,32094.28052,24.8700008392334,20.950000762939453,445.44000244140625,32.0,0.0001
2021-09-13,46025.23,46880.0,43370.0,44940.73,65429.15056,24.8700008392334,19.3700008392334,446.5799865722656,44.0,0.0001
2021-09-14,44940.72,47250.0,44594.44,47111.52,44855.85099,24.8700008392334,19.459999084472656,444.1700134277344,30.0,0.0001
2021-09-15,47103.28,48500.0,46682.32,48121.41,43204.71174,24.81999969482422,18.18000030517578,447.8800048828125,49.0,0.0001
2021-09-16,48121.4,48557.0,47021.1,47737.82,40725.08895,24.93000030517578,18.690000534057617,447.1700134277344,53.0,0.0001
2021-09-17,47737.81,48150.0,46699.56,47299.98,34461.92776,25.020000457763672,20.809999465942383,441.3999938964844,48.0,0.0001
2021-09-18,47299.98,48843.2,47035.56,48292.74,30906.47038,25.020000457763672,20.809999465942383,441.3999938964844,50.0,0.0001
2021-09-19,48292.75,48372.83,46829.18,47241.75,29847.24349,25.020000457763672,20.809999465942383,441.3999938964844,53.0,0.0001
2021-09-20,47241.75,47347.25,42500.0,43015.62,78003.524443,25.030000686645508,25.709999084472656,434.0400085449219,50.0,0.0001
2021-09-21,43016.64,43639.0,39600.0,40734.38,84534.080485,25.010000228881836,24.360000610351562,433.6300048828125,27.0,0.0001
2021-09-22,40734.09,44000.55,40565.39,43543.61,58349.05542,25.079999923706055,20.8700008392334,437.8599853515625,21.0,0.0001
2021-09-23,43546.37,44978.0,43069.09,44865.26,48699.57655,24.979999542236328,18.6299991607666,443.17999267578125,27.0,7.526333333333333e-05
2021-09-24,44865.26,45200.0,40675.0,42810.57,84113.426292,25.049999237060547,17.75,443.9100036621094,33.0,-4.1379999999999993e-05
2021-09-25,42810.58,42966.84,41646.28,42670.64,33594.57189,25.049999237060547,17.75,443.9100036621094,28.0,8.543e-05
2021-09-26,42670.63,43950.0,40750.0,43160.9,49879.99765,25.049999237060547,17.75,443.9100036621094,27.0,3.590333333333334e-05
2021-09-27,43160.9,44350.0,42098.0,42147.35,39776.84383,25.079999923706055,18.760000228881836,442.6400146484375,26.0,0.0001
2021-09-28,42147.35,42787.38,40888.0,41026.54,43372.2624,25.170000076293945,23.25,433.7200012207031,25.0,5.207666666666666e-05
2021-09-29,41025.01,42590.0,40753.88,41524.28,33511.53487,25.350000381469727,22.559999465942383,434.45001220703125,24.0,4.622e-05
2021-09-30,41524.29,44141.37,41410.17,43824.1,46381.22781,25.309999465942383,23.139999389648438,429.1400146484375,20.0,9.745000000000001e-05
2021-10-01,43820.01,48495.0,43283.03,48141.61,66244.87492,25.260000228881836,21.100000381469727,434.239990234375,27.0,3.1696666666666664e-05
2021-10-02,48141.6,48336.59,47430.18,47634.9,30508.98131,25.260000228881836,21.100000381469727,434.239990234375,54.0,4.911333333333333e-05
2021-10-03,47634.89,49228.08,47088.0,48200.01,30825.05601,25.260000228881836,21.100000381469727,434.239990234375,49.0,0.0001
2021-10-04,48200.01,49536.12,46891.0,49224.94,46796.49372,25.18000030517578,22.959999084472656,428.6400146484375,54.0,0.0001
2021-10-05,49224.93,51886.3,49022.4,51471.99,52125.66793,25.229999542236328,21.299999237060547,433.1000061035156,59.0,2.578e-05
2021-10-06,51471.99,55750.0,50382.41,55315.0,79877.545181,25.299999237060547,21.0,434.8999938964844,68.0,0.0001
2021-10-07,55315.0,55332.31,53357.0,53785.22,54917.37766,25.290000915527344,19.540000915527344,438.6600036621094,76.0,0.00023949666666666668
2021-10-08,53785.22,56100.0,53617.61,53951.43,46160.25785,25.270000457763672,18.770000457763672,437.8599853515625,74.0,0.00023383666666666668
2021-10-09,53955.67,55489.0,53661.67,54949.72,55177.08013,25.270000457763672,18.770000457763672,437.8599853515625,72.0,0.00011905666666666666
2021-10-10,54949.72,56561.31,54080.0,54659.0,89237.836128,25.270000457763672,18.770000457763672,437.8599853515625,71.0,0.00013635333333333332
2021-10-11,54659.01,57839.04,54415.06,57471.35,52933.165751,25.34000015258789,20.0,434.69000244140625,71.0,0.0001
2021-10-12,57471.35,57680.0,53879.0,55996.93,53471.2855,25.3700008392334,19.850000381469727,433.6199951171875,78.0,0.0001
2021-10-13,55996.91,57777.0,54167.19,57367.0,55808.44492,25.229999542236328,18.639999389648438,435.17999267578125,70.0,0.0001
2021-10-14,57370.83,58532.54,56818.05,57347.94,43053.336781,25.229999542236328,16.860000610351562,442.5,70.0,0.00016693
2021-10-15,57347.94,62933.0,56850.0,61672.42,82512.908022,25.200000762939453,16.299999237060547,445.8699951171875,71.0,0.00018895
2021-10-16,61672.42,62378.42,60150.0,60875.57,35467.88096,25.200000762939453,16.299999237060547,445.8699951171875,78.0,0.00039754333333333336
2021-10-17,60875.57,61718.39,58963.0,61528.33,39099.24124,25.200000762939453,16.299999237060547,445.8699951171875,79.0,0.00038554
2021-10-18,61528.32,62695.78,59844.45,62009.84,51798.44844,25.209999084472656,16.309999465942383,447.19000244140625,78.0,0.00023547333333333333
2021-10-19,62005.6,64486.0,61322.22,64280.59,53628.107744,25.149999618530273,15.699999809265137,450.6400146484375,75.0,0.00011658000000000001
2021-10-20,64280.59,67000.0,63481.4,66001.41,51428.934856,25.110000610351562,15.489999771118164,452.4100036621094,82.0,0.0002774566666666667
2021-10-21,66001.4,66639.74,62000.0,62193.15,68538.64537,25.170000076293945,15.010000228881836,453.5899963378906,84.0,0.0006274466666666667
2021-10-22,62193.15,63732.39,60000.0,60688.22,52119.35886,25.1200008392334,15.430000305175781,453.1199951171875,75.0,0.00030406000000000004
2021-10-23,60688.23,61747.64,59562.15,61286.75,27626.93678,25.1200008392334,15.430000305175781,453.1199951171875,74.0,0.00019475666666666667
2021-10-24,61286.75,61500.0,59510.63,60852.22,31226.57676,25.1200008392334,15.430000305175781,453.1199951171875,73.0,0.00033478333333333333
2021-10-25,60852.22,63710.63,60650.0,63078.78,36853.83806,25.15999984741211,15.239999771118164,455.54998779296875,72.0,0.00028888666666666667
2021-10-26,63078.78,63293.48,59817.55,60328.81,40217.50083,25.209999084472656,15.979999542236328,455.9599914550781,76.0,0.0005254166666666667
2021-10-27,60328.81,61496.0,58000.0,58413.44,62124.49016,25.200000762939453,16.979999542236328,453.94000244140625,73.0,0.0002883366666666667
2021-10-28,58413.44,62499.0,57820.0,60575.89,61056.35301,25.049999237060547,16.530000686645508,458.32000732421875,66.0,0.00013118666666666666
2021-10-29,60575.9,62980.0,60174.81,62253.71,43973.90414,25.25,16.260000228881836,459.25,70.0,0.00021869999999999998
2021-10-30,62253.7,62359.25,60673.0,61859.19,31478.12566,25.25,16.260000228881836,459.25,73.0,0.00026212
2021-10-31,61859.19,62405.3,59945.36,61299.8,39267.63794,25.25,16.260000228881836,459.25,74.0,0.00037292333333333337
2021-11-01,61299.81,62437.74,59405.0,60911.11,44687.66672,25.170000076293945,16.40999984741211,460.0400085449219,74.0,0.0004026766666666666
2021-11-02,60911.12,64270.0,60624.68,63219.99,46368.2841,25.229999542236328,16.030000686645508,461.8999938964844,73.0,0.00032179
2021-11-03,63220.57,63500.0,60382.76,62896.48,43336.09049,25.170000076293945,15.100000381469727,464.7200012207031,76.0,0.00052478
2021-11-04,62896.49,63086.31,60677.01,61395.01,35930.93314,25.299999237060547,15.4399995803833,466.9100036621094,73.0,0.0004770166666666667
2021-11-05,61395.01,62595.72,60721.0,60937.12,31604.48749,25.280000686645508,16.479999542236328,468.5299987792969,73.0,0.0002603566666666667
2021-11-06,60940.18,61560.49,60050.0,61470.61,25590.57408,25.280000686645508,16.479999542236328,468.5299987792969,71.0,0.00045389333333333335
2021-11-07,61470.62,63286.35,61322.78,63273.59,25515.6883,25.280000686645508,16.479999542236328,468.5299987792969,73.0,0.0003031966666666667
2021-11-08,63273.58,67789.0,63273.58,67525.83,54442.094554,25.229999542236328,17.219999313354492,468.92999267578125,75.0,0.00041316333333333335
2021-11-09,67525.82,68524.25,66222.4,66947.66,44661.378068,25.200000762939453,17.780000686645508,467.3800048828125,84.0,0.00048591
2021-11-10,66947.67,69000.0,62822.9,64882.43,65171.504046,25.469999313354492,18.729999542236328,463.6199951171875,75.0,0.0005447533333333333
2021-11-11,64882.42,65600.07,64100.0,64774.26,37237.98058,25.530000686645508,17.65999984741211,463.7699890136719,77.0,0.00018341000000000003
2021-11-12,64774.25,65450.7,62278.0,64122.23,44490.10816,25.5,16.290000915527344,467.2699890136719,74.0,0.0003013933333333333
2021-11-13,64122.22,65000.0,63360.22,64380.0,22504.97383,25.5,16.290000915527344,467.2699890136719,72.0,0.00023005333333333332
2021-11-14,64380.01,65550.51,63576.27,65519.1,25705.07347,25.5,16.290000915527344,467.2699890136719,74.0,0.00012340333333333333
2021-11-15,65519.11,66401.82,63400.0,63606.74,37829.37124,25.639999389648438,16.489999771118164,467.42999267578125,72.0,0.0002595333333333333
2021-11-16,63606.73,63617.31,58574.07,60058.87,77455.15609,25.739999771118164,16.3700008392334,469.2799987792969,71.0,0.00018665999999999998
2021-11-17,60058.87,60840.23,58373.0,60344.87,46289.38491,25.690000534057617,17.110000610351562,468.1400146484375,52.0,0.00011051666666666667
2021-11-18,60344.86,60976.0,56474.26,56891.62,62146.99931,25.6200008392334,17.59000015258789,469.7300109863281,54.0,0.00010411666666666666
2021-11-19,56891.62,58320.0,55600.0,58052.24,50715.88726,25.75,17.90999984741211,468.8900146484375,34.0,0.0001
2021-11-20,58057.1,59845.0,57353.0,59707.51,33811.5901,25.75,17.90999984741211,468.8900146484375,43.0,0.0001
2021-11-21,59707.52,60029.76,58486.65,58622.02,31902.22785,25.75,17.90999984741211,468.8900146484375,49.0,0.0001
2021-11-22,58617.7,59444.0,55610.0,56247.18,51724.32047,25.8799991607666,19.170000076293945,467.57000732421875,50.0,0.0001
2021-11-23,56243.83,58009.99,55317.0,57541.27,49917.85017,25.8700008392334,19.3799991607666,468.19000244140625,33.0,0.00010965666666666666
2021-11-24,57541.26,57735.0,55837.0,57138.29,39612.04964,25.969999313354492,18.579999923706055,469.44000244140625,42.0,0.0001067
2021-11-25,57138.29,59398.9,57000.0,58960.36,42153.51522,25.969999313354492,18.579999923706055,469.44000244140625,32.0,0.00014404
2021-11-26,58960.37,59150.0,53500.0,53726.53,65927.87066,25.770000457763672,28.6200008392334,458.9700012207031,47.0,0.00019201333333333334
2021-11-27,53723.72,55280.0,53610.0,54721.03,29716.99957,25.770000457763672,28.6200008392334,458.9700012207031,21.0,0.00010274666666666666
2021-11-28,54716.47,57445.05,53256.64,57274.88,36163.7137,25.770000457763672,28.6200008392334,458.9700012207031,27.0,0.0001
2021-11-29,57274.89,58865.97,56666.67,57776.25,40125.28009,25.81999969482422,22.959999084472656,464.6000061035156,33.0,0.00013591333333333333
2021-11-30,57776.25,59176.99,55875.55,56950.56,49161.05194,25.700000762939453,27.190000534057617,455.55999755859375,40.0,0.00015936666666666665
2021-12-01,56950.56,59053.55,56458.01,57184.07,44956.63656,25.770000457763672,31.1200008392334,450.5,34.0,0.00017278333333333332
2021-12-02,57184.07,57375.47,55777.77,56480.34,37574.05976,25.780000686645508,27.950000762939453,457.3999938964844,32.0,0.00011983666666666666
2021-12-03,56484.26,57600.0,51680.0,53601.05,58927.69027,25.770000457763672,30.670000076293945,453.4200134277344,31.0,0.0001629466666666667
2021-12-04,53601.05,53859.1,42000.3,49152.47,114203.373748,25.770000457763672,30.670000076293945,453.4200134277344,25.0,6.392666666666667e-05
2021-12-05,49152.46,49699.05,47727.21,49396.33,45580.82012,25.770000457763672,30.670000076293945,453.4200134277344,18.0,9.091e-05
2021-12-06,49396.32,50891.11,47100.0,50441.92,58571.21575,25.809999465942383,27.18000030517578,458.7900085449219,16.0,0.0001
2021-12-07,50441.91,51936.33,50039.74,50588.95,38253.46877,25.81999969482422,21.889999389648438,468.2799987792969,25.0,7.992333333333333e-05
2021-12-08,50588.95,51200.0,48600.0,50471.19,38425.92466,25.700000762939453,19.899999618530273,469.5199890136719,28.0,0.0001
2021-12-09,50471.19,50797.76,47320.0,47545.59,37692.68665,25.790000915527344,21.579999923706055,466.3500061035156,29.0,0.0001
2021-12-10,47535.9,50125.0,46852.0,47140.54,44233.57391,25.75,18.690000534057617,470.739990234375,24.0,0.0001
2021-12-11,47140.54,49485.71,46751.0,49389.99,28889.19358,25.75,18.690000534057617,470.739990234375,16.0,0.0001
2021-12-12,49389.99,50777.0,48638.0,50053.9,26017.93421,25.75,18.690000534057617,470.739990234375,27.0,0.0001
2021-12-13,50053.9,50189.97,45672.75,46702.75,50869.52093,25.829999923706055,20.309999465942383,466.57000732421875,28.0,0.0001
2021-12-14,46702.76,48700.41,46290.0,48343.28,39955.98445,25.8799991607666,21.889999389648438,463.3599853515625,21.0,6.115000000000001e-05
2021-12-15,48336.95,49500.0,46547.0,48864.98,51629.181,25.84000015258789,19.290000915527344,470.6000061035156,28.0,0.0001
2021-12-16,48864.98,49436.43,47511.0,47632.38,31949.86739,25.729999542236328,20.56999969482422,466.45001220703125,29.0,0.0001
2021-12-17,47632.38,47995.96,45456.0,46131.2,43104.4887,25.90999984741211,21.56999969482422,459.8699951171875,23.0,8.226e-05
2021-12-18,46133.83,47392.37,45500.0,46834.48,25020.05271,25.90999984741211,21.56999969482422,459.8699951171875,24.0,8.913999999999999e-05
2021-12-19,46834.47,48300.01,46406.91,46681.23,29305.70665,25.90999984741211,21.56999969482422,459.8699951171875,29.0,9.026666666666667e-05
2021-12-20,46681.24,47537.57,45558.85,46914.16,35848.50609,25.8799991607666,22.8700008392334,454.9800109863281,25.0,0.0001
2021-12-21,46914.17,49328.96,46630.0,48889.88,37713.92924,25.850000381469727,21.010000228881836,463.05999755859375,27.0,9.728e-05
2021-12-22,48887.59,49576.13,48421.87,48588.16,27004.2022,25.75,18.6299991607666,467.69000244140625,45.0,0.0001
2021-12-23,48588.17,51375.0,47920.42,50838.81,35192.54046,25.729999542236328,17.959999084472656,470.6000061035156,34.0,7.912666666666667e-05
2021-12-24,50838.82,51810.0,50384.43,50820.0,31684.84269,25.729999542236328,17.959999084472656,470.6000061035156,41.0,0.0001
2021-12-25,50819.99,51156.23,50142.32,50399.66,19135.51613,25.729999542236328,17.959999084472656,470.6000061035156,39.0,0.0001
2021-12-26,50399.67,51280.0,49412.0,50775.49,22569.88914,25.729999542236328,17.959999084472656,470.6000061035156,37.0,0.0001
2021-12-27,50775.48,52088.0,50449.0,50701.44,28792.21566,25.739999771118164,17.68000030517578,477.260009765625,40.0,0.0001
2021-12-28,50701.44,50704.05,47313.01,47543.74,45853.33924,25.770000457763672,17.540000915527344,476.8699951171875,41.0,0.0001
2021-12-29,47543.74,48139.08,46096.99,46464.66,39498.87,25.700000762939453,16.950000762939453,477.4800109863281,27.0,0.0001
2021-12-30,46464.66,47900.0,45900.0,47120.87,30352.29569,25.739999771118164,17.329999923706055,476.1600036621094,22.0,0.0001
2021-12-31,47120.88,48548.26,45678.0,46216.93,34937.99796,25.6299991607666,17.219999313354492,474.9599914550781,28.0,5.6326666666666664e-05
2022-01-01,46216.93,47954.63,46208.37,47722.65,19604.46325,25.6299991607666,17.219999313354492,474.9599914550781,21.0,0.0001
2022-01-02,47722.66,47990.0,46654.0,47286.18,18340.4604,25.6299991607666,17.219999313354492,474.9599914550781,29.0,0.0001
2022-01-03,47286.18,47570.0,45696.0,46446.1,27662.0771,25.790000915527344,16.600000381469727,477.7099914550781,29.0,0.0001
2022-01-04,46446.1,47557.54,45500.0,45832.01,35491.4136,25.809999465942383,16.90999984741211,477.54998779296875,23.0,0.0001
2022-01-05,45832.01,47070.0,42500.0,43451.13,51784.11857,25.780000686645508,19.729999542236328,468.3800048828125,24.0,0.0001
2022-01-06,43451.14,43816.0,42430.58,43082.31,38880.37305,25.799999237060547,19.610000610351562,467.94000244140625,15.0,0.0001
2022-01-07,43082.3,43145.83,40610.0,41566.48,54836.50818,25.65999984741211,18.760000228881836,466.0899963378906,18.0,0.0001
2022-01-08,41566.48,42300.0,40501.0,41679.74,32952.73111,25.65999984741211,18.760000228881836,466.0899963378906,10.0,0.0001
2022-01-09,41679.74,42786.7,41200.02,41864.62,22724.39426,25.65999984741211,18.760000228881836,466.0899963378906,23.0,0.0001
2022-01-10,41864.62,42248.5,39650.0,41822.49,50729.17019,25.719999313354492,19.399999618530273,465.510009765625,23.0,8.174e-05
2022-01-11,41822.49,43100.0,41268.93,42729.29,37296.43729,25.610000610351562,18.40999984741211,469.75,21.0,9.131333333333335e-05
2022-01-12,42729.29,44322.0,42450.0,43902.66,33943.2928,25.440000534057617,17.6200008392334,471.0199890136719,22.0,-1.6300000000000007e-06
2022-01-13,43902.65,44500.0,42311.22,42560.11,34910.87762,25.43000030517578,20.309999465942383,464.5299987792969,21.0,-1.1956666666666667e-05
2022-01-14,42558.35,43448.78,41725.95,43059.96,32640.88292,25.5,19.190000534057617,464.7200012207031,21.0,-5.0776666666666664e-05
2022-01-15,43059.96,43800.0,42555.0,43084.29,21936.05616,25.5,19.190000534057617,464.7200012207031,23.0,4.9810000000000006e-05
2022-01-16,43084.29,43475.0,42581.79,43071.66,20602.35271,25.5,19.190000534057617,464.7200012207031,21.0,3.453333333333333e-05
2022-01-17,43071.66,43176.18,41540.42,42201.62,27562.08613,25.5,19.190000534057617,464.7200012207031,22.0,6.132666666666667e-05
2022-01-18,42201.63,42691.0,41250.0,42352.12,29324.08257,25.65999984741211,22.790000915527344,456.489990234375,24.0,9.999333333333335e-05
2022-01-19,42352.12,42559.13,41138.56,41660.01,31685.72159,25.600000381469727,23.850000381469727,451.75,24.0,8.324333333333332e-05
2022-01-20,41660.0,43505.0,40553.31,40680.91,42330.33953,25.68000030517578,25.59000015258789,446.75,24.0,0.0001
2022-01-21,40680.92,41100.0,35440.45,36445.31,88860.891999,25.610000610351562,28.850000381469727,437.9800109863281,19.0,7.583e-05
2022-01-22,36445.31,36835.22,34008.0,35071.42,90471.338961,25.610000610351562,28.850000381469727,437.9800109863281,13.0,4.357e-05
2022-01-23,35071.42,36499.0,34601.01,36244.55,44279.52354,25.610000610351562,28.850000381469727,437.9800109863281,11.0,2.3903333333333335e-05
2022-01-24,36244.55,37550.0,32917.17,36660.35,91904.753211,25.690000534057617,29.899999618530273,439.8399963378906,13.0,4.6979999999999994e-05
2022-01-25,36660.35,37545.14,35701.0,36958.32,49232.40183,25.700000762939453,31.15999984741211,434.4700012207031,12.0,2.7060000000000002e-05
2022-01-26,36958.32,38919.98,36234.63,36809.34,69830.16036,25.84000015258789,31.959999084472656,433.3800048828125,23.0,-1.7863333333333332e-05
2022-01-27,36807.24,37234.47,35507.01,37160.1,53020.87934,26.059999465942383,30.489999771118164,431.239990234375,20.0,-7.536333333333334e-05
2022-01-28,37160.11,38000.0,36155.01,37716.56,42154.26956,26.049999237060547,27.65999984741211,441.95001220703125,24.0,3.184e-05
2022-01-29,37716.57,38720.74,37268.44,38166.84,26129.49682,26.049999237060547,27.65999984741211,441.95001220703125,24.0,3.7233333333333334e-06
2022-01-30,38166.83,38359.26,37351.63,37881.76,21430.66527,26.049999237060547,27.65999984741211,441.95001220703125,29.0,8.392000000000001e-05
2022-01-31,37881.75,38744.0,36632.61,38466.9,36855.2458,25.8700008392334,24.829999923706055,449.9100036621094,20.0,-1.363333333333333e-05
2022-02-01,38466.9,39265.2,38000.0,38694.59,34574.44663,25.799999237060547,21.959999084472656,452.95001220703125,26.0,-1.3809999999999998e-05
2022-02-02,38694.59,38855.92,36586.95,36896.36,35794.6813,25.700000762939453,22.09000015258789,457.3500061035156,28.0,3.216e-05
2022-02-03,36896.37,37387.0,36250.0,37311.61,32081.10999,25.56999969482422,24.350000381469727,446.6000061035156,20.0,-2.693666666666667e-05
2022-02-04,37311.98,41772.33,37026.73,41574.25,64703.95874,25.549999237060547,23.219999313354492,448.70001220703125,20.0,9.636666666666669e-06
2022-02-05,41571.7,41913.69,40843.01,41382.59,32532.34372,25.549999237060547,23.219999313354492,448.70001220703125,33.0,9.152333333333335e-05
2022-02-06,41382.6,42656.0,41116.56,42380.87,22405.16704,25.549999237060547,23.219999313354492,448.70001220703125,37.0,0.0001
2022-02-07,42380.87,44500.5,41645.85,43839.99,51060.62006,25.559999465942383,22.860000610351562,447.260009765625,45.0,-9.586666666666667e-06
2022-02-08,43839.99,45492.0,42666.0,44042.99,64880.29387,25.600000381469727,21.440000534057617,450.94000244140625,48.0,0.0001
2022-02-09,44043.0,44799.0,43117.92,44372.72,34428.16729,25.56999969482422,19.959999084472656,457.5400085449219,54.0,6.387333333333332e-05
2022-02-10,44372.71,45821.0,43174.01,43495.44,62357.29091,25.610000610351562,23.90999984741211,449.32000732421875,50.0,6.067000000000001e-05
2022-02-11,43495.44,43920.0,41938.51,42373.73,44975.1687,25.719999313354492,27.360000610351562,440.4599914550781,50.0,-2.9953333333333337e-05
2022-02-12,42373.73,43079.49,41688.88,42217.87,26556.85681,25.719999313354492,27.360000610351562,440.4599914550781,44.0,0.0001
2022-02-13,42217.87,42760.0,41870.0,42053.66,17732.08113,25.719999313354492,27.360000610351562,440.4599914550781,44.0,7.599333333333332e-05
2022-02-14,42053.65,42842.4,41550.56,42535.94,34010.1306,25.790000915527344,28.329999923706055,439.0199890136719,46.0,6.343e-05
2022-02-15,42535.94,44751.4,42427.03,44544.86,38095.19576,25.690000534057617,25.700000762939453,446.1000061035156,46.0,2.5673333333333334e-05
2022-02-16,44544.85,44549.97,43307.0,43873.56,28471.8727,25.639999389648438,24.290000915527344,446.6000061035156,51.0,0.0001
2022-02-17,43873.56,44164.71,40073.21,40515.7,47245.99494,25.649999618530273,28.110000610351562,437.05999755859375,52.0,0.0001
2022-02-18,40515.71,40959.88,39450.0,39974.44,43845.92241,25.719999313354492,27.75,434.2300109863281,30.0,-1.4323333333333334e-05
2022-02-19,39974.45,40444.32,39639.03,40079.17,18042.0551,25.719999313354492,27.75,434.2300109863281,25.0,6.223666666666667e-05
2022-02-20,40079.17,40125.44,38000.0,38386.89,33439.29011,25.719999313354492,27.75,434.2300109863281,27.0,6.956666666666665e-06
2022-02-21,38386.89,39494.35,36800.0,37008.16,62347.68496,25.719999313354492,27.75,434.2300109863281,25.0,-4.903333333333335e-06
2022-02-22,37008.16,38429.0,36350.0,38230.33,53785.94589,25.729999542236328,28.809999465942383,429.57000732421875,20.0,-1.9883333333333333e-05
2022-02-23,38230.33,39249.93,37036.79,37250.01,43560.732,25.760000228881836,31.020000457763672,421.95001220703125,25.0,-6.186000000000001e-05
2022-02-24,37250.02,39843.0,34322.28,38327.21,120476.29458,25.969999313354492,30.31999969482422,428.29998779296875,23.0,-6.26e-05
2022-02-25,38328.68,39683.53,38014.37,39219.17,56574.57125,25.84000015258789,27.59000015258789,437.75,27.0,5.739333333333333e-05
2022-02-26,39219.16,40348.45,38573.18,39116.72,29361.2568,25.84000015258789,27.59000015258789,437.75,26.0,8.982e-05
2022-02-27,39116.73,39855.7,37000.0,37699.07,46229.44719,25.84000015258789,27.59000015258789,437.75,26.0,2.2496666666666664e-05
2022-02-28,37699.08,44225.84,37450.17,43160.0,73945.63858,25.8799991607666,30.149999618530273,436.6300048828125,20.0,-0.00011846333333333334
2022-03-01,43160.0,44949.0,42809.98,44421.2,61743.09873,26.079999923706055,33.31999969482422,429.9800109863281,51.0,8.123e-05
2022-03-02,44421.2,45400.0,43334.09,43892.98,57782.65081,26.059999465942383,30.739999771118164,437.8900146484375,52.0,6.497666666666666e-05
2022-03-03,43892.99,44101.12,41832.28,42454.0,50940.61021,26.15999984741211,30.479999542236328,435.7099914550781,39.0,0.0001
2022-03-04,42454.0,42527.3,38550.0,39148.66,61964.68498,26.360000610351562,31.979999542236328,432.1700134277344,33.0,0.0001
2022-03-05,39148.65,39613.24,38407.59,39397.96,30363.13341,26.360000610351562,31.979999542236328,432.1700134277344,22.0,7.218666666666667e-05
2022-03-06,39397.97,39693.87,38088.57,38420.81,39677.26158,26.360000610351562,31.979999542236328,432.1700134277344,22.0,1.704e-05
2022-03-07,38420.8,39547.57,37155.0,37988.0,63994.11559,26.549999237060547,36.45000076293945,419.42999267578125,23.0,-3.9473333333333334e-05
2022-03-08,37988.01,39362.08,37867.65,38730.63,55583.06638,26.5,35.130001068115234,416.25,21.0,7.792666666666667e-05
2022-03-09,38730.63,42594.06,38656.45,41941.71,67392.58799,26.239999771118164,32.45000076293945,427.4100036621094,22.0,8.925333333333334e-05
2022-03-10,41941.7,42039.63,38539.73,39422.0,71962.93154,26.3700008392334,30.229999542236328,425.4800109863281,28.0,3.120333333333333e-05
2022-03-11,39422.01,40236.26,38223.6,38729.57,59018.7642,26.510000228881836,30.75,420.07000732421875,22.0,-4.4239999999999997e-05
2022-03-12,38729.57,39486.71,38660.52,38807.36,24034.36432,26.510000228881836,30.75,420.07000732421875,22.0,-2.3466666666666657e-06
2022-03-13,38807.35,39310.0,37578.51,37777.34,32791.82359,26.510000228881836,30.75,420.07000732421875,21.0,-3.661e-05
2022-03-14,37777.35,39947.12,37555.0,39671.37,46945.45375,26.5,31.770000457763672,417.0,23.0,-3.9999999999999996e-05
2022-03-15,39671.37,39887.61,38098.33,39280.33,46015.54926,26.469999313354492,29.829999923706055,426.1700134277344,21.0,6.421e-05
2022-03-16,39280.33,41718.0,38828.48,41114.0,88120.76167,26.280000686645508,26.670000076293945,435.6199951171875,24.0,8.623666666666666e-05
2022-03-17,41114.01,41478.82,40500.0,40917.9,37189.38087,26.219999313354492,25.670000076293945,441.07000732421875,27.0,0.0001
2022-03-18,40917.89,42325.02,40135.04,41757.51,45408.00969,26.25,23.8700008392334,444.5199890136719,25.0,7.220666666666666e-05
2022-03-19,41757.51,42400.0,41499.29,42201.13,29067.18108,26.25,23.8700008392334,444.5199890136719,28.0,0.0001
2022-03-20,42201.13,42296.26,40911.0,41262.11,30653.33468,26.25,23.8700008392334,444.5199890136719,31.0,0.0001
2022-03-21,41262.11,41544.22,40467.94,41002.25,39426.24877,26.350000381469727,23.530000686645508,444.3900146484375,30.0,2.9843333333333336e-05
2022-03-22,41002.26,43361.0,40875.51,42364.13,59454.94294,26.34000015258789,22.940000534057617,449.5899963378906,26.0,0.0001
2022-03-23,42364.13,43025.96,41751.47,42882.76,40828.87039,26.3700008392334,23.56999969482422,443.79998779296875,31.0,9.004666666666667e-05
2022-03-24,42882.76,44220.89,42560.46,43991.46,56195.12374,26.399999618530273,21.670000076293945,450.489990234375,40.0,5.19e-06
2022-03-25,43991.46,45094.14,43579.0,44313.16,54614.43648,26.40999984741211,20.809999465942383,452.69000244140625,47.0,5.143000000000001e-05
2022-03-26,44313.16,44792.99,44071.97,44511.27,23041.61741,26.40999984741211,20.809999465942383,452.69000244140625,51.0,4.209333333333333e-05
2022-03-27,44511.27,46999.0,44421.46,46827.76,41874.91071,26.40999984741211,20.809999465942383,452.69000244140625,49.0,1.0176666666666669e-05
2022-03-28,46827.76,48189.84,46663.56,47122.21,58949.2614,26.489999771118164,19.6299991607666,455.9100036621094,60.0,0.0001
2022-03-29,47122.21,48096.47,46950.85,47434.8,36772.28457,26.329999923706055,18.899999618530273,461.54998779296875,56.0,9.864666666666667e-05
2022-03-30,47434.79,47700.22,46445.42,47067.99,40947.2085,26.190000534057617,19.329999923706055,458.70001220703125,55.0,0.0001
2022-03-31,47067.99,47600.0,45200.0,45510.34,48645.12667,26.299999237060547,20.559999465942383,451.6400146484375,52.0,0.0001
2022-04-01,45510.35,46720.09,44200.0,46283.49,56271.06474,26.34000015258789,19.6299991607666,452.9200134277344,50.0,8.939666666666668e-05
2022-04-02,46283.49,47213.0,45620.0,45811.0,37073.53582,26.34000015258789,19.6299991607666,452.9200134277344,52.0,0.0001
2022-04-03,45810.99,47444.11,45530.92,46407.35,33394.67794,26.34000015258789,19.6299991607666,452.9200134277344,48.0,0.0001
2022-04-04,46407.36,46890.71,45118.0,46580.51,44641.87514,26.459999084472656,18.56999969482422,456.79998779296875,52.0,0.0001
2022-04-05,46580.5,47200.0,45353.81,45497.55,42192.74852,26.600000381469727,21.030000686645508,451.0299987792969,53.0,0.0001
2022-04-06,45497.54,45507.14,43121.0,43170.47,60849.32936,26.6200008392334,22.100000381469727,446.5199890136719,48.0,9.966e-05
2022-04-07,43170.47,43900.99,42727.35,43444.19,37396.54156,26.670000076293945,21.549999237060547,448.7699890136719,34.0,7.473666666666668e-05
2022-04-08,43444.2,43970.62,42107.14,42252.01,42375.04203,26.670000076293945,21.15999984741211,447.57000732421875,37.0,8.102000000000001e-05
2022-04-09,42252.02,42800.0,42125.48,42753.97,17891.66047,26.670000076293945,21.15999984741211,447.57000732421875,30.0,9.759666666666667e-05
2022-04-10,42753.96,43410.3,41868.0,42158.85,22771.09403,26.670000076293945,21.15999984741211,447.57000732421875,34.0,6.317333333333333e-05
2022-04-11,42158.85,42414.71,39200.0,39530.45,63560.44721,26.729999542236328,24.3700008392334,439.9200134277344,32.0,6.747666666666667e-05
2022-04-12,39530.45,40699.0,39254.63,40074.94,57751.01778,26.81999969482422,24.260000228881836,438.2900085449219,20.0,-7.936e-05
2022-04-13,40074.95,41561.31,39588.54,41147.79,41342.27254,26.709999084472656,21.81999969482422,443.30999755859375,25.0,-8.08e-06
2022-04-14,41147.78,41500.0,39551.94,39942.38,36807.01401,26.829999923706055,22.700000762939453,437.7900085449219,28.0,4.324666666666666e-05
2022-04-15,39942.37,40870.36,39766.4,40551.9,24026.35739,26.829999923706055,22.700000762939453,437.7900085449219,22.0,-4.113666666666667e-05
2022-04-16,40551.9,40709.35,39991.55,40378.71,15805.44718,26.829999923706055,22.700000762939453,437.7900085449219,28.0,4.532333333333334e-05
2022-04-17,40378.7,40595.67,39546.17,39678.12,19988.49259,26.829999923706055,22.700000762939453,437.7900085449219,28.0,6.852666666666667e-05
2022-04-18,39678.11,41116.73,38536.51,40801.13,54243.49575,26.940000534057617,22.170000076293945,437.9700012207031,24.0,-8.621333333333333e-05
2022-04-19,40801.13,41760.0,40571.0,41493.18,35788.85843,27.0,21.3700008392334,445.0400085449219,27.0,3.741e-05
2022-04-20,41493.19,42199.0,40820.0,41358.19,40877.35041,26.809999465942383,20.31999969482422,444.7099914550781,27.0,7.569e-05
2022-04-21,41358.19,42976.0,39751.0,40480.01,59316.27657,26.889999389648438,22.68000030517578,438.05999755859375,27.0,9.699999999999992e-07
2022-04-22,40480.01,40795.06,39177.0,39709.18,46664.0196,27.049999237060547,28.209999084472656,426.0400085449219,26.0,-4.7909999999999994e-05
2022-04-23,39709.19,39980.0,39285.0,39441.6,20291.42375,27.049999237060547,28.209999084472656,426.0400085449219,24.0,-9.489333333333334e-05
2022-04-24,39441.61,39940.0,38929.62,39450.13,26703.61186,27.049999237060547,28.209999084472656,426.0400085449219,24.0,-0.00012401
2022-04-25,39450.12,40616.0,38200.0,40426.08,63037.12784,27.18000030517578,27.020000457763672,428.510009765625,23.0,-3.176333333333333e-05
2022-04-26,40426.08,40797.31,37702.26,38112.65,66650.258,27.350000381469727,33.52000045776367,416.1000061035156,27.0,0.0001
2022-04-27,38112.64,39474.72,37881.31,39235.72,57083.12272,27.520000457763672,31.600000381469727,417.2699890136719,21.0,-7.235333333333334e-05
2022-04-28,39235.72,40372.63,38881.43,39742.07,56086.6715,27.68000030517578,29.989999771118164,427.80999755859375,24.0,-4.199999999999998e-06
2022-04-29,39742.06,39925.25,38175.0,38596.11,51453.65715,27.56999969482422,33.400001525878906,412.0,23.0,7.542666666666667e-05
2022-04-30,38596.11,38795.38,37578.2,37630.8,35321.18989,27.56999969482422,33.400001525878906,412.0,20.0,3.6366666666666673e-06
2022-05-01,37630.8,38675.0,37386.38,38468.35,38812.24104,27.56999969482422,33.400001525878906,412.0,22.0,4.1660000000000004e-05
2022-05-02,38468.35,39167.34,38052.0,38525.16,53200.92628,27.709999084472656,32.34000015258789,414.4800109863281,28.0,9.666666666666667e-05
2022-05-03,38525.16,38651.51,37517.8,37728.95,40316.45358,27.65999984741211,29.25,416.3800048828125,27.0,0.0001
2022-05-04,37728.95,40023.77,37670.0,39690.0,62574.61736,27.43000030517578,25.420000076293945,429.05999755859375,21.0,7.501333333333334e-05
2022-05-05,39690.0,39845.51,35571.9,36552.97,88722.43355,27.65999984741211,31.200000762939453,413.80999755859375,27.0,0.0001
2022-05-06,36552.97,36675.63,35258.0,36013.77,68437.80187,27.709999084472656,30.190000534057617,411.3399963378906,22.0,-4.999e-05
2022-05-07,36013.77,36146.3,34785.0,35472.39,34281.70682,27.709999084472656,30.190000534057617,411.3399963378906,23.0,4.793333333333334e-06
2022-05-08,35472.4,35514.22,33713.95,34038.4,72445.64344,27.709999084472656,30.190000534057617,411.3399963378906,18.0,5.7803333333333336e-05
2022-05-09,34038.39,34243.15,30033.33,30076.31,191876.926428,27.719999313354492,34.75,398.1700134277344,11.0,0.0001
2022-05-10,30074.23,32658.99,29730.4,31017.1,165532.00311,27.780000686645508,32.9900016784668,399.0899963378906,10.0,0.0001
2022-05-11,31017.11,32162.59,27785.0,29103.94,207063.739278,27.809999465942383,32.560001373291016,392.75,12.0,3.6689999999999996e-05
2022-05-12,29103.94,30243.0,26700.0,29029.75,204507.263138,28.049999237060547,31.770000457763672,392.3399963378906,12.0,-0.0002514866666666667
2022-05-13,29029.74,31083.37,28751.67,29287.05,97872.36957,27.969999313354492,28.8700008392334,401.7200012207031,10.0,-5.623333333333333e-06
2022-05-14,29287.05,30343.27,28630.0,30086.74,51095.87863,27.969999313354492,28.8700008392334,401.7200012207031,9.0,0.0001
2022-05-15,30086.74,31460.0,29480.0,31328.89,46275.66912,27.969999313354492,28.8700008392334,401.7200012207031,10.0,9.114333333333334e-05
2022-05-16,31328.89,31328.9,29087.04,29874.01,73082.19658,27.860000610351562,27.469999313354492,400.0899963378906,14.0,7.941e-05
2022-05-17,29874.01,30788.37,29450.38,30444.93,56724.13307,27.6299991607666,26.100000381469727,408.32000732421875,8.0,4.665e-05
2022-05-18,30444.93,30709.99,28654.47,28715.32,59749.15799,27.770000457763672,30.959999084472656,391.8599853515625,12.0,-3.2720000000000005e-05
2022-05-19,28715.33,30545.18,28691.38,30319.23,67877.36415,27.479999542236328,29.350000381469727,389.4599914550781,13.0,4.249333333333333e-05
2022-05-20,30319.22,30777.33,28730.0,29201.01,60517.25325,27.540000915527344,29.43000030517578,389.6300048828125,13.0,0.0001
2022-05-21,29201.01,29656.18,28947.28,29445.06,20987.13124,27.540000915527344,29.43000030517578,389.6300048828125,13.0,6.699999999999998e-07
2022-05-22,29445.07,30487.99,29255.11,30293.94,36158.98748,27.540000915527344,29.43000030517578,389.6300048828125,14.0,3.1156666666666666e-05
2022-05-23,30293.93,30670.51,28866.35,29109.15,63901.49932,27.290000915527344,28.479999542236328,396.9200134277344,10.0,0.0001
2022-05-24,29109.14,29845.86,28669.0,29654.58,59442.96036,27.209999084472656,29.450000762939453,393.8900146484375,12.0,-3.385333333333333e-05
2022-05-25,29654.58,30223.74,29294.21,29542.15,59537.38659,27.309999465942383,28.3700008392334,397.3699951171875,11.0,7.893e-05
2022-05-26,29542.14,29886.64,28019.56,29201.35,94581.65463,27.219999313354492,27.5,405.30999755859375,12.0,6.079e-05
2022-05-27,29201.35,29397.66,28282.9,28629.8,90998.5201,27.15999984741211,25.719999313354492,415.260009765625,12.0,0.0001
2022-05-28,28629.81,29266.0,28450.0,29031.33,34479.35127,27.15999984741211,25.719999313354492,415.260009765625,13.0,9.570666666666668e-05
2022-05-29,29031.33,29587.78,28839.21,29468.1,27567.34764,27.15999984741211,25.719999313354492,415.260009765625,14.0,0.0001
2022-05-30,29468.1,32222.0,29299.62,31734.22,96785.9476,27.15999984741211,25.719999313354492,415.260009765625,10.0,0.0001
2022-05-31,31734.23,32399.0,31200.01,31801.04,62433.11632,27.209999084472656,26.190000534057617,412.92999267578125,16.0,0.0001
2022-06-01,31801.05,31982.97,29301.0,29805.83,103395.63382,27.420000076293945,25.690000534057617,409.5899963378906,17.0,0.0001
2022-06-02,29805.84,30689.0,29594.55,30452.62,56961.42928,27.18000030517578,24.719999313354492,417.3900146484375,13.0,9.733333333333334e-06
2022-06-03,30452.63,30699.0,29282.36,29700.21,54067.44727,27.299999237060547,24.790000915527344,410.5400085449219,10.0,7.009999999999998e-06
2022-06-04,29700.21,29988.88,29485.0,29864.04,25617.90113,27.299999237060547,24.790000915527344,410.5400085449219,14.0,3.523666666666666e-05
2022-06-05,29864.03,30189.0,29531.42,29919.21,23139.9281,27.299999237060547,24.790000915527344,410.5400085449219,10.0,3.979666666666667e-05
2022-06-06,29919.2,31765.64,29890.23,31373.1,68836.92456,27.360000610351562,25.06999969482422,411.7900085449219,13.0,8.564e-05
2022-06-07,31373.1,31589.6,29218.96,31125.33,110674.51658,27.329999923706055,24.020000457763672,415.739990234375,15.0,-1.3129999999999998e-05
2022-06-08,31125.32,31327.22,29843.88,30204.77,68542.61276,27.40999984741211,23.959999084472656,411.2200012207031,17.0,0.0001
2022-06-09,30204.77,30700.0,29944.1,30109.93,46291.1865,27.610000610351562,26.09000015258789,401.44000244140625,11.0,9.702e-05
2022-06-10,30109.93,30382.8,28850.0,29091.88,76204.2498,27.829999923706055,27.75,389.79998779296875,13.0,7.597333333333333e-05
2022-06-11,29091.87,29440.41,28099.99,28424.7,65901.39895,27.829999923706055,27.75,389.79998779296875,12.0,2.9156666666666668e-05
2022-06-12,28424.71,28544.96,26560.0,26574.53,92474.598809,27.829999923706055,27.75,389.79998779296875,14.0,3.6673333333333333e-05
2022-06-13,26574.53,26895.84,21925.77,22487.41,254611.034966,28.100000381469727,34.02000045776367,375.0,11.0,6.180000000000001e-06
2022-06-14,22485.27,23362.88,20846.0,22136.41,187201.64671,28.15999984741211,32.689998626708984,373.8699951171875,8.0,-3.711666666666666e-05
2022-06-15,22136.42,22800.0,20111.62,22583.72,200774.493467,27.940000534057617,29.6200008392334,379.20001220703125,7.0,-3.3276666666666666e-05
2022-06-16,22583.72,22995.73,20232.0,20401.31,99673.59429,27.670000076293945,32.95000076293945,366.6499938964844,7.0,-1.6386666666666667e-05
2022-06-17,20400.6,21365.43,20246.66,20468.81,86694.33663,27.950000762939453,31.1299991607666,365.8599853515625,9.0,-2.2053333333333335e-05
2022-06-18,20468.81,20792.06,17622.0,18970.79,196441.655524,27.950000762939453,31.1299991607666,365.8599853515625,6.0,5.7193333333333333e-05
2022-06-19,18970.79,20815.95,17960.41,20574.0,128320.87595,27.950000762939453,31.1299991607666,365.8599853515625,6.0,2.3076666666666665e-05
2022-06-20,20574.0,21090.0,19637.03,20573.89,109028.94154,27.950000762939453,31.1299991607666,365.8599853515625,9.0,2.1376666666666665e-05
2022-06-21,20573.9,21723.0,20348.4,20723.52,104371.0749,27.850000381469727,30.190000534057617,375.07000732421875,9.0,5.665e-05
2022-06-22,20723.51,20900.0,19770.51,19987.99,92133.97938,27.809999465942383,28.950000762939453,374.3900146484375,11.0,-1.4813333333333334e-05
2022-06-23,19988.0,21233.0,19890.07,21110.13,83127.08716,27.84000015258789,29.049999237060547,378.05999755859375,11.0,-1.7016666666666666e-05
2022-06-24,21110.12,21558.41,20736.72,21237.69,77430.36622,27.780000686645508,27.229999542236328,390.0799865722656,11.0,8.668666666666667e-05
2022-06-25,21237.68,21614.5,20906.62,21491.19,51431.67794,27.780000686645508,27.229999542236328,390.0799865722656,14.0,7.540333333333334e-05
2022-06-26,21491.18,21888.0,20964.73,21038.07,53278.10464,27.780000686645508,27.229999542236328,390.0799865722656,14.0,6.889666666666667e-05
2022-06-27,21038.08,21539.85,20510.0,20742.56,64475.0013,27.729999542236328,26.950000762939453,388.5899963378906,12.0,5.8183333333333336e-05
2022-06-28,20742.57,21212.1,20202.01,20281.29,63801.0832,27.889999389648438,28.360000610351562,380.6499938964844,10.0,-1.921333333333333e-05
2022-06-29,20281.28,20432.31,19854.92,20123.01,77309.04379,28.049999237060547,28.15999984741211,380.3399963378906,13.0,5.947333333333333e-05
2022-06-30,20123.0,20179.08,18626.0,19942.21,93846.64806,27.959999084472656,28.709999084472656,377.25,11.0,-6.904666666666666e-05
2022-07-01,19942.21,20918.35,18975.0,19279.8,111844.59494,28.049999237060547,26.700000762939453,381.239990234375,11.0,-4.5803333333333336e-05
2022-07-02,19279.8,19467.39,18977.01,19252.81,46180.3021,28.049999237060547,26.700000762939453,381.239990234375,14.0,1.475e-05
2022-07-03,19252.82,19647.63,18781.0,19315.83,51087.46631,28.049999237060547,26.700000762939453,381.239990234375,11.0,5.2e-05
2022-07-04,19315.83,20354.01,19055.31,20236.71,74814.04601,28.049999237060547,26.700000762939453,381.239990234375,14.0,4.8899999999999996e-05
2022-07-05,20236.71,20750.0,19304.4,20175.83,96041.13756,28.450000762939453,27.540000915527344,381.9599914550781,19.0,5.137e-05
2022-07-06,20175.84,20675.22,19761.25,20564.51,82439.5808,28.579999923706055,26.729999542236328,383.25,18.0,9.457666666666667e-05
2022-07-07,20564.51,21838.1,20251.68,21624.98,85014.58261,28.59000015258789,26.079999923706055,388.989990234375,18.0,8.424666666666666e-05
2022-07-08,21624.99,22527.37,21189.26,21594.75,403081.57349,28.56999969482422,24.639999389648438,388.6700134277344,20.0,6.737333333333334e-05
2022-07-09,21594.75,21980.0,21322.12,21591.83,178417.84468,28.56999969482422,24.639999389648438,388.6700134277344,24.0,8.714333333333334e-05
2022-07-10,21592.15,21607.65,20655.0,20862.47,192188.21556,28.56999969482422,24.639999389648438,388.6700134277344,24.0,9.987333333333333e-05
2022-07-11,20861.11,20868.48,19875.23,19963.61,137535.40724,28.899999618530273,26.170000076293945,384.2300109863281,22.0,6.759666666666666e-05
2022-07-12,19963.61,20059.42,19240.0,19328.75,139506.45862,28.889999389648438,27.290000915527344,380.8299865722656,16.0,5.7010000000000005e-05
2022-07-13,19331.28,20366.61,18910.94,20234.87,209250.24888,28.829999923706055,26.81999969482422,378.8299865722656,15.0,-6.016666666666666e-06
2022-07-14,20234.87,20900.0,19616.07,20588.84,174809.21696,29.030000686645508,26.399999618530273,377.9100036621094,18.0,4.5026666666666674e-05
2022-07-15,20588.84,21200.0,20382.29,20830.04,143343.3049,28.860000610351562,24.229999542236328,385.1300048828125,15.0,4.086333333333333e-05
2022-07-16,20830.04,21588.94,20478.61,21195.6,121011.67393,28.860000610351562,24.229999542236328,385.1300048828125,21.0,4.950333333333333e-05
2022-07-17,21195.6,21684.54,20750.01,20798.16,118229.4525,28.860000610351562,24.229999542236328,385.1300048828125,24.0,8.915666666666667e-05
2022-07-18,20799.58,22777.63,20762.45,22432.58,239942.73132,28.700000762939453,25.299999237060547,381.95001220703125,20.0,0.0001
2022-07-19,22432.58,23800.0,21579.54,23396.62,263770.76574,28.520000457763672,24.5,392.2699890136719,30.0,0.0001
2022-07-20,23398.48,24276.74,22906.19,23223.3,238762.17094,28.600000381469727,23.8799991607666,394.7699890136719,31.0,9.372666666666667e-05
2022-07-21,23223.3,23442.77,22341.46,23152.19,184817.68191,28.520000457763672,23.110000610351562,398.7900085449219,34.0,0.0001
2022-07-22,23152.19,23756.49,22500.0,22684.83,171598.43966,28.479999542236328,23.030000686645508,395.0899963378906,33.0,8.390666666666666e-05
2022-07-23,22684.83,23000.77,21934.57,22451.07,122137.77375,28.479999542236328,23.030000686645508,395.0899963378906,31.0,6.688e-05
2022-07-24,22448.58,23014.64,22257.15,22579.68,115189.67277,28.479999542236328,23.030000686645508,395.0899963378906,30.0,7.354333333333333e-05
2022-07-25,22577.13,22666.0,21250.0,21310.9,180344.76643,28.440000534057617,23.360000610351562,395.57000732421875,30.0,4.519e-05
2022-07-26,21310.9,21347.82,20706.5,21254.67,177817.24326,28.65999984741211,24.690000534057617,390.8900146484375,26.0,7.437666666666666e-05
2022-07-27,21254.67,23112.63,21042.53,22952.45,210971.19796,28.420000076293945,23.239999771118164,401.0400085449219,28.0,4.209e-05
2022-07-28,22954.31,24199.72,22582.13,23842.93,236029.0741,28.399999618530273,22.329999923706055,406.07000732421875,32.0,9.743000000000001e-05
2022-07-29,23845.25,24442.66,23414.03,23773.75,198298.50623,28.290000915527344,21.329999923706055,411.989990234375,39.0,0.0001
2022-07-30,23777.28,24668.0,23502.25,23643.51,151060.13211,28.290000915527344,21.329999923706055,411.989990234375,42.0,0.0001
2022-07-31,23644.64,24194.82,23227.31,23293.32,127743.32483,28.290000915527344,21.329999923706055,411.989990234375,39.0,8.760333333333334e-05
2022-08-01,23296.36,23509.68,22850.0,23268.01,144210.16219,28.18000030517578,22.84000015258789,410.7699890136719,33.0,8.816333333333335e-05
2022-08-02,23266.9,23459.89,22654.37,22987.79,158073.28225,28.360000610351562,23.93000030517578,408.05999755859375,31.0,8.539333333333333e-05
2022-08-03,22985.93,23647.68,22681.22,22818.37,145948.80995,28.440000534057617,21.950000762939453,414.45001220703125,34.0,2.4999999999999998e-06
2022-08-04,22816.91,23223.32,22400.0,22622.98,154854.67016,28.260000228881836,21.440000534057617,414.1700134277344,30.0,1.0076666666666666e-05
2022-08-05,22622.41,23472.86,22586.95,23312.42,175251.69749,28.5,21.149999618530273,413.4700012207031,31.0,3.527e-05
2022-08-06,23313.56,23354.36,22909.52,22954.21,83911.80307,28.5,21.149999618530273,413.4700012207031,31.0,8.492333333333335e-05
2022-08-07,22954.21,23402.0,22844.62,23174.39,88890.00877,28.5,21.149999618530273,413.4700012207031,30.0,3.888e-05
2022-08-08,23174.39,24245.0,23154.25,23810.0,170958.44152,28.459999084472656,21.290000915527344,412.989990234375,30.0,7.596666666666667e-05
2022-08-09,23810.98,23933.25,22865.0,23149.95,143182.50858,28.43000030517578,21.770000457763672,411.3500061035156,42.0,9.306666666666667e-05
2022-08-10,23151.32,24226.0,22664.69,23954.05,208916.54953,28.1200008392334,19.739999771118164,419.989990234375,31.0,2.9023333333333334e-05
2022-08-11,23954.05,24918.54,23852.13,23934.39,249759.79557,28.139999389648438,20.200000762939453,419.989990234375,41.0,7.372333333333333e-05
2022-08-12,23933.09,24456.5,23583.0,24403.68,174207.5704,28.25,19.530000686645508,427.1000061035156,42.0,2.3506666666666666e-05
2022-08-13,24401.7,24888.0,24291.22,24441.38,152852.25435,28.25,19.530000686645508,427.1000061035156,46.0,2.35e-05
2022-08-14,24443.06,25047.56,24144.0,24305.24,151206.14473,28.25,19.530000686645508,427.1000061035156,47.0,1.1006666666666666e-05
2022-08-15,24305.25,25211.32,23773.22,24094.82,242539.54758,28.5,19.950000762939453,428.8599853515625,45.0,-1.3426666666666666e-05
2022-08-16,24093.04,24247.49,23671.22,23854.74,179324.94821,28.489999771118164,19.690000534057617,429.70001220703125,44.0,2.0896666666666666e-05
2022-08-17,23856.15,24446.71,23180.4,23342.66,210668.68766,28.530000686645508,19.899999618530273,426.6499938964844,41.0,3.364e-05
2022-08-18,23342.66,23600.0,23111.04,23191.2,144185.97011,28.75,19.559999465942383,427.8900146484375,30.0,8.520666666666668e-05
2022-08-19,23191.45,23208.67,20783.57,20834.39,283995.87747,28.93000030517578,20.600000381469727,422.1400146484375,33.0,1.787333333333334e-05
2022-08-20,20834.39,21382.85,20761.9,21140.07,183041.68363,28.93000030517578,20.600000381469727,422.1400146484375,29.0,-3.406333333333333e-05
2022-08-21,21140.07,21800.0,21069.11,21515.61,159200.6841,28.93000030517578,20.600000381469727,422.1400146484375,27.0,-2.9266666666666665e-05
2022-08-22,21516.7,21548.71,20890.18,21399.83,222222.04526,29.170000076293945,23.799999237060547,413.3500061035156,29.0,-2.428666666666667e-05
2022-08-23,21400.75,21684.87,20890.14,21529.12,200967.77164,29.049999237060547,24.110000610351562,412.3500061035156,28.0,-2.1766666666666666e-05
2022-08-24,21529.11,21900.0,21145.0,21368.08,174383.22046,29.06999969482422,22.81999969482422,413.6700134277344,25.0,-1.7939999999999998e-05
2022-08-25,21368.05,21819.88,21310.15,21559.04,169915.78301,29.020000457763672,21.780000686645508,419.510009765625,25.0,2.052e-05
2022-08-26,21559.04,21886.77,20107.9,20241.05,273811.61955,29.1299991607666,25.559999465942383,405.30999755859375,27.0,1.3663333333333334e-05
2022-08-27,20239.14,20402.93,19800.0,20037.6,162582.46032,29.1299991607666,25.559999465942383,405.30999755859375,28.0,-4.498e-05
2022-08-28,20037.6,20171.18,19520.0,19555.61,139307.95976,29.1299991607666,25.559999465942383,405.30999755859375,28.0,-4.1989999999999996e-05
2022-08-29,19555.61,20433.62,19550.79,20285.73,210509.49545,29.139999389648438,26.209999084472656,402.6300048828125,24.0,-9.957333333333332e-05
2022-08-30,20287.2,20576.25,19540.0,19811.66,256634.35529,29.1299991607666,26.209999084472656,398.2099914550781,27.0,-2.7119999999999998e-05
2022-08-31,19813.03,20490.0,19797.94,20050.02,276946.60765,29.110000610351562,25.8700008392334,395.17999267578125,23.0,2.88e-05
2022-09-01,20048.44,20208.37,19565.66,20131.46,245289.97263,29.3700008392334,25.559999465942383,396.4200134277344,20.0,5.095333333333333e-05
2022-09-02,20132.64,20441.26,19755.29,19951.86,245986.6033,29.3799991607666,25.469999313354492,392.239990234375,25.0,3.948666666666667e-05
2022-09-03,19950.98,20055.93,19652.72,19831.9,146639.03204,29.3799991607666,25.469999313354492,392.239990234375,21.0,3.452666666666666e-05
2022-09-04,19832.45,20029.23,19583.1,20000.3,145588.77893,29.3799991607666,25.469999313354492,392.239990234375,20.0,2.7233333333333332e-05
2022-09-05,20000.3,20057.27,19633.83,19796.84,222543.01057,29.3799991607666,25.469999313354492,392.239990234375,23.0,4.089e-05
2022-09-06,19795.34,20180.0,18649.51,18790.61,356315.05718,29.549999237060547,26.90999984741211,390.760009765625,22.0,1.1903333333333333e-05
2022-09-07,18790.61,19464.06,18510.77,19292.84,287394.7788,29.34000015258789,24.639999389648438,397.7799987792969,24.0,-3.1173333333333335e-05
2022-09-08,19292.85,19458.25,19012.0,19319.77,262813.28273,29.399999618530273,23.610000610351562,400.3800048828125,20.0,3.2046666666666666e-05
2022-09-09,19320.54,21597.22,19291.75,21360.11,428919.74652,29.190000534057617,22.790000915527344,406.6000061035156,22.0,7.104000000000001e-05
2022-09-10,21361.62,21810.8,21111.13,21648.34,307997.33504,29.190000534057617,22.790000915527344,406.6000061035156,28.0,9.921333333333333e-05
2022-09-11,21647.21,21860.0,21350.0,21826.87,280702.55149,29.190000534057617,22.790000915527344,406.6000061035156,26.0,7.942333333333334e-05
2022-09-12,21826.87,22488.0,21538.51,22395.74,395395.61828,29.040000915527344,23.8700008392334,410.9700012207031,25.0,9.415333333333334e-05
2022-09-13,22395.44,22799.0,19860.0,20173.57,431915.03333,29.440000534057617,27.270000457763672,393.1000061035156,34.0,9.988333333333333e-05
2022-09-14,20173.62,20541.48,19617.62,20226.71,340826.40151,29.3799991607666,26.15999984741211,394.6000061035156,27.0,-7.406666666666667e-06
2022-09-15,20227.17,20330.24,19497.0,19701.88,333069.76076,29.399999618530273,26.270000457763672,390.1199951171875,28.0,3.712333333333334e-05
2022-09-16,19701.88,19890.0,19320.01,19803.3,283791.07064,29.399999618530273,26.299999237060547,385.55999755859375,20.0,5.1076666666666665e-05
2022-09-17,19803.3,20189.0,19748.08,20113.62,179350.24338,29.399999618530273,26.299999237060547,385.55999755859375,22.0,2.942333333333333e-05
2022-09-18,20112.61,20117.26,19335.62,19416.18,254217.46904,29.399999618530273,26.299999237060547,385.55999755859375,27.0,5.9373333333333336e-05
2022-09-19,19417.45,19686.2,18232.56,19537.02,380512.40306,29.3799991607666,25.760000228881836,388.54998779296875,21.0,-1.7026666666666667e-05
2022-09-20,19537.02,19634.62,18711.87,18875.0,324098.3286,29.520000457763672,27.15999984741211,384.0899963378906,23.0,5.1296666666666666e-05
2022-09-21,18874.31,19956.0,18125.98,18461.36,385034.10021,29.809999465942383,27.989999771118164,377.3900146484375,23.0,3.131666666666667e-05
2022-09-22,18461.36,19550.17,18356.39,19401.63,379321.72111,29.850000381469727,27.350000381469727,374.2200012207031,22.0,-3.649e-05
2022-09-23,19401.63,19500.0,18531.42,19289.91,385886.91829,30.31999969482422,29.920000076293945,367.95001220703125,20.0,1.7373333333333332e-05
2022-09-24,19288.57,19316.14,18805.34,18920.5,239496.56746,30.31999969482422,29.920000076293945,367.95001220703125,24.0,3.3226666666666665e-05
2022-09-25,18921.99,19180.21,18629.2,18807.38,191191.4492,30.31999969482422,29.920000076293945,367.95001220703125,24.0,2.415e-05
2022-09-26,18809.13,19318.96,18680.72,19227.82,439239.21943,30.65999984741211,32.2599983215332,364.30999755859375,21.0,2.511e-05
2022-09-27,19226.68,20385.86,18816.32,19079.13,593260.74161,30.670000076293945,32.599998474121094,363.3800048828125,20.0,6.927333333333333e-05
2022-09-28,19078.1,19790.0,18471.28,19412.82,521385.45547,30.270000457763672,30.18000030517578,370.5299987792969,20.0,1.8006666666666665e-05
2022-09-29,19412.82,19645.52,18843.01,19591.51,406424.93256,30.149999618530273,31.84000015258789,362.7900085449219,22.0,6.669e-05
2022-09-30,19590.54,20185.0,19155.36,19422.61,444322.9534,30.149999618530273,31.6200008392334,357.17999267578125,21.0,0.0001
2022-10-01,19422.61,19484.0,19159.42,19310.95,165625.13959,30.149999618530273,31.6200008392334,357.17999267578125,20.0,6.734333333333334e-05
2022-10-02,19312.24,19395.91,18920.35,19056.8,206812.47032,30.149999618530273,31.6200008392334,357.17999267578125,24.0,5.1540000000000005e-05
2022-10-03,19057.74,19719.1,18959.68,19629.08,293585.75212,30.010000228881836,30.100000381469727,366.6099853515625,24.0,7.437333333333334e-05
2022-10-04,19629.08,20475.0,19490.6,20337.82,327012.00127,29.600000381469727,29.06999969482422,377.9700012207031,20.0,0.0001
2022-10-05,20337.82,20365.6,19730.0,20158.26,312239.75224,29.8799991607666,28.549999237060547,377.0899963378906,25.0,0.0001
2022-10-06,20158.26,20456.6,19853.0,19960.67,320122.1702,30.18000030517578,30.520000457763672,373.20001220703125,26.0,0.0001
2022-10-07,19960.67,20068.82,19320.0,19530.09,220874.83913,30.299999237060547,31.360000610351562,362.7900085449219,23.0,9.171e-05
2022-10-08,19530.09,19627.38,19237.14,19417.96,102480.09842,30.299999237060547,31.360000610351562,362.7900085449219,24.0,5.114666666666666e-05
2022-10-09,19416.52,19558.0,19316.04,19439.02,113900.82681,30.299999237060547,31.360000610351562,362.7900085449219,22.0,2.324333333333333e-05
2022-10-10,19439.96,19525.0,19020.25,19131.87,212509.09849,30.43000030517578,32.45000076293945,360.0199890136719,22.0,7.436666666666667e-05
2022-10-11,19131.87,19268.09,18860.0,19060.0,243473.84286,30.450000762939453,33.630001068115234,357.739990234375,24.0,0.0001
2022-10-12,19060.0,19238.31,18965.88,19155.53,213826.26731,30.450000762939453,33.56999969482422,356.55999755859375,20.0,0.0001
2022-10-13,19155.1,19513.79,18190.0,19375.13,399756.68337,30.25,31.940000534057617,365.9700012207031,20.0,7.133999999999999e-05
2022-10-14,19375.58,19951.87,19070.37,19176.93,351634.32601,30.459999084472656,32.02000045776367,357.6300048828125,24.0,7.21e-05
2022-10-15,19176.93,19227.68,18975.18,19069.39,113847.64232,30.459999084472656,32.02000045776367,357.6300048828125,24.0,4.217333333333333e-05
2022-10-16,19068.4,19425.84,19063.74,19262.98,131894.61885,30.459999084472656,32.02000045776367,357.6300048828125,24.0,2.1966666666666668e-05
2022-10-17,19262.98,19676.96,19152.03,19549.86,222813.87634,30.149999618530273,31.3700008392334,366.82000732421875,20.0,3.876333333333333e-05
2022-10-18,19548.48,19706.66,19091.0,19327.44,260313.07848,30.1299991607666,30.5,371.1300048828125,22.0,0.0001
2022-10-19,19327.44,19360.16,19065.97,19123.97,186137.29538,30.350000381469727,30.760000228881836,368.5,23.0,9.199333333333333e-05
2022-10-20,19123.35,19347.82,18900.0,19041.92,223530.13068,30.3700008392334,29.979999542236328,365.4100036621094,23.0,6.038666666666667e-05
2022-10-21,19041.92,19250.0,18650.0,19164.37,269310.75769,30.110000610351562,29.690000534057617,374.2900085449219,23.0,2.767e-05
2022-10-22,19164.37,19257.0,19112.72,19204.35,110403.90837,30.110000610351562,29.690000534057617,374.2900085449219,20.0,3.9206666666666665e-05
2022-10-23,19204.29,19695.0,19070.11,19570.4,167057.20184,30.110000610351562,29.690000534057617,374.2900085449219,23.0,3.499e-05
2022-10-24,19570.4,19601.15,19157.0,19329.72,256168.14467,30.139999389648438,29.850000381469727,378.8699951171875,22.0,7.442666666666668e-05
2022-10-25,19330.6,20415.87,19237.0,20080.07,326370.67061,29.809999465942383,28.459999084472656,384.9200134277344,20.0,4.3933333333333335e-05
2022-10-26,20079.02,21020.0,20050.41,20771.59,380492.69576,29.5,27.280000686645508,382.0199890136719,33.0,4.676666666666667e-05
2022-10-27,20771.61,20872.21,20200.0,20295.11,328643.57791,29.729999542236328,27.389999389648438,379.9800109863281,32.0,-2.956666666666666e-06
2022-10-28,20295.11,20750.0,20000.09,20591.84,287039.94569,29.780000686645508,25.75,389.0199890136719,30.0,-1.0533333333333323e-06
2022-10-29,20591.84,21085.0,20554.01,20809.67,254881.77755,29.780000686645508,25.75,389.0199890136719,34.0,3.8146666666666665e-05
2022-10-30,20809.68,20931.21,20515.0,20627.48,192795.60886,29.780000686645508,25.75,389.0199890136719,34.0,1.944e-05
2022-10-31,20627.48,20845.92,20237.95,20490.74,303567.61628,30.030000686645508,25.8799991607666,386.2099914550781,31.0,1.637333333333333e-05
2022-11-01,20490.74,20700.0,20330.74,20483.62,279932.43771,30.020000457763672,25.809999465942383,384.5199890136719,30.0,3.1200000000000006e-06
2022-11-02,20482.81,20800.0,20048.04,20151.84,373716.27299,30.149999618530273,25.860000610351562,374.8699951171875,30.0,4.0119999999999995e-05
2022-11-03,20151.84,20393.32,20031.24,20207.82,319185.1544,30.399999618530273,25.299999237060547,371.010009765625,30.0,3.353333333333333e-05
2022-11-04,20207.12,21302.05,20180.96,21148.52,453694.39165,29.829999923706055,24.549999237060547,376.3500061035156,30.0,4.1586666666666666e-05
2022-11-05,21148.52,21480.65,21080.65,21299.37,245621.98525,29.829999923706055,24.549999237060547,376.3500061035156,38.0,6.316666666666667e-05
2022-11-06,21299.37,21365.27,20886.13,20905.58,230036.97217,29.829999923706055,24.549999237060547,376.3500061035156,40.0,7.696333333333332e-05
2022-11-07,20905.58,21069.77,20384.89,20591.13,386977.60337,29.65999984741211,24.350000381469727,379.95001220703125,33.0,9.271000000000001e-05
2022-11-08,20590.67,20700.88,17166.83,18547.23,760705.362783,29.530000686645508,25.540000915527344,382.0,31.0,5.057666666666666e-05
2022-11-09,18545.38,18587.76,15588.0,15922.81,731926.929729,29.75,26.09000015258789,374.1300048828125,29.0,-0.00013185
2022-11-10,15922.68,18199.0,15754.26,17601.15,608448.36432,29.06999969482422,23.530000686645508,394.69000244140625,22.0,-0.00084986
2022-11-11,17602.45,17695.0,16361.6,17070.31,393552.86492,28.649999618530273,22.520000457763672,398.510009765625,25.0,-0.00010843666666666666
2022-11-12,17069.98,17119.1,16631.39,16812.08,167819.96035,28.649999618530273,22.520000457763672,398.510009765625,21.0,3.1383333333333335e-05
2022-11-13,16813.16,16954.28,16229.0,16329.85,184960.78846,28.649999618530273,22.520000457763672,398.510009765625,22.0,-1.4026666666666667e-05
2022-11-14,16331.78,17190.0,15815.21,16619.46,380210.7775,28.780000686645508,23.729999542236328,395.1199951171875,24.0,-4.195333333333334e-05
2022-11-15,16617.72,17134.69,16527.72,16900.57,282461.84391,28.68000030517578,24.540000915527344,398.489990234375,22.0,-8.771333333333333e-05
2022-11-16,16900.57,17015.92,16378.61,16662.76,261493.40809,28.6200008392334,24.110000610351562,395.45001220703125,23.0,-6.237333333333334e-05
2022-11-17,16661.61,16751.0,16410.74,16692.56,228038.97873,28.729999542236328,23.93000030517578,394.239990234375,20.0,-4.1269999999999996e-05
2022-11-18,16692.56,17011.0,16546.04,16700.45,214224.18184,28.809999465942383,23.1200008392334,396.0299987792969,23.0,1.7233333333333337e-06
2022-11-19,16699.43,16822.41,16553.53,16700.68,104963.15558,28.809999465942383,23.1200008392334,396.0299987792969,23.0,4.094666666666667e-05
2022-11-20,16700.68,16753.33,16180.0,16280.23,154842.13478,28.809999465942383,23.1200008392334,396.0299987792969,24.0,5.98e-06
2022-11-21,16279.5,16319.0,15476.0,15781.29,324096.997753,29.059999465942383,22.360000610351562,394.5899963378906,21.0,2.994e-05
2022-11-22,15781.29,16315.0,15616.63,16226.94,239548.06623,28.8799991607666,21.290000915527344,399.8999938964844,22.0,8.096666666666667e-06
2022-11-23,16227.96,16706.0,16160.2,16603.11,264927.70408,28.579999923706055,20.350000381469727,402.4200134277344,22.0,6.338666666666667e-05
2022-11-24,16603.11,16812.63,16458.05,16598.95,206565.92346,28.579999923706055,20.350000381469727,402.4200134277344,20.0,4.568e-05
2022-11-25,16599.55,16666.0,16342.81,16522.14,182089.49533,28.579999923706055,20.5,402.3299865722656,20.0,1.2826666666666665e-05
2022-11-26,16521.35,16701.99,16385.0,16458.57,181804.81666,28.579999923706055,20.5,402.3299865722656,22.0,1.6423333333333333e-05
2022-11-27,16457.61,16600.0,16401.0,16428.78,162025.47607,28.579999923706055,20.5,402.3299865722656,26.0,5.936666666666664e-06
2022-11-28,16428.77,16487.04,15995.27,16212.91,252695.40367,28.790000915527344,22.209999084472656,395.9100036621094,28.0,9.533333333333334e-06
2022-11-29,16212.18,16548.71,16100.0,16442.53,248106.25009,28.84000015258789,21.889999389648438,395.2300109863281,26.0,2.8486666666666666e-05
2022-11-30,16442.91,17249.0,16428.3,17163.64,303019.80719,28.610000610351562,20.579999923706055,407.67999267578125,29.0,5.6510000000000006e-05
2022-12-01,17165.53,17324.0,16855.01,16977.37,232818.18218,28.260000228881836,19.84000015258789,407.3800048828125,27.0,2.0093333333333336e-05
2022-12-02,16978.0,17105.73,16787.85,17092.74,202372.2062,28.229999542236328,19.059999465942383,406.9100036621094,27.0,2.4249999999999997e-05
2022-12-03,17092.13,17188.98,16858.74,16885.2,154542.57306,28.229999542236328,19.059999465942383,406.9100036621094,27.0,6.141666666666666e-05
2022-12-04,16885.2,17202.84,16878.25,17105.7,178619.13387,28.229999542236328,19.059999465942383,406.9100036621094,26.0,5.7306666666666665e-05
2022-12-05,17106.65,17424.25,16867.0,16966.35,233703.29225,28.459999084472656,20.75,399.5899963378906,26.0,1.4633333333333324e-06
2022-12-06,16966.35,17107.01,16906.37,17088.96,218730.76883,28.479999542236328,22.170000076293945,393.8299865722656,25.0,2.8763333333333333e-05
2022-12-07,17088.96,17142.21,16678.83,16836.64,220657.41334,28.389999389648438,22.68000030517578,393.1600036621094,29.0,2.3509999999999997e-05
2022-12-08,16836.64,17299.0,16733.49,17224.1,236417.97804,28.299999237060547,22.290000915527344,396.239990234375,25.0,1.1673333333333334e-05
2022-12-09,17224.1,17360.0,17058.21,17128.56,238422.06465,28.360000610351562,22.829999923706055,393.2799987792969,26.0,2.7943333333333334e-05
2022-12-10,17128.56,17227.72,17092.0,17127.49,140573.97937,28.360000610351562,22.829999923706055,393.2799987792969,27.0,-2.15e-06
2022-12-11,17127.49,17270.99,17071.0,17085.05,155286.47871,28.360000610351562,22.829999923706055,393.2799987792969,26.0,8.313333333333334e-06
2022-12-12,17085.05,17241.89,16871.85,17209.83,226227.49694,28.3799991607666,25.0,398.95001220703125,27.0,1.1246666666666667e-05
2022-12-13,17208.93,18000.0,17080.14,17774.7,284462.9139,28.1299991607666,22.549999237060547,401.9700012207031,27.0,4.991333333333333e-05
2022-12-14,17775.82,18387.95,17660.94,17803.15,266681.22209,28.0,21.139999389648438,399.3999938964844,30.0,0.0001
2022-12-15,17804.01,17854.82,17275.51,17356.34,223701.96882,28.260000228881836,22.829999923706055,389.6300048828125,31.0,8.393333333333333e-05
2022-12-16,17356.96,17531.73,16527.32,16632.12,253379.04116,28.309999465942383,22.6200008392334,383.2699890136719,29.0,2.8536666666666667e-05
2022-12-17,16631.5,16796.82,16579.85,16776.52,144825.66684,28.309999465942383,22.6200008392334,383.2699890136719,28.0,6.51e-05
2022-12-18,16777.54,16863.26,16663.07,16738.21,112619.31646,28.309999465942383,22.6200008392334,383.2699890136719,26.0,4.151666666666666e-05
2022-12-19,16739.0,16815.99,16256.3,16438.88,179094.28305,28.06999969482422,22.420000076293945,380.0199890136719,29.0,4.8190000000000004e-05
2022-12-20,16438.88,17061.27,16397.2,16895.56,248808.92324,27.8799991607666,21.479999542236328,380.5400085449219,29.0,3e-05
2022-12-21,16896.15,16925.0,16723.0,16824.67,156810.96362,27.950000762939453,20.06999969482422,386.2300109863281,26.0,6.367333333333335e-05
2022-12-22,16824.68,16868.52,16559.85,16821.43,176044.27235,27.989999771118164,21.969999313354492,380.7200012207031,28.0,6.094333333333333e-05
2022-12-23,16821.9,16955.14,16731.13,16778.5,161612.00947,27.979999542236328,20.8700008392334,382.9100036621094,27.0,9.634333333333334e-05
2022-12-24,16778.52,16869.99,16776.62,16836.12,100224.29096,27.979999542236328,20.8700008392334,382.9100036621094,29.0,6.99e-05
2022-12-25,16835.73,16857.96,16721.0,16832.11,125441.07202,27.979999542236328,20.8700008392334,382.9100036621094,29.0,1.812e-05
2022-12-26,16832.11,16944.52,16791.0,16919.39,124564.00656,27.979999542236328,20.8700008392334,382.9100036621094,28.0,3.7533333333333323e-06
2022-12-27,16919.39,16972.83,16592.37,16706.36,173749.58616,27.969999313354492,21.649999618530273,381.3999938964844,27.0,3.902666666666667e-05
2022-12-28,16706.06,16785.19,16465.33,16547.31,193037.56577,28.06999969482422,22.139999389648438,376.6600036621094,28.0,5.375666666666666e-05
2022-12-29,16547.32,16664.41,16488.91,16633.47,160998.47158,27.899999618530273,21.440000534057617,383.44000244140625,28.0,9.505666666666667e-05
2022-12-30,16633.47,16677.35,16333.0,16607.48,164916.31174,27.809999465942383,21.670000076293945,382.42999267578125,28.0,9.044000000000001e-05
2022-12-31,16607.48,16644.09,16470.0,16542.4,114490.42864,27.809999465942383,21.670000076293945,382.42999267578125,25.0,0.0001
2023-01-01,16541.77,16628.0,16499.01,16616.75,96925.41374,27.809999465942383,21.670000076293945,382.42999267578125,26.0,6.897e-05
2023-01-02,16617.17,16799.23,16548.7,16672.87,121888.57191,27.809999465942383,21.670000076293945,382.42999267578125,27.0,-1.0580000000000002e-05
2023-01-03,16672.78,16778.4,16605.28,16675.18,159541.53733,28.110000610351562,22.899999618530273,380.82000732421875,26.0,7.433e-05
2023-01-04,16675.65,16991.87,16652.66,16850.36,220362.18862,28.010000228881836,22.010000228881836,383.760009765625,29.0,4.936e-05
2023-01-05,16850.36,16879.82,16753.0,16831.85,163473.56641,28.270000457763672,22.459999084472656,379.3800048828125,29.0,5.7056666666666665e-05
2023-01-06,16831.85,17041.0,16679.0,16950.65,207401.28415,27.899999618530273,21.1299991607666,388.0799865722656,26.0,6.945333333333333e-05
2023-01-07,16950.31,16981.91,16908.0,16943.57,104526.5688,27.899999618530273,21.1299991607666,388.0799865722656,25.0,4.393e-05
2023-01-08,16943.83,17176.99,16911.0,17127.83,135155.89695,27.899999618530273,21.1299991607666,388.0799865722656,25.0,7.703e-05
2023-01-09,17127.83,17398.8,17104.66,17178.26,266211.52723,27.729999542236328,21.969999313354492,387.8599853515625,25.0,2.0116666666666667e-05
2023-01-10,17179.04,17499.0,17146.34,17440.66,221382.42581,27.75,20.579999923706055,390.5799865722656,26.0,5.0770000000000003e-05
2023-01-11,17440.64,18000.0,17315.6,17943.26,262221.60653,27.75,21.09000015258789,395.5199890136719,26.0,1.6756666666666665e-05
2023-01-12,17943.26,19117.04,17892.05,18846.62,454568.32178,27.479999542236328,18.829999923706055,396.9599914550781,30.0,9.183e-05
2023-01-13,18846.62,20000.0,18714.12,19930.01,368615.87823,27.469999313354492,18.350000381469727,398.5,31.0,9.053333333333333e-05
2023-01-14,19930.01,21258.0,19888.05,20954.92,393913.74951,27.469999313354492,18.350000381469727,398.5,46.0,0.00021531000000000002
2023-01-15,20952.76,21050.74,20551.01,20871.5,178542.22549,27.469999313354492,18.350000381469727,398.5,52.0,0.00015345999999999998
2023-01-16,20872.99,21474.05,20611.48,21185.65,293078.08262,27.469999313354492,18.350000381469727,398.5,45.0,0.0001
2023-01-17,21185.65,21647.45,20841.31,21134.81,275407.74409,27.549999237060547,19.360000610351562,397.7699890136719,51.0,0.0001
2023-01-18,21132.29,21650.0,20407.15,20677.47,350916.01949,27.549999237060547,20.34000015258789,391.489990234375,52.0,0.0001
2023-01-19,20677.47,21192.0,20659.19,21071.59,251385.84925,27.479999542236328,20.520000457763672,388.6400146484375,45.0,0.0001
2023-01-20,21071.59,22755.93,20861.28,22667.21,338079.13659,27.440000534057617,19.850000381469727,395.8800048828125,51.0,0.0001
2023-01-21,22666.0,23371.8,22422.0,22783.55,346445.48432,27.440000534057617,19.850000381469727,395.8800048828125,53.0,0.0001
2023-01-22,22783.35,23078.71,22292.37,22707.88,253577.75286,27.440000534057617,19.850000381469727,395.8800048828125,53.0,0.0001
2023-01-23,22706.02,23180.0,22500.0,22916.45,293588.37938,27.479999542236328,19.809999465942383,400.6300048828125,50.0,0.0001
2023-01-24,22917.81,23162.2,22462.93,22632.89,293158.78254,27.450000762939453,19.200000762939453,400.20001220703125,52.0,0.0001
2023-01-25,22631.94,23816.73,22300.0,23060.94,346042.83223,27.360000610351562,19.079999923706055,400.3500061035156,51.0,0.0001
2023-01-26,23060.42,23282.47,22850.01,23009.65,288924.43581,27.43000030517578,18.729999542236328,404.75,54.0,0.0001
2023-01-27,23009.65,23500.0,22534.88,23074.16,280833.86315,27.469999313354492,18.510000228881836,405.67999267578125,55.0,9.847000000000001e-05
2023-01-28,23074.16,23189.0,22878.46,23022.6,148115.71085,27.469999313354492,18.510000228881836,405.67999267578125,52.0,0.0001
2023-01-29,23021.4,23960.54,22967.76,23742.3,295688.79204,27.469999313354492,18.510000228881836,405.67999267578125,55.0,0.0001
2023-01-30,23743.37,23800.51,22500.0,22826.15,302405.90121,27.56999969482422,19.940000534057617,400.5899963378906,61.0,0.0001
2023-01-31,22827.38,23320.0,22714.77,23125.13,264649.34909,27.510000228881836,19.399999618530273,406.4800109863281,51.0,0.0001
2023-02-01,23125.13,23812.66,22760.23,23732.66,310790.42271,27.25,17.8700008392334,410.79998779296875,56.0,0.0001
2023-02-02,23731.41,24255.0,23363.27,23488.94,364177.20751,27.43000030517578,18.729999542236328,416.7799987792969,60.0,0.0001
2023-02-03,23489.33,23715.7,23204.62,23431.9,332571.02904,27.790000915527344,18.329999923706055,412.3500061035156,60.0,0.0001
2023-02-04,23431.9,23587.78,23253.96,23326.84,166126.47295,27.790000915527344,18.329999923706055,412.3500061035156,58.0,0.0001
2023-02-05,23327.66,23433.33,22743.0,22932.91,209251.33917,27.790000915527344,18.329999923706055,412.3500061035156,58.0,0.0001
2023-02-06,22932.91,23158.25,22628.13,22762.52,265371.6069,27.950000762939453,19.43000030517578,409.8299865722656,56.0,0.0001
2023-02-07,22762.52,23350.25,22745.78,23240.46,308006.72482,27.899999618530273,18.65999984741211,415.19000244140625,54.0,0.0001
2023-02-08,23242.42,23452.0,22665.85,22963.0,280056.30717,27.93000030517578,19.6299991607666,410.6499938964844,58.0,0.0001
2023-02-09,22961.85,23011.39,21688.0,21796.35,402894.6955,27.889999389648438,20.709999084472656,407.0899963378906,55.0,0.0001
2023-02-10,21797.83,21938.16,21451.0,21625.19,338591.94247,27.979999542236328,20.530000686645508,408.0400085449219,48.0,0.0001
2023-02-11,21625.19,21906.32,21599.78,21862.55,177021.58433,27.979999542236328,20.530000686645508,408.0400085449219,49.0,6.165666666666668e-05
2023-02-12,21862.02,22090.0,21630.0,21783.54,204435.65163,27.979999542236328,20.530000686645508,408.0400085449219,50.0,5.8710000000000005e-05
2023-02-13,21782.37,21894.99,21351.07,21773.97,295730.76791,27.899999618530273,20.34000015258789,412.8299865722656,48.0,6.132333333333333e-05
2023-02-14,21774.63,22319.08,21532.77,22199.84,361958.40109,27.8799991607666,18.90999984741211,412.6400146484375,50.0,9.629e-05
2023-02-15,22199.84,24380.0,22047.28,24324.05,375669.16111,28.06999969482422,18.229999542236328,413.9800109863281,53.0,4.692666666666667e-05
2023-02-16,24322.87,25250.0,23505.25,23517.72,450080.68366,28.110000610351562,20.170000076293945,408.2799987792969,62.0,0.00014390333333333331
2023-02-17,23517.72,25021.11,23339.37,24569.97,496813.21376,28.09000015258789,20.020000457763672,407.260009765625,61.0,0.0001
2023-02-18,24568.24,24877.0,24430.0,24631.95,216917.25213,28.09000015258789,20.020000457763672,407.260009765625,60.0,0.0001
2023-02-19,24632.05,25192.0,24192.57,24271.76,300395.99542,28.09000015258789,20.020000457763672,407.260009765625,60.0,0.0001
2023-02-20,24272.51,25121.23,23840.83,24842.2,346938.56997,28.09000015258789,20.020000457763672,407.260009765625,58.0,0.0001
2023-02-21,24843.89,25250.0,24148.34,24452.16,376000.82868,28.18000030517578,22.8700008392334,399.0899963378906,60.0,0.0001
2023-02-22,24450.67,24476.05,23574.69,24182.21,379425.75365,28.270000457763672,22.290000915527344,398.5400085449219,59.0,0.0001
2023-02-23,24182.21,24599.59,23608.0,23940.2,398400.45437,28.280000686645508,21.139999389648438,400.6600036621094,56.0,5.7123333333333336e-05
2023-02-24,23940.2,24132.35,22841.19,23185.29,343582.57453,28.489999771118164,21.670000076293945,396.3800048828125,53.0,5.1223333333333335e-05
2023-02-25,23184.04,23219.13,22722.0,23157.07,191311.8101,28.489999771118164,21.670000076293945,396.3800048828125,52.0,5.816666666666667e-06
2023-02-26,23157.07,23689.99,23059.18,23554.85,202323.73623,28.489999771118164,21.670000076293945,396.3800048828125,51.0,5.571e-05
2023-02-27,23554.85,23897.99,23106.77,23492.09,283706.0859,28.34000015258789,20.950000762939453,397.7300109863281,50.0,5.388666666666667e-05
2023-02-28,23492.09,23600.0,23020.97,23141.57,264140.99894,28.420000076293945,20.700000762939453,396.260009765625,53.0,3.783e-05
2023-03-01,23141.57,24000.0,23020.03,23628.97,315287.41737,28.270000457763672,20.579999923706055,394.739990234375,50.0,6.728333333333333e-05
2023-03-02,23629.76,23796.93,23195.9,23465.32,239315.45219,28.420000076293945,19.59000015258789,397.80999755859375,51.0,8.570000000000001e-05
2023-03-03,23465.32,23476.95,21971.13,22354.34,319954.19785,28.309999465942383,18.489999771118164,404.19000244140625,50.0,1.857e-05
2023-03-04,22354.34,22410.0,22157.08,22346.57,121257.38132,28.309999465942383,18.489999771118164,404.19000244140625,50.0,2.148666666666667e-05
2023-03-05,22346.57,22662.09,22189.22,22430.24,154841.75786,28.309999465942383,18.489999771118164,404.19000244140625,47.0,2.0413333333333333e-05
2023-03-06,22430.24,22602.19,22258.0,22410.0,203751.82957,28.270000457763672,18.610000610351562,404.4700012207031,48.0,4.9760000000000005e-05
2023-03-07,22409.41,22557.91,21927.0,22197.96,292519.80912,28.6200008392334,19.59000015258789,398.2699890136719,49.0,2.7263333333333334e-05
2023-03-08,22198.56,22287.0,21580.0,21705.44,301460.57272,28.610000610351562,19.110000610351562,398.9200134277344,50.0,5.577666666666667e-05
2023-03-09,21704.37,21834.99,20042.72,20362.22,443658.28584,28.530000686645508,22.610000610351562,391.55999755859375,44.0,0.0001
2023-03-10,20362.21,20367.78,19549.09,20150.69,618456.4671,28.350000381469727,24.799999237060547,385.9100036621094,34.0,-3.338666666666666e-05
2023-03-11,20150.69,20686.51,19765.03,20455.73,427831.82133,28.350000381469727,24.799999237060547,385.9100036621094,33.0,-7.576666666666667e-06
2023-03-12,20455.73,22150.0,20270.6,21997.11,430944.94288,28.350000381469727,24.799999237060547,385.9100036621094,33.0,1.798666666666667e-05
2023-03-13,21998.05,24500.0,21813.88,24113.48,687889.31259,28.09000015258789,26.520000457763672,385.3599853515625,49.0,8.670333333333335e-05
2023-03-14,24112.27,26386.87,23976.42,24670.41,699360.93423,28.09000015258789,23.729999542236328,391.7300109863281,56.0,0.00018284333333333332
2023-03-15,24670.41,25196.97,23896.95,24285.66,581450.72984,28.389999389648438,26.139999389648438,389.2799987792969,50.0,0.00018751
2023-03-16,24285.66,25167.4,24123.0,24998.78,439421.32998,28.360000610351562,22.989999771118164,396.1099853515625,52.0,0.0001
2023-03-17,24998.78,27756.84,24890.0,27395.13,624460.68091,28.200000762939453,25.510000228881836,389.989990234375,51.0,7.770333333333335e-05
2023-03-18,27395.13,27724.85,26578.0,26907.49,371238.97174,28.200000762939453,25.510000228881836,389.989990234375,64.0,0.0001
2023-03-19,26907.49,28390.1,26827.22,27972.87,372066.99054,28.200000762939453,25.510000228881836,389.989990234375,63.0,0.0001
2023-03-20,27972.87,28472.0,27124.47,27717.01,477378.23373,28.040000915527344,24.149999618530273,393.739990234375,66.0,9.693666666666668e-05
2023-03-21,27717.01,28438.55,27303.1,28105.47,420929.7422,28.030000686645508,21.3799991607666,398.9100036621094,68.0,3.221333333333334e-05
2023-03-22,28107.81,28868.05,26601.8,27250.97,224113.41296,27.81999969482422,22.260000228881836,392.1099853515625,62.0,1.8693333333333333e-05
2023-03-23,27250.97,28750.0,27105.0,28295.41,128649.60818,27.860000610351562,22.610000610351562,393.1700134277344,57.0,3.052666666666667e-05
2023-03-24,28295.42,28374.3,27000.0,27454.47,86242.06544,28.030000686645508,21.739999771118164,395.75,61.0,0.0001
2023-03-25,27454.46,27787.33,27156.09,27462.95,50844.08102,28.030000686645508,21.739999771118164,395.75,64.0,1.3566666666666667e-06
2023-03-26,27462.96,28194.4,27417.76,27968.05,49671.70353,28.030000686645508,21.739999771118164,395.75,64.0,1.2300000000000024e-06
2023-03-27,27968.05,28023.86,26508.14,27124.91,88039.46898,27.940000534057617,20.600000381469727,396.489990234375,64.0,1.6393333333333334e-05
2023-03-28,27124.9,27520.0,26631.78,27261.07,78602.44341,27.84000015258789,19.969999313354492,395.6000061035156,59.0,2.4086666666666664e-05
2023-03-29,27261.06,28650.0,27240.1,28348.6,89486.16008,27.90999984741211,19.1200008392334,401.3500061035156,57.0,7.724333333333334e-05
2023-03-30,28348.6,29184.68,27686.0,28028.53,98865.43256,27.780000686645508,19.020000457763672,403.70001220703125,60.0,4.5826666666666666e-05
2023-03-31,28028.53,28656.69,27511.71,28465.36,78198.12139,27.8799991607666,18.700000762939453,409.3900146484375,63.0,4.5486666666666666e-05
2023-04-01,28465.36,28819.71,28220.27,28452.73,30238.44753,27.8799991607666,18.700000762939453,409.3900146484375,61.0,9.613333333333334e-05
2023-04-02,28452.74,28530.0,27856.43,28171.87,37365.65692,27.8799991607666,18.700000762939453,409.3900146484375,63.0,5.311333333333333e-05
2023-04-03,28171.87,28500.99,27200.24,27800.0,79180.01405,27.75,18.549999237060547,410.95001220703125,63.0,2.0689999999999997e-05
2023-04-04,27800.0,28444.44,27662.79,28165.47,49722.55691,27.639999389648438,19.0,408.6700134277344,62.0,-2.8806666666666666e-05
2023-04-05,28165.47,28775.0,27805.1,28170.01,60737.64732,27.719999313354492,19.079999923706055,407.6000061035156,62.0,5.514e-05
2023-04-06,28170.01,28182.05,27711.0,28033.82,40118.94963,27.739999771118164,18.399999618530273,409.19000244140625,63.0,6.883333333333332e-06
2023-04-07,28033.83,28100.0,27766.94,27906.33,24762.09387,27.739999771118164,18.399999618530273,409.19000244140625,64.0,1.953333333333334e-06
2023-04-08,27906.34,28154.99,27859.02,27938.38,19479.96735,27.739999771118164,18.399999618530273,409.19000244140625,61.0,1.3086666666666666e-05
2023-04-09,27938.38,28530.0,27800.0,28323.76,32531.16101,27.739999771118164,18.399999618530273,409.19000244140625,61.0,-2.6899999999999997e-06
2023-04-10,28323.76,29770.0,28170.0,29637.34,67754.0622,27.899999618530273,18.969999313354492,409.6099853515625,62.0,8.722333333333332e-05
2023-04-11,29637.35,30550.0,29590.0,30200.42,67990.07621,27.799999237060547,19.100000381469727,409.7200012207031,68.0,0.0001
2023-04-12,30200.43,30486.0,29637.4,29888.07,62049.48451,27.649999618530273,19.09000015258789,408.04998779296875,65.0,6.508000000000001e-05
2023-04-13,29888.07,30595.0,29854.59,30373.84,51934.11731,27.520000457763672,17.799999237060547,413.4700012207031,61.0,7.030666666666667e-05
2023-04-14,30373.84,31000.0,29966.0,30466.93,75984.19452,27.68000030517578,17.06999969482422,412.4599914550781,68.0,4.435666666666667e-05
2023-04-15,30466.93,30595.6,30202.0,30295.09,25429.81247,27.68000030517578,17.06999969482422,412.4599914550781,68.0,4.493333333333333e-05
2023-04-16,30295.1,30549.99,30120.0,30304.65,26431.99322,27.68000030517578,17.06999969482422,412.4599914550781,68.0,9.048e-05
2023-04-17,30304.66,30316.06,29240.65,29430.27,56441.81127,27.81999969482422,16.950000762939453,413.94000244140625,69.0,9.125333333333334e-05
2023-04-18,29430.27,30485.0,29096.78,30380.01,62004.89434,27.719999313354492,16.829999923706055,414.2099914550781,58.0,3.648333333333333e-05
2023-04-19,30380.01,30413.53,28520.0,28797.1,86575.48656,27.780000686645508,16.459999084472656,414.1400146484375,63.0,5.383333333333334e-05
2023-04-20,28797.1,29088.3,28010.0,28243.65,76879.09372,27.780000686645508,17.170000076293945,411.8800048828125,52.0,6.048333333333333e-05
2023-04-21,28243.65,28374.02,27125.0,27262.84,77684.7679,27.75,16.770000457763672,412.20001220703125,50.0,8.765666666666667e-05
2023-04-22,27262.84,27882.72,27140.35,27816.85,36023.69686,27.75,16.770000457763672,412.20001220703125,53.0,6.316e-05
2023-04-23,27816.85,27816.85,27311.25,27590.6,34812.09581,27.75,16.770000457763672,412.20001220703125,56.0,2.504333333333333e-05
2023-04-24,27590.59,28000.0,26942.82,27510.93,53111.56874,27.65999984741211,16.889999389648438,412.6300048828125,53.0,3.667666666666667e-05
2023-04-25,27510.93,28399.99,27192.0,28300.79,52325.14637,27.790000915527344,18.760000228881836,406.0799865722656,53.0,6.737666666666667e-05
2023-04-26,28300.8,30036.0,27235.0,28415.29,129228.40403,27.700000762939453,18.84000015258789,404.3599853515625,56.0,5.344e-05
2023-04-27,28415.29,29890.0,28378.86,29472.77,95430.82431,27.709999084472656,17.030000686645508,412.4100036621094,59.0,3.850666666666667e-05
2023-04-28,29472.77,29599.54,28891.0,29311.7,54298.16578,27.75,15.779999732971191,415.92999267578125,64.0,8.158666666666667e-05
2023-04-29,29311.69,29448.88,29031.0,29230.45,20466.83058,27.75,15.779999732971191,415.92999267578125,64.0,4.871333333333333e-05
2023-04-30,29230.45,29969.39,29079.59,29233.21,39752.5372,27.75,15.779999732971191,415.92999267578125,60.0,4.2369999999999996e-05
2023-05-01,29233.2,29337.34,27666.95,28068.26,64433.65958,27.889999389648438,16.079999923706055,415.510009765625,63.0,-1.1230000000000004e-05
2023-05-02,28068.26,28879.88,27872.0,28669.86,50824.5224,27.81999969482422,17.780000686645508,410.8399963378906,55.0,2.769e-05
2023-05-03,28669.85,29266.66,28113.69,29026.16,64615.79213,27.670000076293945,18.34000015258789,408.0199890136719,64.0,6.568e-05
2023-05-04,29026.16,29379.83,28663.64,28838.16,42575.47501,27.700000762939453,20.09000015258789,405.1300048828125,64.0,8.102000000000001e-05
2023-05-05,28838.16,29677.0,28800.0,29505.61,58415.83048,27.65999984741211,17.190000534057617,412.6300048828125,61.0,7.396e-05
2023-05-06,29505.6,29820.0,28300.0,28848.2,49249.28459,27.65999984741211,17.190000534057617,412.6300048828125,60.0,0.0001
2023-05-07,28848.19,29138.29,28395.23,28430.1,30003.41028,27.65999984741211,17.190000534057617,412.6300048828125,64.0,4.804666666666667e-05
2023-05-08,28430.09,28631.01,27262.0,27668.79,68244.36179,27.700000762939453,16.979999542236328,412.739990234375,60.0,1.6763333333333333e-05
2023-05-09,27668.8,27818.0,27353.0,27628.27,40113.31069,27.790000915527344,17.709999084472656,410.92999267578125,51.0,4.109666666666666e-05
2023-05-10,27628.28,28331.42,26777.0,27598.75,71155.11355,27.739999771118164,16.940000534057617,412.8500061035156,52.0,4.109666666666666e-05
2023-05-11,27598.74,27630.14,26702.05,26968.62,47635.31365,27.920000076293945,16.93000030517578,412.1300048828125,52.0,4.5763333333333336e-05
2023-05-12,26968.61,27091.12,25811.46,26795.01,67207.93494,28.100000381469727,17.030000686645508,411.5899963378906,49.0,3.453e-05
2023-05-13,26795.01,27045.45,26692.03,26775.28,22814.90421,28.100000381469727,17.030000686645508,411.5899963378906,48.0,3.2896666666666666e-05
2023-05-14,26775.27,27200.0,26560.53,26917.62,21594.8036,28.100000381469727,17.030000686645508,411.5899963378906,48.0,2.763666666666667e-05
2023-05-15,26917.61,27663.59,26726.0,27162.14,40430.08333,28.020000457763672,17.1200008392334,413.010009765625,50.0,8.803333333333334e-06
2023-05-16,27162.15,27296.89,26852.11,27033.84,33270.45451,28.09000015258789,17.989999771118164,410.25,54.0,5.875e-05
2023-05-17,27033.85,27500.0,26544.71,27405.61,42958.97785,28.139999389648438,16.8700008392334,415.2300109863281,50.0,6.627333333333333e-05
2023-05-18,27405.62,27485.33,26361.2,26821.28,49198.65143,28.350000381469727,16.049999237060547,419.2300109863281,51.0,9.447333333333334e-05
2023-05-19,26821.28,27183.6,26630.0,26880.26,28754.13544,28.270000457763672,16.809999465942383,418.6199951171875,48.0,3.6683333333333335e-05
2023-05-20,26880.26,27150.0,26825.11,27102.43,14434.54718,28.270000457763672,16.809999465942383,418.6199951171875,48.0,2.3063333333333337e-05
2023-05-21,27102.42,27277.55,26666.03,26747.78,21347.87279,28.270000457763672,16.809999465942383,418.6199951171875,52.0,5.7029999999999994e-05
2023-05-22,26747.78,27099.89,26538.21,26849.27,26458.83828,28.290000915527344,17.209999084472656,418.7900085449219,49.0,2.6663333333333333e-05
2023-05-23,26849.28,27495.83,26798.11,27219.61,38700.83858,28.3700008392334,18.530000686645508,414.0899963378906,50.0,0.0001
2023-05-24,27219.61,27219.61,26080.5,26329.01,54393.0657,28.469999313354492,20.030000686645508,411.0899963378906,50.0,5.476333333333333e-05
2023-05-25,26329.0,26631.98,25871.89,26473.79,37435.44895,28.600000381469727,19.139999389648438,414.6499938964844,51.0,8.606666666666667e-05
2023-05-26,26473.8,26932.16,26327.24,26705.92,35061.18713,28.59000015258789,17.950000762939453,420.0199890136719,49.0,8.178666666666667e-05
2023-05-27,26705.93,26895.0,26551.0,26854.27,15095.6867,28.59000015258789,17.950000762939453,420.0199890136719,48.0,7.690666666666667e-05
2023-05-28,26854.28,28261.32,26764.36,28065.0,43916.00855,28.59000015258789,17.950000762939453,420.0199890136719,50.0,9.96e-05
2023-05-29,28065.01,28447.14,27524.6,27736.4,42385.41945,28.59000015258789,17.950000762939453,420.0199890136719,52.0,0.0001
2023-05-30,27736.39,28038.59,27554.0,27694.4,32686.75371,28.559999465942383,17.459999084472656,420.17999267578125,51.0,6.361333333333334e-05
2023-05-31,27694.39,27835.51,26839.01,27210.35,46588.80573,28.610000610351562,17.940000534057617,417.8500061035156,51.0,5.024333333333334e-05
2023-06-01,27210.36,27350.0,26605.05,26817.93,39217.8088,28.270000457763672,15.649999618530273,421.82000732421875,52.0,7.245666666666667e-05
2023-06-02,26817.93,27300.0,26505.0,27242.59,36380.90269,28.56999969482422,14.600000381469727,427.9200134277344,50.0,7.994e-05
2023-06-03,27242.59,27333.29,26914.93,27069.22,16595.34117,28.56999969482422,14.600000381469727,427.9200134277344,53.0,7.662e-05
2023-06-04,27069.22,27455.02,26951.0,27115.21,19258.41049,28.56999969482422,14.600000381469727,427.9200134277344,52.0,8.283333333333335e-05
2023-06-05,27115.2,27129.33,25388.0,25728.2,65805.60305,28.520000457763672,14.729999542236328,427.1000061035156,53.0,9.131333333333332e-05
2023-06-06,25728.2,27355.33,25351.02,27230.08,68392.60438,28.610000610351562,13.960000038146973,428.0299987792969,44.0,-1.9719999999999998e-05
2023-06-07,27230.07,27391.77,26125.01,26339.34,59619.44364,28.6200008392334,13.9399995803833,426.54998779296875,53.0,8.001666666666667e-05
2023-06-08,26339.34,26810.0,26210.0,26498.61,31075.51083,28.389999389648438,13.649999618530273,429.1300048828125,50.0,4.201666666666667e-05
2023-06-09,26498.62,26783.33,26269.91,26477.81,27934.7097,28.479999542236328,13.829999923706055,429.8999938964844,50.0,6.302666666666667e-05
2023-06-10,26477.8,26533.87,25358.0,25841.21,64944.60108,28.479999542236328,13.829999923706055,429.8999938964844,49.0,4.9909999999999995e-05
2023-06-11,25841.22,26206.88,25634.7,25925.55,30014.29595,28.479999542236328,13.829999923706055,429.8999938964844,47.0,4.5239999999999994e-05
2023-06-12,25925.54,26106.48,25602.11,25905.19,29900.50893,28.489999771118164,15.010000228881836,433.79998779296875,47.0,5.116333333333333e-05
2023-06-13,25905.2,26433.21,25712.57,25934.25,41065.60853,28.399999618530273,14.609999656677246,436.6600036621094,45.0,7.561e-05
2023-06-14,25934.24,26098.0,24820.56,25128.6,45077.31608,28.260000228881836,13.880000114440918,437.17999267578125,46.0,2.9383333333333334e-05
2023-06-15,25128.6,25759.01,24800.0,25598.49,48664.86063,28.100000381469727,14.5,442.6000061035156,41.0,3.205e-05
2023-06-16,25598.49,26518.0,25175.56,26345.0,51596.91662,28.149999618530273,13.539999961853027,439.4599914550781,47.0,1.6626666666666664e-05
2023-06-17,26345.01,26839.99,26181.0,26516.99,27842.2195,28.149999618530273,13.539999961853027,439.4599914550781,47.0,9.137e-05
2023-06-18,26516.99,26700.0,26255.85,26339.97,21538.31022,28.149999618530273,13.539999961853027,439.4599914550781,49.0,6.214666666666667e-05
2023-06-19,26339.98,27068.09,26256.61,26844.35,35872.65974,28.149999618530273,13.539999961853027,439.4599914550781,47.0,5.7090000000000004e-05
2023-06-20,26844.35,28402.74,26652.0,28307.99,69666.95525,28.229999542236328,13.880000114440918,437.17999267578125,49.0,4.35e-06
2023-06-21,28308.0,30800.0,28257.99,29993.89,108926.40412,28.100000381469727,13.199999809265137,434.94000244140625,59.0,6.282e-05
2023-06-22,29993.89,30500.0,29525.61,29884.92,59054.5646,28.200000762939453,12.90999984741211,436.510009765625,65.0,9.745333333333334e-05
2023-06-23,29884.92,31431.94,29800.0,30688.5,73931.89635,28.350000381469727,13.4399995803833,433.2099914550781,65.0,0.0001
2023-06-24,30688.51,30800.0,30250.0,30527.43,30513.30135,28.350000381469727,13.4399995803833,433.2099914550781,62.0,0.0001
2023-06-25,30527.44,31046.01,30277.49,30462.66,30223.44801,28.350000381469727,13.4399995803833,433.2099914550781,64.0,0.0001
2023-06-26,30462.67,30666.0,29930.0,30267.99,45180.41489,28.31999969482422,14.25,431.44000244140625,55.0,0.0001
2023-06-27,30267.99,30994.97,30226.17,30692.44,42699.64157,28.25,13.739999771118164,436.1700134277344,59.0,0.0001
2023-06-28,30692.44,30709.74,29858.8,30077.41,40463.51937,28.3799991607666,13.430000305175781,436.3900146484375,62.0,7.966666666666667e-05
2023-06-29,30077.4,30843.98,30049.98,30447.31,36330.62903,28.5,13.539999961853027,438.1099853515625,54.0,8.624666666666668e-05
2023-06-30,30447.31,31282.0,29500.0,30472.0,89419.07618,28.3799991607666,13.59000015258789,443.2799987792969,56.0,0.0001
2023-07-01,30471.99,30661.6,30320.57,30585.9,17501.75075,28.3799991607666,13.59000015258789,443.2799987792969,59.0,0.0001
2023-07-02,30585.9,30791.0,30155.0,30617.03,23286.41019,28.3799991607666,13.59000015258789,443.2799987792969,63.0,0.0001
2023-07-03,30617.02,31380.0,30570.27,31156.2,43761.64311,28.40999984741211,13.569999694824219,443.7900085449219,62.0,0.0001
2023-07-04,31156.2,31350.69,30620.0,30766.51,33206.11943,28.40999984741211,13.569999694824219,443.7900085449219,64.0,0.0001
2023-07-05,30766.52,30878.07,30200.0,30504.81,33215.67122,28.540000915527344,14.180000305175781,443.1300048828125,61.0,0.0001
2023-07-06,30504.8,31500.0,29850.45,29895.43,71319.6261,28.469999313354492,15.4399995803833,439.6600036621094,56.0,6.404e-05
2023-07-07,29895.42,30449.0,29701.02,30344.7,34070.53895,28.229999542236328,14.829999923706055,438.54998779296875,55.0,1.4203333333333332e-05
2023-07-08,30344.7,30386.81,30044.47,30284.63,13094.59042,28.229999542236328,14.829999923706055,438.54998779296875,58.0,2.6913333333333335e-05
2023-07-09,30284.63,30445.52,30061.12,30160.71,15388.50196,28.229999542236328,14.829999923706055,438.54998779296875,55.0,6.227e-05
2023-07-10,30160.71,31045.78,29950.0,30411.57,41262.87652,28.15999984741211,15.069999694824219,439.6600036621094,56.0,1.8876666666666665e-05
2023-07-11,30411.57,30813.63,30300.0,30622.1,28476.83311,28.09000015258789,14.84000015258789,442.4599914550781,57.0,6.743e-05
2023-07-12,30622.1,30983.25,30210.0,30380.0,38108.99669,27.760000228881836,13.539999961853027,446.0199890136719,64.0,6.0566666666666664e-05
2023-07-13,30380.0,31804.2,30251.0,31454.23,70772.51836,27.56999969482422,13.609999656677246,449.55999755859375,57.0,1.838e-05
2023-07-14,31454.23,31630.0,29900.0,30312.01,60749.48424,27.6200008392334,13.34000015258789,449.2799987792969,60.0,0.0001
2023-07-15,30312.0,30390.9,30200.0,30289.52,14118.55329,27.6200008392334,13.34000015258789,449.2799987792969,56.0,-4.406666666666667e-06
2023-07-16,30289.52,30441.46,30064.29,30231.99,15760.1281,27.6200008392334,13.34000015258789,449.2799987792969,57.0,4.782666666666667e-05
2023-07-17,30232.0,30336.96,29659.2,30138.0,30882.76839,27.59000015258789,13.479999542236328,450.8399963378906,54.0,5.1080000000000006e-05
2023-07-18,30138.01,30239.78,29512.0,29859.13,30003.8601,27.610000610351562,13.300000190734863,454.19000244140625,56.0,6.0860000000000003e-05
2023-07-19,29859.14,30189.09,29761.96,29909.21,25657.36137,27.719999313354492,13.760000228881836,455.20001220703125,50.0,7.638000000000001e-05
2023-07-20,29909.21,30417.46,29570.96,29800.0,37540.68193,27.8799991607666,13.989999771118164,452.17999267578125,56.0,5.952e-05
2023-07-21,29800.0,30061.7,29726.34,29901.72,23881.40865,27.959999084472656,13.600000381469727,452.17999267578125,50.0,2.457e-05
2023-07-22,29901.72,29999.0,29625.1,29794.0,14660.40467,27.959999084472656,13.600000381469727,452.17999267578125,52.0,1.1053333333333333e-05
2023-07-23,29793.99,30350.0,29730.0,30083.75,18292.78637,27.959999084472656,13.600000381469727,452.17999267578125,54.0,7.426666666666666e-05
2023-07-24,30083.75,30099.58,28861.9,29176.5,39628.99691,28.059999465942383,13.90999984741211,454.20001220703125,55.0,8.112666666666668e-05
2023-07-25,29176.5,29376.0,29047.65,29228.91,21565.7478,28.030000686645508,13.859999656677246,455.44000244140625,50.0,8.026666666666666e-05
2023-07-26,29228.91,29690.0,29096.94,29351.96,33931.63366,27.950000762939453,13.1899995803833,455.510009765625,51.0,8.406333333333333e-05
2023-07-27,29351.95,29567.49,29083.85,29222.78,22476.47626,28.209999084472656,14.40999984741211,452.489990234375,51.0,3.2806666666666665e-05
2023-07-28,29222.78,29542.22,29123.12,29314.14,23993.61627,28.170000076293945,13.329999923706055,456.9200134277344,52.0,7.016e-05
2023-07-29,29314.14,29406.92,29256.18,29352.9,10851.36844,28.170000076293945,13.329999923706055,456.9200134277344,52.0,7.365666666666667e-05
2023-07-30,29352.9,29449.0,29033.24,29281.09,15706.97441,28.170000076293945,13.329999923706055,456.9200134277344,52.0,6.022666666666667e-05
2023-07-31,29281.09,29530.0,29101.8,29232.25,22605.48964,28.219999313354492,13.630000114440918,457.7900085449219,50.0,5.99e-05
2023-08-01,29232.26,29739.25,28585.7,29705.99,44719.65162,28.350000381469727,13.930000305175781,456.4800109863281,53.0,7.689333333333333e-05
2023-08-02,29705.99,30047.5,28927.5,29186.01,48181.65141,28.450000762939453,16.09000015258789,450.1300048828125,53.0,0.0001
2023-08-03,29186.0,29433.33,28968.0,29193.64,26476.91994,28.43000030517578,15.920000076293945,448.8399963378906,52.0,0.0001
2023-08-04,29193.65,29333.08,28807.54,29113.99,23551.95217,28.290000915527344,17.100000381469727,446.80999755859375,54.0,9.372e-05
2023-08-05,29114.0,29152.23,28978.64,29072.13,11645.52018,28.290000915527344,17.100000381469727,446.80999755859375,50.0,8.060333333333333e-05
2023-08-06,29072.13,29205.09,28991.88,29088.42,13178.1972,28.290000915527344,17.100000381469727,446.80999755859375,49.0,0.0001
2023-08-07,29088.43,29276.78,28701.03,29211.06,30966.87746,28.309999465942383,15.770000457763672,450.7099914550781,49.0,9.223e-05
2023-08-08,29211.06,30244.0,29146.45,29770.42,45700.53392,28.440000534057617,15.989999771118164,448.75,54.0,8.360000000000001e-05
2023-08-09,29770.41,30160.0,29376.67,29581.99,38003.88725,28.459999084472656,15.960000038146973,445.75,50.0,8.838e-05
2023-08-10,29581.99,29738.0,29320.2,29455.75,23463.45373,28.510000228881836,15.850000381469727,445.9100036621094,53.0,9.425666666666667e-05
2023-08-11,29455.76,29564.52,29252.45,29426.03,20637.0443,28.56999969482422,14.84000015258789,445.6499938964844,51.0,9.041000000000001e-05
2023-08-12,29426.02,29481.35,29381.56,29430.17,8971.48068,28.56999969482422,14.84000015258789,445.6499938964844,54.0,9.768333333333333e-05
2023-08-13,29430.18,29474.65,29272.32,29303.84,11101.70947,28.56999969482422,14.84000015258789,445.6499938964844,54.0,8.212333333333333e-05
2023-08-14,29303.85,29695.32,29102.45,29430.93,31443.11532,28.670000076293945,14.819999694824219,448.1099853515625,50.0,0.0001
2023-08-15,29430.92,29499.26,29059.6,29200.0,27503.87691,28.68000030517578,16.459999084472656,442.8900146484375,53.0,0.0001
2023-08-16,29200.01,29259.85,28723.08,28730.51,32996.69854,28.760000228881836,16.780000686645508,439.6400146484375,52.0,0.0001
2023-08-17,28730.51,28783.48,25166.0,26623.41,100271.54033,28.75,17.889999389648438,436.2900085449219,50.0,0.0001
2023-08-18,26623.41,26832.6,25619.0,26054.0,69790.65711,28.770000457763672,17.299999237060547,436.5,37.0,5.04e-05
2023-08-19,26054.0,26281.0,25801.09,26100.01,26160.75343,28.770000457763672,17.299999237060547,436.5,39.0,-1.9606666666666666e-05
2023-08-20,26100.01,26299.0,25971.05,26189.99,19056.91209,28.770000457763672,17.299999237060547,436.5,37.0,-2.542e-05
2023-08-21,26190.0,26258.42,25812.0,26126.92,30267.24233,28.739999771118164,17.1299991607666,439.3399963378906,38.0,-1.2e-05
2023-08-22,26126.92,26139.42,25300.0,26056.0,34247.06688,28.84000015258789,16.969999313354492,438.1499938964844,37.0,2.706666666666667e-06
2023-08-23,26055.99,26819.27,25812.82,26432.72,44023.69978,28.739999771118164,15.979999542236328,443.0299987792969,37.0,9.886666666666666e-06
2023-08-24,26432.71,26577.87,25864.0,26180.05,30205.22116,28.969999313354492,17.200000762939453,436.8900146484375,41.0,1.528e-05
2023-08-25,26180.05,26314.05,25777.15,26060.01,27753.33772,29.010000228881836,15.680000305175781,439.9700012207031,39.0,2.4536666666666665e-05
2023-08-26,26060.0,26125.77,25985.92,26017.37,10022.22322,29.010000228881836,15.680000305175781,439.9700012207031,38.0,3.75e-05
2023-08-27,26017.38,26182.23,25966.11,26101.77,12099.64216,29.010000228881836,15.680000305175781,439.9700012207031,38.0,1.7690000000000002e-05
2023-08-28,26101.78,26253.99,25864.5,26120.0,22692.62655,28.959999084472656,15.079999923706055,442.760009765625,39.0,2.851e-05
2023-08-29,26120.0,28142.85,25922.0,27716.34,74251.99488,28.799999237060547,14.449999809265137,449.1600036621094,39.0,-2.1136666666666664e-05
2023-08-30,27716.34,27768.57,27017.24,27299.99,35448.25848,28.75,13.880000114440918,451.010009765625,49.0,4.847666666666666e-05
2023-08-31,27299.99,27587.51,25655.01,25940.78,51032.80401,28.889999389648438,13.569999694824219,450.3500061035156,52.0,5.9576666666666675e-05
2023-09-01,25940.77,26156.0,25333.75,25805.05,41032.15056,29.06999969482422,13.09000015258789,451.19000244140625,40.0,4.935e-05
2023-09-02,25805.04,25987.5,25752.47,25869.51,16250.77698,29.06999969482422,13.09000015258789,451.19000244140625,39.0,1.639e-05
2023-09-03,25869.52,26135.0,25800.0,25971.21,17474.47667,29.06999969482422,13.09000015258789,451.19000244140625,40.0,2.6546666666666668e-05
2023-09-04,25971.21,26108.02,25631.21,25826.02,21777.59609,29.06999969482422,13.09000015258789,451.19000244140625,40.0,1.0333333333333333e-05
2023-09-05,25826.03,25915.49,25562.62,25792.1,21323.39337,29.219999313354492,14.010000228881836,449.239990234375,40.0,1.798e-05
2023-09-06,25792.11,26040.0,25372.51,25759.95,27262.52386,29.229999542236328,14.449999809265137,446.2200012207031,42.0,3.6966666666666667e-06
2023-09-07,25759.95,26443.14,25615.38,26255.0,27687.49567,29.299999237060547,14.399999618530273,444.8500061035156,41.0,4.879e-05
2023-09-08,26255.0,26445.5,25647.26,25910.5,28999.76471,29.329999923706055,13.84000015258789,445.5199890136719,46.0,-9.013333333333332e-06
2023-09-09,25910.5,25945.09,25796.64,25901.61,10980.62277,29.329999923706055,13.84000015258789,445.5199890136719,41.0,-1.337e-05
2023-09-10,25901.6,26033.66,25570.57,25841.61,18738.26914,29.329999923706055,13.84000015258789,445.5199890136719,40.0,1.9433333333333332e-05
2023-09-11,25841.6,25900.69,24901.0,25162.52,41682.32,29.190000534057617,13.800000190734863,448.45001220703125,40.0,1.1203333333333333e-05
2023-09-12,25162.53,26567.0,25131.48,25840.1,56434.38537,29.239999771118164,14.229999542236328,445.989990234375,30.0,1.551e-05
2023-09-13,25840.1,26405.22,25764.17,26222.0,31610.82753,29.260000228881836,13.479999542236328,446.510009765625,41.0,2.2336666666666666e-05
2023-09-14,26222.0,26860.49,26126.77,26522.73,38333.1725,29.440000534057617,12.819999694824219,450.3599853515625,45.0,-2.863333333333335e-06
2023-09-15,26522.73,26888.0,26224.0,26600.0,26227.29369,29.420000076293945,13.789999961853027,443.3699951171875,45.0,1.3863333333333333e-05
2023-09-16,26599.99,26777.0,26445.0,26559.67,13960.93351,29.420000076293945,13.789999961853027,443.3699951171875,43.0,-2.9540000000000002e-05
2023-09-17,26559.67,26623.25,26399.0,26527.51,12998.10277,29.420000076293945,13.789999961853027,443.3699951171875,46.0,8.96e-06
2023-09-18,26527.5,27409.0,26377.35,26762.51,43000.43256,29.3700008392334,14.0,443.6300048828125,46.0,-2.2343333333333333e-05
2023-09-19,26762.5,27483.57,26667.79,27210.26,36190.52187,29.389999389648438,14.109999656677246,442.7099914550781,46.0,-4.2000000000000004e-06
2023-09-20,27210.25,27388.63,26800.0,27125.0,34207.21867,29.440000534057617,15.140000343322754,438.6400146484375,47.0,-2.460666666666667e-05
2023-09-21,27125.01,27159.6,26377.7,26568.08,34476.82662,29.459999084472656,17.540000915527344,431.3900146484375,47.0,3.901e-05
2023-09-22,26568.08,26743.38,26468.77,26580.14,18198.2292,29.530000686645508,17.200000762939453,430.4200134277344,43.0,1.0359999999999997e-05
2023-09-23,26580.14,26632.81,26509.0,26575.96,9440.7026,29.530000686645508,17.200000762939453,430.4200134277344,47.0,2.8136666666666668e-05
2023-09-24,26575.97,26738.54,26122.08,26248.38,15706.65771,29.530000686645508,17.200000762939453,430.4200134277344,44.0,2.0719999999999995e-05
2023-09-25,26248.39,26446.15,25990.46,26304.81,26266.2039,29.639999389648438,16.899999618530273,432.2300109863281,47.0,4.0323333333333334e-05
2023-09-26,26304.8,26397.46,26088.34,26221.67,18495.35066,29.729999542236328,18.940000534057617,425.8800048828125,46.0,1.6699999999999982e-06
2023-09-27,26221.68,26850.0,26112.06,26372.99,34771.57978,29.8700008392334,18.219999313354492,426.04998779296875,44.0,5.1319999999999997e-05
2023-09-28,26373.0,27308.48,26342.4,27021.39,44517.83491,29.709999084472656,17.34000015258789,428.5199890136719,46.0,-1.8796666666666666e-05
2023-09-29,27021.39,27244.89,26665.16,26906.96,28478.76219,29.729999542236328,17.520000457763672,427.4800109863281,48.0,-1.995e-05
2023-09-30,26906.96,27094.99,26886.31,26962.56,12804.62307,29.729999542236328,17.520000457763672,427.4800109863281,47.0,1.344e-05
2023-10-01,26962.57,28065.51,26954.09,27992.57,24602.81468,29.729999542236328,17.520000457763672,427.4800109863281,48.0,-8.623333333333333e-06
2023-10-02,27992.58,28580.0,27281.44,27494.51,57071.14241,29.959999084472656,17.610000610351562,427.30999755859375,50.0,1.694e-05
2023-10-03,27494.51,27676.52,27160.5,27426.46,28928.96555,29.989999771118164,19.780000686645508,421.5899963378906,50.0,2.7796666666666668e-05
2023-10-04,27426.45,27839.72,27202.0,27778.57,29816.142,29.899999618530273,18.579999923706055,424.6600036621094,49.0,3.124666666666667e-05
2023-10-05,27778.57,28120.39,27352.0,27410.39,30681.49619,29.799999237060547,18.489999771118164,424.5,48.0,-3.459e-05
2023-10-06,27410.39,28295.0,27175.94,27931.09,37983.24277,29.739999771118164,17.450000762939453,429.5400085449219,50.0,-9.396666666666666e-06
2023-10-07,27931.1,28029.67,27842.08,27956.67,13348.83825,29.739999771118164,17.450000762939453,429.5400085449219,49.0,2.3520000000000002e-05
2023-10-08,27956.67,28095.14,27687.5,27917.05,19693.56921,29.739999771118164,17.450000762939453,429.5400085449219,50.0,2.1503333333333335e-05
2023-10-09,27917.06,27987.93,27260.0,27590.12,31534.74639,29.729999542236328,17.700000762939453,432.2900085449219,50.0,5.115e-05
2023-10-10,27590.12,27735.0,27298.0,27390.12,22776.84383,29.65999984741211,17.030000686645508,434.5400085449219,50.0,4.263666666666667e-05
2023-10-11,27390.12,27477.39,26538.66,26875.52,37349.44706,29.65999984741211,16.09000015258789,436.32000732421875,47.0,6.855666666666667e-05
2023-10-12,26875.52,26947.04,26555.0,26759.63,23428.64112,29.90999984741211,16.690000534057617,433.6600036621094,45.0,6.655e-05
2023-10-13,26759.63,27130.0,26685.0,26862.0,24115.76499,29.93000030517578,19.31999969482422,431.5,44.0,2.2196666666666667e-05
2023-10-14,26862.0,26989.58,26789.0,26852.48,10417.25576,29.93000030517578,19.31999969482422,431.5,47.0,1.5906666666666665e-05
2023-10-15,26852.48,27293.33,26808.25,27154.15,15274.6917,29.93000030517578,19.31999969482422,431.5,45.0,1.669e-05
2023-10-16,27154.14,30000.0,27112.66,28500.78,78399.22445,29.799999237060547,17.209999084472656,436.0400085449219,47.0,3.394333333333334e-05
2023-10-17,28500.77,28613.65,28069.32,28395.91,38428.44532,29.809999465942383,17.8799991607666,436.0199890136719,52.0,-2.0466666666666673e-06
2023-10-18,28395.91,28982.36,28142.87,28320.0,32162.47591,29.920000076293945,19.219999313354492,430.2099914550781,50.0,-9.716666666666666e-06
2023-10-19,28320.0,28916.89,28100.66,28713.71,35895.50179,29.829999923706055,21.399999618530273,426.42999267578125,52.0,-4.2193333333333335e-05
2023-10-20,28713.71,30207.55,28578.29,29669.04,59422.0992,29.84000015258789,21.709999084472656,421.19000244140625,53.0,-1.5490000000000002e-05
2023-10-21,29669.05,30379.99,29464.77,29909.8,27517.51897,29.84000015258789,21.709999084472656,421.19000244140625,63.0,2.872e-05
2023-10-22,29909.8,30248.0,29640.0,29992.46,22852.54563,29.84000015258789,21.709999084472656,421.19000244140625,53.0,2.7536666666666667e-05
2023-10-23,29992.46,34741.91,29883.6,33069.99,93513.64246,29.690000534057617,20.3700008392334,420.4599914550781,53.0,6.162666666666666e-05
2023-10-24,33069.99,35280.0,32832.34,33922.73,115265.02418,29.860000610351562,18.969999313354492,423.6300048828125,66.0,0.0001
2023-10-25,33922.73,35132.85,33679.05,34496.05,54887.02529,29.940000534057617,20.190000534057617,417.54998779296875,72.0,0.0001
2023-10-26,34496.05,34824.13,33751.0,34151.66,39744.66255,30.010000228881836,20.68000030517578,412.54998779296875,71.0,0.0001
2023-10-27,34151.66,34245.0,33390.95,33892.02,32330.40106,29.969999313354492,21.270000457763672,410.67999267578125,70.0,0.0001
2023-10-28,33892.01,34493.33,33860.0,34081.0,16880.13144,29.969999313354492,21.270000457763672,410.67999267578125,65.0,0.0001
2023-10-29,34081.01,34750.11,33930.0,34525.89,20685.52176,29.969999313354492,21.270000457763672,410.67999267578125,72.0,0.0001
2023-10-30,34525.88,34856.0,34062.84,34474.73,33657.95976,29.850000381469727,19.75,415.5899963378906,68.0,0.0001
2023-10-31,34474.74,34720.49,34025.0,34639.77,32737.89822,30.030000686645508,18.139999389648438,418.20001220703125,66.0,0.0001
2023-11-01,34639.78,35582.0,34097.39,35421.43,53473.28165,30.040000915527344,16.8700008392334,422.6600036621094,66.0,0.0001
2023-11-02,35421.43,35984.99,34300.0,34941.59,48015.57732,29.889999389648438,15.65999984741211,430.760009765625,72.0,0.0001
2023-11-03,34941.58,34946.5,34120.0,34716.78,39071.20644,29.610000610351562,14.90999984741211,434.69000244140625,65.0,0.0001
2023-11-04,34716.78,35255.0,34585.18,35062.07,18377.55545,29.610000610351562,14.90999984741211,434.69000244140625,68.0,0.0001
2023-11-05,35062.06,35380.0,34448.0,35011.88,24528.73376,29.610000610351562,14.90999984741211,434.69000244140625,70.0,0.0001
2023-11-06,35011.89,35276.33,34725.9,35046.09,22346.47086,29.639999389648438,14.890000343322754,435.69000244140625,74.0,0.0001
2023-11-07,35046.09,35888.0,34523.06,35399.12,38688.73692,29.739999771118164,14.8100004196167,436.92999267578125,68.0,0.0001
2023-11-08,35399.13,36106.0,35100.0,35624.72,33401.34137,29.729999542236328,14.449999809265137,437.25,66.0,0.0001
2023-11-09,35624.72,37972.24,35534.05,36701.09,82537.88885,29.860000610351562,15.289999961853027,433.8399963378906,69.0,0.00013342333333333332
2023-11-10,36701.1,37526.0,36324.71,37301.63,43414.04898,29.84000015258789,14.170000076293945,440.6099853515625,70.0,0.00010560666666666666
2023-11-11,37301.63,37408.26,36666.93,37130.0,22984.97235,29.84000015258789,14.170000076293945,440.6099853515625,70.0,0.00013751666666666666
2023-11-12,37129.99,37222.22,36731.1,37064.13,17687.18874,29.84000015258789,14.170000076293945,440.6099853515625,73.0,0.00022046000000000001
2023-11-13,37064.13,37417.99,36333.0,36462.93,32798.18252,29.799999237060547,14.760000228881836,440.19000244140625,72.0,0.00021284000000000003
2023-11-14,36462.93,36744.0,34800.0,35551.19,45503.68416,29.329999923706055,14.15999984741211,448.7300109863281,69.0,0.00016076
2023-11-15,35551.2,37980.0,35360.0,37858.2,53569.13385,29.440000534057617,14.180000305175781,449.67999267578125,60.0,0.0001
2023-11-16,37858.2,37929.54,35500.0,36163.51,47490.39566,29.459999084472656,14.319999694824219,450.2300109863281,70.0,0.00012404333333333335
2023-11-17,36163.51,36800.0,35861.1,36613.92,38283.61112,29.299999237060547,13.800000190734863,450.7900085449219,63.0,0.0001
2023-11-18,36613.91,36845.49,36178.58,36568.1,17102.24186,29.299999237060547,13.800000190734863,450.7900085449219,69.0,0.0001
2023-11-19,36568.11,37500.0,36384.02,37359.86,21246.34648,29.299999237060547,13.800000190734863,450.7900085449219,66.0,0.0001
2023-11-20,37359.85,37750.0,36677.0,37448.78,36022.70291,29.209999084472656,13.40999984741211,454.260009765625,69.0,0.0001
2023-11-21,37448.79,37649.44,35735.0,35741.65,47646.54804,29.239999771118164,13.350000381469727,453.2699890136719,71.0,0.0001
2023-11-22,35741.65,37861.1,35632.01,37408.34,45051.30697,29.34000015258789,12.850000381469727,455.0199890136719,62.0,0.0001
2023-11-23,37408.35,37653.44,36870.0,37294.28,23827.92882,29.34000015258789,12.850000381469727,455.0199890136719,66.0,0.0001
2023-11-24,37294.27,38414.0,37251.51,37713.57,44680.80646,29.209999084472656,12.460000038146973,455.29998779296875,66.0,0.0001
2023-11-25,37713.57,37888.0,37591.1,37780.67,11396.14464,29.209999084472656,12.460000038146973,455.29998779296875,73.0,0.0001
2023-11-26,37780.67,37814.63,37150.0,37447.43,21264.53723,29.209999084472656,12.460000038146973,455.29998779296875,73.0,0.0001
2023-11-27,37447.42,37569.23,36707.0,37242.7,30001.07376,29.149999618530273,12.6899995803833,454.4800109863281,66.0,0.0001
2023-11-28,37242.7,38377.0,36868.41,37818.87,37544.46667,29.049999237060547,12.6899995803833,454.92999267578125,68.0,0.0001
2023-11-29,37818.88,38450.0,37570.0,37854.64,32994.19107,29.079999923706055,12.979999542236328,454.6099853515625,72.0,0.0001
2023-11-30,37854.65,38145.85,37500.0,37723.96,24740.29147,29.290000915527344,12.920000076293945,456.3999938964844,74.0,0.0001
2023-12-01,37723.97,38999.0,37615.86,38682.52,43415.66324,29.200000762939453,12.630000114440918,459.1000061035156,71.0,0.0001
2023-12-02,38682.51,39717.14,38641.61,39450.35,26696.92161,29.200000762939453,12.630000114440918,459.1000061035156,74.0,8.488e-05
2023-12-03,39450.35,40250.0,39274.86,39972.26,26710.65335,29.200000762939453,12.630000114440918,459.1000061035156,73.0,0.0001
2023-12-04,39972.26,42420.0,39972.26,41991.1,79272.33059,29.329999923706055,13.079999923706055,456.69000244140625,74.0,0.0001
2023-12-05,41991.1,44488.0,41414.0,44073.32,67490.74644,29.440000534057617,12.850000381469727,456.6000061035156,75.0,0.0001
2023-12-06,44073.82,44297.21,43335.28,43762.69,51431.10492,29.510000228881836,12.970000267028809,454.760009765625,72.0,0.0001
2023-12-07,43762.69,44047.33,42821.1,43273.14,47103.26845,29.350000381469727,13.0600004196167,458.2300109863281,72.0,0.0001
2023-12-08,43273.15,44700.0,43081.1,44170.99,42900.37556,29.459999084472656,12.350000381469727,460.20001220703125,72.0,0.00017843333333333335
2023-12-09,44171.0,44358.02,43584.51,43713.6,24925.97008,29.459999084472656,12.350000381469727,460.20001220703125,73.0,0.00019618333333333332
2023-12-10,43713.59,44049.0,43563.0,43789.51,18956.61758,29.459999084472656,12.350000381469727,460.20001220703125,74.0,0.00021676666666666669
2023-12-11,43789.5,43804.5,40222.0,41253.4,76663.89804,29.5,12.630000114440918,461.989990234375,74.0,0.00011576666666666668
2023-12-12,41253.41,42104.12,40680.0,41492.39,42722.69773,29.420000076293945,12.069999694824219,464.1000061035156,67.0,0.0001
2023-12-13,41492.38,43475.2,40555.0,42869.03,45865.99773,29.170000076293945,12.1899995803833,470.5,65.0,0.00011557333333333333
2023-12-14,42869.03,43420.0,41400.0,43022.26,42047.05709,28.899999618530273,12.479999542236328,472.010009765625,72.0,0.0001
2023-12-15,43022.26,43080.81,41666.0,41940.3,33421.7932,29.09000015258789,12.279999732971191,469.3299865722656,70.0,0.0001
2023-12-16,41940.29,42724.43,41605.0,42278.03,24118.85747,29.09000015258789,12.279999732971191,469.3299865722656,67.0,0.0001
2023-12-17,42278.02,42424.07,41252.0,41374.65,27722.11452,29.09000015258789,12.279999732971191,469.3299865722656,73.0,0.0001
2023-12-18,41374.64,42757.81,40542.93,42657.8,46734.0925,27.34000015258789,12.5600004196167,471.9700012207031,65.0,0.00012988666666666668
2023-12-19,42657.8,43497.0,41811.1,42275.99,40927.86444,27.219999313354492,12.529999732971191,474.8399963378906,73.0,0.0001
2023-12-20,42275.99,44283.0,42206.0,43668.93,48710.2947,27.34000015258789,13.670000076293945,468.260009765625,74.0,0.00014714333333333332
2023-12-21,43668.92,44242.35,43286.72,43861.8,34624.29384,27.15999984741211,13.649999618530273,472.70001220703125,70.0,0.0002843566666666667
2023-12-22,43861.79,44398.26,43412.54,43969.04,32783.19638,27.149999618530273,13.029999732971191,473.6499938964844,74.0,0.0002614233333333333
2023-12-23,43969.04,43988.68,43291.1,43702.16,16557.1293,27.149999618530273,13.029999732971191,473.6499938964844,70.0,0.00013783666666666668
2023-12-24,43702.15,43946.0,42500.0,42991.5,25144.33496,27.149999618530273,13.029999732971191,473.6499938964844,71.0,0.00016839666666666666
2023-12-25,42991.5,43802.32,42720.43,43576.13,27021.23992,27.149999618530273,13.029999732971191,473.6499938964844,73.0,0.00019302666666666667
2023-12-26,43576.12,43592.68,41637.6,42508.93,41010.04282,27.09000015258789,12.989999771118164,475.6499938964844,71.0,0.0003223566666666667
2023-12-27,42508.93,43677.0,42098.69,43428.85,36191.21136,26.950000762939453,12.430000305175781,476.510009765625,73.0,0.00032622333333333337
2023-12-28,43428.86,43787.57,42241.79,42563.76,35150.52485,27.040000915527344,12.470000267028809,476.69000244140625,73.0,0.00033684
2023-12-29,42563.76,43111.0,41300.0,42066.95,42597.18912,27.09000015258789,12.449999809265137,475.30999755859375,65.0,0.0005072133333333333
2023-12-30,42066.94,42612.32,41520.3,42140.28,22906.57818,27.09000015258789,12.449999809265137,475.30999755859375,68.0,0.0003815166666666667
2023-12-31,42140.29,42899.0,41965.84,42283.58,23585.91603,27.09000015258789,12.449999809265137,475.30999755859375,67.0,0.0003200833333333333
2024-01-01,42283.58,44184.1,42180.77,44179.55,27174.29903,27.09000015258789,12.449999809265137,475.30999755859375,65.0,0.00032741
2024-01-02,44179.55,45879.63,44148.34,44946.91,65146.40661,27.31999969482422,13.199999809265137,472.6499938964844,71.0,0.00051585
2024-01-03,44946.91,45500.0,40750.0,42845.23,81194.55173,27.40999984741211,14.039999961853027,468.7900085449219,70.0,0.00016094000000000001
2024-01-04,42845.23,44729.58,42613.77,44151.1,48038.06334,27.40999984741211,14.130000114440918,467.2799987792969,68.0,0.0001
2024-01-05,44151.1,44357.46,42450.0,44145.11,48075.25327,27.40999984741211,13.350000381469727,467.9200134277344,72.0,0.0001
2024-01-06,44145.12,44214.42,43397.05,43968.32,17835.06144,27.40999984741211,13.350000381469727,467.9200134277344,70.0,0.0001
2024-01-07,43968.32,44480.59,43572.09,43929.02,23023.8508,27.40999984741211,13.350000381469727,467.9200134277344,71.0,0.0001
2024-01-08,43929.01,47248.99,43175.0,46951.04,72814.57589,27.360000610351562,13.079999923706055,474.6000061035156,71.0,0.0001
2024-01-09,46951.04,47972.0,44748.67,46110.0,69927.66617,27.450000762939453,12.760000228881836,473.8800048828125,76.0,0.0001
2024-01-10,46110.0,47695.93,44300.36,46653.99,89911.41203,27.399999618530273,12.6899995803833,476.55999755859375,73.0,0.0001
2024-01-11,46654.0,48969.48,45606.06,46339.16,87470.3296,27.420000076293945,12.4399995803833,476.3500061035156,76.0,0.0001
2024-01-12,46339.16,46515.53,41500.0,42782.73,86327.93707,27.450000762939453,12.699999809265137,476.67999267578125,71.0,0.0001
2024-01-13,42782.74,43257.0,42436.12,42847.99,36118.47464,27.450000762939453,12.699999809265137,476.67999267578125,64.0,0.0001
2024-01-14,42847.99,43079.0,41720.0,41732.35,28228.40894,27.450000762939453,12.699999809265137,476.67999267578125,60.0,0.0001
2024-01-15,41732.35,43400.43,41718.05,42511.1,40269.89303,27.450000762939453,12.699999809265137,476.67999267578125,52.0,0.0001
2024-01-16,42511.1,43578.01,42050.0,43137.95,45045.74589,27.690000534057617,13.84000015258789,474.92999267578125,64.0,0.0001
2024-01-17,43137.94,43198.0,42200.69,42776.1,33266.21388,27.709999084472656,14.789999961853027,472.2900085449219,60.0,0.0001
2024-01-18,42776.09,42930.0,40683.28,41327.5,43907.51641,27.739999771118164,14.130000114440918,476.489990234375,63.0,0.0001
2024-01-19,41327.51,42196.86,40280.0,41659.03,48342.74559,27.700000762939453,13.300000190734863,482.42999267578125,51.0,0.0001
2024-01-20,41659.03,41872.56,41456.3,41696.04,15923.99493,27.700000762939453,13.300000190734863,482.42999267578125,52.0,0.0001
2024-01-21,41696.05,41881.39,41500.98,41580.33,11730.16301,27.700000762939453,13.300000190734863,482.42999267578125,56.0,0.0001
2024-01-22,41580.32,41689.65,39431.58,39568.02,55426.19911,27.709999084472656,13.1899995803833,483.45001220703125,55.0,0.0001
2024-01-23,39568.02,40176.74,38555.0,39897.6,57956.63351,27.780000686645508,12.550000190734863,484.8599853515625,50.0,0.0001
2024-01-24,39897.59,40555.0,39484.19,40084.88,39293.82861,27.700000762939453,13.140000343322754,485.3900146484375,48.0,0.0001
2024-01-25,40084.89,40300.24,39550.0,39961.09,31022.11853,27.780000686645508,13.449999809265137,488.0299987792969,52.0,0.0001
2024-01-26,39961.09,42246.82,39822.52,41823.51,47384.96726,27.780000686645508,13.260000228881836,487.4100036621094,49.0,0.0001
2024-01-27,41823.51,42200.0,41394.34,42120.63,16224.41667,27.780000686645508,13.260000228881836,487.4100036621094,55.0,9.088666666666666e-05
2024-01-28,42120.63,42842.68,41620.81,42031.06,27294.99838,27.780000686645508,13.260000228881836,487.4100036621094,54.0,8.241666666666667e-05
2024-01-29,42031.05,43333.0,41804.88,43302.7,31542.74207,27.780000686645508,13.600000381469727,491.2699890136719,55.0,9.714000000000001e-05
2024-01-30,43302.71,43882.36,42683.99,42941.1,37619.24546,27.760000228881836,13.3100004196167,490.8900146484375,61.0,8.213666666666667e-05
2024-01-31,42941.1,43745.11,42276.84,42580.0,39871.13688,27.829999923706055,14.350000381469727,482.8800048828125,60.0,7.384666666666667e-05
2024-02-01,42580.0,43285.13,41884.28,43082.94,35231.04664,27.690000534057617,13.880000114440918,489.20001220703125,63.0,0.0001
2024-02-02,43082.95,43488.0,42546.79,43200.0,29672.14418,27.940000534057617,13.850000381469727,494.3500061035156,63.0,0.0001
2024-02-03,43199.99,43380.01,42880.0,43011.09,12033.40998,27.940000534057617,13.850000381469727,494.3500061035156,60.0,8.232333333333334e-05
2024-02-04,43011.1,43119.04,42222.0,42582.88,17066.89404,27.940000534057617,13.850000381469727,494.3500061035156,60.0,9.051000000000001e-05
2024-02-05,42582.88,43569.76,42258.1,42708.7,29467.75905,28.09000015258789,13.670000076293945,492.54998779296875,60.0,0.0001
2024-02-06,42708.7,43399.98,42574.0,43098.95,24675.85433,28.010000228881836,13.0600004196167,493.9800109863281,64.0,8.907666666666668e-05
2024-02-07,43098.96,44396.5,42788.0,44349.6,34392.59915,27.979999542236328,12.829999923706055,498.1000061035156,62.0,7.068666666666666e-05
2024-02-08,44349.6,45614.3,44331.1,45288.65,45439.62231,28.010000228881836,12.789999961853027,498.32000732421875,66.0,6.375e-05
2024-02-09,45288.66,48200.0,45242.12,47132.77,73503.481,27.989999771118164,12.930000305175781,501.20001220703125,72.0,7.653666666666667e-05
2024-02-10,47132.78,48170.0,46800.0,47751.09,24802.35936,27.989999771118164,12.930000305175781,501.20001220703125,74.0,9.347000000000001e-05
2024-02-11,47751.08,48592.66,47557.16,48299.99,29958.80837,27.989999771118164,12.930000305175781,501.20001220703125,71.0,0.0001
2024-02-12,48300.0,50334.82,47710.01,49917.27,59009.96705,28.020000457763672,13.930000305175781,500.9800109863281,70.0,0.0001
2024-02-13,49917.28,50368.61,48300.95,49699.59,55551.56706,28.239999771118164,15.850000381469727,494.0799865722656,79.0,0.0001
2024-02-14,49699.6,52043.71,49225.01,51795.17,57046.37401,28.190000534057617,14.380000114440918,498.57000732421875,74.0,0.00010761
2024-02-15,51795.17,52816.62,51314.0,51880.0,53816.03055,28.079999923706055,14.010000228881836,502.010009765625,72.0,0.0001
2024-02-16,51880.01,52572.08,51566.0,52124.11,37772.25318,28.09000015258789,14.239999771118164,499.510009765625,72.0,0.0001
2024-02-17,52124.1,52162.82,50625.0,51642.64,25674.00622,28.09000015258789,14.239999771118164,499.510009765625,76.0,0.00012013666666666667
2024-02-18,51642.64,52377.0,51163.28,52137.67,21992.10363,28.09000015258789,14.239999771118164,499.510009765625,72.0,0.00016546666666666669
2024-02-19,52137.68,52488.77,51677.0,51774.73,29534.99432,28.09000015258789,14.239999771118164,499.510009765625,75.0,0.00018661666666666666
2024-02-20,51774.74,52985.0,50760.37,52258.82,49614.47318,28.049999237060547,15.420000076293945,496.760009765625,72.0,0.00013877333333333331
2024-02-21,52258.82,52366.8,50625.0,51849.39,43079.40049,28.020000457763672,15.34000015258789,497.2099914550781,78.0,0.00010414
2024-02-22,51849.38,52065.78,50940.78,51288.42,35309.44574,28.020000457763672,14.539999961853027,507.5,74.0,0.00012012333333333334
2024-02-23,51288.42,51548.54,50521.0,50744.15,30545.79544,28.040000915527344,13.75,507.8500061035156,76.0,0.00010996999999999999
2024-02-24,50744.15,51698.0,50585.0,51568.22,16560.4211,28.040000915527344,13.75,507.8500061035156,72.0,0.0001
2024-02-25,51568.21,51958.55,51279.8,51728.85,18721.63159,28.040000915527344,13.75,507.8500061035156,74.0,0.00013837333333333333
2024-02-26,51728.85,54910.0,50901.44,54476.47,51256.72199,27.989999771118164,13.739999771118164,505.989990234375,72.0,0.00025185
2024-02-27,54476.48,57588.15,54450.13,57037.34,67194.98562,28.010000228881836,13.430000305175781,506.92999267578125,79.0,0.00042916000000000004
2024-02-28,57037.35,64000.0,56691.85,62432.1,118763.46984,28.030000686645508,13.84000015258789,506.260009765625,82.0,0.0003464966666666667
2024-02-29,62432.11,63676.35,60364.7,61130.98,78425.07603,28.09000015258789,13.399999618530273,508.0799865722656,80.0,0.0006748633333333332
2024-03-01,61130.99,63114.23,60777.0,62387.9,47737.93473,28.040000915527344,13.109999656677246,512.8499755859375,80.0,0.0005471866666666667
2024-03-02,62387.9,62433.19,61561.12,61987.28,25534.73659,28.040000915527344,13.109999656677246,512.8499755859375,80.0,0.0004899866666666667
2024-03-03,61987.28,63231.88,61320.0,63113.97,28994.90903,28.040000915527344,13.109999656677246,512.8499755859375,83.0,0.00044618
2024-03-04,63113.97,68499.0,62300.0,68245.71,84835.16005,28.040000915527344,13.489999771118164,512.2999877929688,82.0,0.0005517466666666667
2024-03-05,68245.71,69000.0,59005.0,63724.01,132696.7813,28.010000228881836,14.460000038146973,507.17999267578125,90.0,0.00073359
2024-03-06,63724.01,67641.1,62779.14,66074.04,78738.85491,27.90999984741211,14.5,509.75,75.0,0.00039836666666666663
2024-03-07,66074.04,67980.0,65551.0,66823.17,53059.8869,27.770000457763672,14.4399995803833,514.8099975585938,82.0,0.0004183733333333333
2024-03-08,66823.18,69990.0,66082.66,68124.19,74261.932842,27.780000686645508,14.739999771118164,511.7200012207031,81.0,0.00047076333333333334
2024-03-09,68124.2,68541.1,67861.1,68313.27,19872.89743,27.780000686645508,14.739999771118164,511.7200012207031,84.0,0.0002560733333333333
2024-03-10,68313.28,69887.61,68094.75,68955.88,38404.66835,27.780000686645508,14.739999771118164,511.7200012207031,79.0,0.0004964666666666667
2024-03-11,68955.88,72800.0,67024.96,72078.1,75292.825726,27.809999465942383,15.220000267028809,511.2799987792969,82.0,0.0006010433333333334
2024-03-12,72078.1,73000.0,68620.82,71452.01,68783.546691,27.829999923706055,13.84000015258789,516.780029296875,81.0,0.0004590166666666667
2024-03-13,71452.0,73650.25,71333.31,73072.41,52659.711647,27.799999237060547,13.75,515.969970703125,81.0,0.00047682
2024-03-14,73072.4,73777.0,68555.0,71388.94,71757.628746,27.950000762939453,14.399999618530273,514.9500122070312,88.0,0.0003380133333333333
2024-03-15,71388.94,72419.71,65600.0,69499.85,103334.03546,27.979999542236328,14.40999984741211,509.8299865722656,83.0,0.00022716333333333333
2024-03-16,69499.84,70043.0,64780.0,65300.63,55926.95336,27.979999542236328,14.40999984741211,509.8299865722656,81.0,0.00018004999999999999
2024-03-17,65300.64,68904.4,64533.0,68393.48,49742.21589,27.979999542236328,14.40999984741211,509.8299865722656,79.0,0.00018563
2024-03-18,68393.47,68956.0,66565.2,67609.99,55691.08088,28.040000915527344,14.329999923706055,512.8599853515625,77.0,0.00025990999999999997
2024-03-19,67610.0,68124.11,61555.0,61937.4,101005.32487,28.110000610351562,13.819999694824219,515.7100219726562,79.0,0.00026668666666666667
2024-03-20,61937.41,68100.0,60775.0,67840.51,90420.58592,27.979999542236328,13.039999961853027,520.47998046875,74.0,0.00014745
2024-03-21,67840.51,68240.47,64529.01,65501.27,53357.48002,28.170000076293945,12.920000076293945,522.2000122070312,78.0,0.00016405666666666666
2024-03-22,65501.28,66649.62,62260.0,63796.64,51482.37821,28.31999969482422,13.0600004196167,521.2100219726562,75.0,0.00012754666666666667
2024-03-23,63796.64,65999.0,63000.0,63990.01,26410.11409,28.31999969482422,13.0600004196167,521.2100219726562,73.0,0.00010268666666666668
2024-03-24,63990.02,67628.69,63772.29,67209.99,31395.78015,28.31999969482422,13.0600004196167,521.2100219726562,74.0,0.00013617
2024-03-25,67210.0,71150.0,66385.06,69880.01,53431.14486,28.25,13.1899995803833,519.77001953125,75.0,0.00023562666666666668
2024-03-26,69880.0,71561.1,69280.0,69988.0,38934.38417,28.270000457763672,13.239999771118164,518.8099975585938,81.0,0.00022358333333333334
2024-03-27,69987.99,71769.54,68359.18,69469.99,49119.35685,28.290000915527344,12.779999732971191,523.1699829101562,83.0,0.00033979666666666665
2024-03-28,69469.99,71552.06,68903.62,70780.6,35439.03239,28.3700008392334,13.010000228881836,523.0700073242188,80.0,0.00027841333333333335
2024-03-29,70780.6,70916.16,69009.0,69850.54,25445.08353,28.3700008392334,13.010000228881836,523.0700073242188,79.0,0.0002462533333333333
2024-03-30,69850.53,70321.1,69540.0,69582.18,13644.61142,28.3700008392334,13.010000228881836,523.0700073242188,75.0,0.0002875033333333333
2024-03-31,69582.17,71366.0,69562.99,71280.01,19396.34433,28.3700008392334,13.010000228881836,523.0700073242188,75.0,0.0003751366666666666
2024-04-01,71280.0,71288.23,68062.86,69649.8,41445.32039,28.479999542236328,13.649999618530273,522.1599731445312,79.0,0.00043706999999999996
2024-04-02,69649.81,69674.23,64550.0,65463.99,71799.82793,28.440000534057617,14.609999656677246,518.8400268554688,79.0,0.00012460666666666667
2024-04-03,65463.99,66903.63,64493.07,65963.28,39887.21778,28.309999465942383,14.329999923706055,519.4099731445312,71.0,0.0001
2024-04-04,65963.27,69309.91,65064.52,68487.79,41510.48453,28.309999465942383,16.350000381469727,513.0700073242188,70.0,0.0001
2024-04-05,68487.8,68756.67,65952.56,67820.62,37915.23073,28.34000015258789,16.030000686645508,518.4299926757812,79.0,0.0001
2024-04-06,67820.63,69692.0,67447.83,68896.0,20134.28919,28.34000015258789,16.030000686645508,518.4299926757812,75.0,0.0001
2024-04-07,68896.0,70326.29,68824.0,69360.39,21534.74433,28.34000015258789,16.030000686645508,518.4299926757812,78.0,0.0001
2024-04-08,69360.38,72797.99,69043.24,71620.0,45723.87624,28.299999237060547,15.1899995803833,518.719970703125,76.0,0.00018396333333333333
2024-04-09,71620.0,71758.19,68210.0,69146.0,39293.90242,28.290000915527344,14.979999542236328,519.3200073242188,80.0,0.00020192999999999999
2024-04-10,69146.0,71172.08,67518.0,70631.08,42006.02377,28.59000015258789,15.800000190734863,514.1199951171875,78.0,0.00011462000000000001
2024-04-11,70631.08,71305.89,69567.21,70006.23,31917.25595,28.610000610351562,14.90999984741211,518.0,76.0,0.00017964999999999998
2024-04-12,70006.22,71227.46,65086.86,67116.52,56072.86229,28.84000015258789,17.309999465942383,510.8500061035156,79.0,0.00016367333333333332
2024-04-13,67116.52,67929.0,60660.57,63924.51,71395.22019,28.84000015258789,17.309999465942383,510.8500061035156,72.0,0.0001
2024-04-14,63924.52,65840.0,62134.0,65661.84,61599.17818,28.84000015258789,17.309999465942383,510.8500061035156,72.0,0.0001
2024-04-15,65661.85,66867.07,62274.4,63419.99,52389.53069,28.889999389648438,19.229999542236328,504.45001220703125,74.0,7.253e-05
2024-04-16,63419.99,64365.0,61600.0,63793.39,53435.29331,28.93000030517578,18.399999618530273,503.5299987792969,65.0,6.330333333333333e-05
2024-04-17,63793.4,64499.0,59678.16,61277.37,50610.54509,28.84000015258789,18.209999084472656,500.54998779296875,67.0,5.494333333333333e-05
2024-04-18,61277.38,64117.09,60803.35,63470.08,43601.60918,28.899999618530273,18.0,499.5199890136719,57.0,3.195e-05
2024-04-19,63470.09,65450.0,59600.01,63818.01,69774.30271,28.899999618530273,18.709999084472656,495.1600036621094,66.0,3.133666666666667e-05
2024-04-20,63818.01,65419.0,63090.07,64940.59,23137.42975,28.899999618530273,18.709999084472656,495.1600036621094,66.0,4.479333333333333e-05
2024-04-21,64940.58,65695.56,64237.5,64941.15,19316.42152,28.899999618530273,18.709999084472656,495.1600036621094,72.0,3.1213333333333335e-05
2024-04-22,64941.15,67232.35,64500.0,66819.32,31397.99371,28.90999984741211,16.940000534057617,499.7200012207031,73.0,2.6013333333333334e-05
2024-04-23,66819.32,67183.01,65765.81,66414.0,22599.90004,28.790000915527344,15.6899995803833,505.6499938964844,71.0,9.736666666666668e-06
2024-04-24,66414.0,67070.43,63606.06,64289.59,33595.69637,28.81999969482422,15.970000267028809,505.4100036621094,72.0,4.587333333333333e-05
2024-04-25,64289.58,65297.94,62794.0,64498.34,31341.46338,28.760000228881836,15.369999885559082,503.489990234375,72.0,4.076333333333333e-05
2024-04-26,64498.33,64820.01,63297.48,63770.01,27085.19346,28.889999389648438,15.029999732971191,508.260009765625,70.0,2.652e-05
2024-04-27,63770.0,63923.41,62391.24,63461.98,20933.06052,28.889999389648438,15.029999732971191,508.260009765625,67.0,6.768e-05
2024-04-28,63461.98,64370.0,62781.0,63118.62,16949.20005,28.889999389648438,15.029999732971191,508.260009765625,65.0,5.6900000000000014e-06
2024-04-29,63118.62,64228.35,61765.53,63866.0,28150.22947,28.799999237060547,14.670000076293945,510.05999755859375,67.0,4.948e-05
2024-04-30,63866.0,64734.0,59191.6,60672.0,54947.65535,28.979999542236328,15.649999618530273,501.9800109863281,67.0,9.631333333333333e-05
2024-05-01,60672.01,60841.63,56552.82,58364.97,81166.46823,28.950000762939453,15.390000343322754,500.3500061035156,54.0,9.616000000000001e-05
2024-05-02,58364.97,59625.0,56911.84,59060.61,47583.81961,28.729999542236328,14.680000305175781,505.0299987792969,43.0,4.2266666666666666e-05
2024-05-03,59060.6,63333.0,58811.32,62882.01,43628.40143,28.649999618530273,13.489999771118164,511.2900085449219,48.0,9.259999999999998e-06
2024-05-04,62882.01,64540.0,62541.03,63892.04,24368.69282,28.649999618530273,13.489999771118164,511.2900085449219,67.0,5.474333333333334e-05
2024-05-05,63892.03,64646.0,62822.17,64012.0,18526.75029,28.649999618530273,13.489999771118164,511.2900085449219,69.0,3.815333333333334e-05
2024-05-06,64012.0,65500.0,62700.0,63165.19,34674.91949,28.68000030517578,13.489999771118164,516.5700073242188,71.0,2.439e-05
2024-05-07,63165.18,64422.41,62261.0,62312.08,25598.79472,28.760000228881836,13.229999542236328,517.1400146484375,68.0,5.5576666666666666e-05
2024-05-08,62312.07,63020.22,60888.0,61193.03,26121.19004,28.799999237060547,13.0,517.1900024414062,64.0,6.578666666666666e-05
2024-05-09,61193.03,63429.03,60630.0,63074.01,30660.8061,28.700000762939453,12.6899995803833,520.1699829101562,55.0,5.405333333333333e-05
2024-05-10,63074.0,63469.13,60187.12,60799.99,36529.34025,28.739999771118164,12.550000190734863,520.8400268554688,66.0,4.8710000000000006e-05
2024-05-11,60799.99,61515.0,60487.09,60825.99,13374.56936,28.739999771118164,12.550000190734863,520.8400268554688,53.0,5.9063333333333334e-05
2024-05-12,60825.99,61888.0,60610.0,61483.99,12753.13236,28.739999771118164,12.550000190734863,520.8400268554688,56.0,5.144666666666666e-05
2024-05-13,61484.0,63450.0,60749.21,62940.08,32733.41839,28.729999542236328,13.600000381469727,520.9099731445312,57.0,9.206666666666666e-05
2024-05-14,62940.09,63118.36,61142.77,61577.49,29088.72041,28.670000076293945,13.420000076293945,523.2999877929688,66.0,8.086e-05
2024-05-15,61577.49,66444.16,61319.47,66206.5,43559.74719,28.489999771118164,12.449999809265137,529.780029296875,64.0,3.996e-05
2024-05-16,66206.51,66752.01,64602.77,65235.21,31106.3671,28.559999465942383,12.420000076293945,528.6900024414062,70.0,3.598e-05
2024-05-17,65235.21,67451.2,65106.38,67024.0,26292.23409,28.559999465942383,11.989999771118164,529.4500122070312,74.0,1.7213333333333333e-05
2024-05-18,67024.0,67400.01,66600.0,66915.2,14441.25774,28.559999465942383,11.989999771118164,529.4500122070312,73.0,2.6159999999999997e-05
2024-05-19,66915.2,67700.0,65857.25,66274.01,18025.30409,28.559999465942383,11.989999771118164,529.4500122070312,72.0,4.4426666666666666e-05
2024-05-20,66274.0,71515.56,66060.31,71446.62,50816.7011,28.600000381469727,12.149999618530273,530.0599975585938,70.0,3.5459999999999996e-05
2024-05-21,71446.62,71979.0,69162.94,70148.34,49607.4336,28.600000381469727,11.859999656677246,531.3599853515625,76.0,0.00010172333333333334
2024-05-22,70148.34,70666.0,68842.19,69166.62,27673.18026,28.690000534057617,12.289999961853027,529.8300170898438,76.0,0.00011919666666666666
2024-05-23,69166.62,70096.12,66312.16,67969.65,40513.17374,28.75,12.770000457763672,525.9600219726562,76.0,0.0001
2024-05-24,67969.66,69250.0,66600.12,68549.99,28095.83664,28.65999984741211,11.930000305175781,529.4400024414062,74.0,0.0001
2024-05-25,68549.99,69610.0,68500.0,69290.57,12130.39418,28.65999984741211,11.930000305175781,529.4400024414062,76.0,0.0001
2024-05-26,69290.56,69562.23,68128.01,68507.67,11872.11797,28.65999984741211,11.930000305175781,529.4400024414062,75.0,0.0001
2024-05-27,68507.67,70687.56,68250.0,69436.43,23136.92737,28.65999984741211,11.930000305175781,529.4400024414062,74.0,0.0001
2024-05-28,69436.43,69591.81,67277.91,68398.39,32622.97042,28.6200008392334,12.920000076293945,529.8099975585938,72.0,0.0001
2024-05-29,68398.4,68935.68,67124.65,67652.42,23159.83149,28.780000686645508,14.279999732971191,526.0999755859375,72.0,0.00010852666666666667
2024-05-30,67652.41,69500.0,67128.0,68352.17,28478.2184,28.690000534057617,14.470000267028809,522.6099853515625,73.0,0.0001
2024-05-31,68352.17,69044.1,66670.0,67540.01,26690.32184,28.670000076293945,12.920000076293945,527.3699951171875,73.0,0.00012289
2024-06-01,67540.01,67900.0,67428.44,67766.85,8837.66133,28.670000076293945,12.920000076293945,527.3699951171875,72.0,0.00010083333333333335
2024-06-02,67766.84,68460.0,67257.47,67765.63,15426.32529,28.670000076293945,12.920000076293945,527.3699951171875,73.0,0.0001
2024-06-03,67765.62,70288.0,67612.48,68809.9,29633.374,28.520000457763672,13.109999656677246,527.7999877929688,73.0,0.00011378333333333333
2024-06-04,68809.89,71063.45,68567.32,70537.84,29619.78489,28.530000686645508,13.15999984741211,528.3900146484375,73.0,0.00010669333333333335
2024-06-05,70537.83,71758.0,70383.66,71108.0,28703.18082,28.56999969482422,12.630000114440918,534.6699829101562,75.0,0.00013204333333333333
2024-06-06,71108.0,71700.0,70117.64,70799.06,21842.00449,28.530000686645508,12.579999923706055,534.6599731445312,78.0,0.00010735999999999999
2024-06-07,70799.06,71997.02,68420.0,69355.6,35598.45045,28.770000457763672,12.220000267028809,534.010009765625,77.0,0.00010055333333333335
2024-06-08,69355.6,69582.2,69168.02,69310.46,9773.82967,28.770000457763672,12.220000267028809,534.010009765625,72.0,0.0001
2024-06-09,69310.46,69857.14,69130.24,69648.14,9890.56709,28.770000457763672,12.220000267028809,534.010009765625,75.0,0.0001
2024-06-10,69648.15,70195.94,69172.29,69540.0,17122.66941,28.84000015258789,12.739999771118164,535.6599731445312,72.0,0.0001
2024-06-11,69540.0,69590.01,66051.0,67314.24,41436.01588,28.8799991607666,12.850000381469727,536.9500122070312,74.0,0.0001
2024-06-12,67314.23,69999.0,66905.0,68263.99,37175.32356,28.75,12.039999961853027,541.3599853515625,72.0,0.0001
2024-06-13,68263.98,68449.3,66251.78,66773.01,29079.55571,28.860000610351562,11.9399995803833,542.4500122070312,70.0,0.0001
2024-06-14,66773.01,67370.24,65078.0,66043.99,28408.18797,28.989999771118164,12.65999984741211,542.780029296875,74.0,0.0001
2024-06-15,66043.99,66478.48,65857.1,66228.25,11451.80242,28.989999771118164,12.65999984741211,542.780029296875,74.0,0.0001
2024-06-16,66228.25,66998.7,66034.5,66676.87,9392.52223,28.989999771118164,12.65999984741211,542.780029296875,71.0,0.0001
2024-06-17,66676.86,67298.81,65130.0,66504.33,27386.16851,28.920000076293945,12.75,547.0999755859375,71.0,0.0001
2024-06-18,66504.33,66588.23,64060.0,65175.32,42350.10244,28.90999984741211,12.300000190734863,548.489990234375,74.0,9.412e-05
2024-06-19,65175.32,65727.54,64666.0,64974.37,20060.79576,28.90999984741211,12.300000190734863,548.489990234375,64.0,5.698000000000001e-05
2024-06-20,64974.37,66482.94,64559.15,64869.99,24265.29031,29.030000686645508,13.279999732971191,547.0,60.0,5.588666666666667e-05
2024-06-21,64869.99,65066.66,63379.35,64143.56,25993.56442,29.100000381469727,13.199999809265137,544.510009765625,63.0,6.890666666666668e-05
2024-06-22,64143.56,64546.81,63943.82,64262.01,7308.95542,29.100000381469727,13.199999809265137,544.510009765625,53.0,8.048666666666667e-05
2024-06-23,64262.01,64521.0,63178.32,63210.01,8224.45447,29.100000381469727,13.199999809265137,544.510009765625,55.0,5.6609999999999995e-05
2024-06-24,63210.01,63369.8,58402.0,60293.3,52161.35414,29.0,13.329999923706055,542.739990234375,51.0,9.007333333333334e-05
2024-06-25,60293.3,62420.0,60257.06,61806.01,31189.24361,29.030000686645508,12.84000015258789,544.8300170898438,30.0,7.049333333333334e-05
2024-06-26,61806.01,62487.81,60712.0,60864.99,22485.66463,29.170000076293945,12.550000190734863,545.510009765625,46.0,0.0001
2024-06-27,60864.98,62389.22,60606.63,61706.47,18344.28631,29.1299991607666,12.239999771118164,546.3699951171875,40.0,0.0001
2024-06-28,61706.46,62225.31,60063.0,60427.84,24821.19255,29.1299991607666,12.4399995803833,544.219970703125,47.0,0.0001
2024-06-29,60427.84,61224.0,60383.77,60986.68,11509.55904,29.1299991607666,12.4399995803833,544.219970703125,30.0,0.0001
2024-06-30,60986.68,63058.76,60712.21,62772.01,17326.30136,29.1299991607666,12.4399995803833,544.219970703125,47.0,0.0001
2024-07-01,62772.01,63861.76,62497.2,62899.99,24547.10538,29.139999389648438,12.220000267028809,545.3400268554688,53.0,0.0001
2024-07-02,62900.0,63288.83,61806.28,62135.47,18573.11875,29.100000381469727,12.029999732971191,549.010009765625,51.0,0.0001
2024-07-03,62135.46,62285.94,59400.0,60208.58,32160.11127,28.979999542236328,12.09000015258789,551.4600219726562,50.0,0.0001
2024-07-04,60208.57,60498.19,56771.0,57050.01,54568.77276,28.979999542236328,12.09000015258789,551.4600219726562,44.0,0.0001
2024-07-05,57050.02,57546.0,53485.93,56628.79,81348.24756,28.8799991607666,12.479999542236328,554.6400146484375,29.0,7.254000000000001e-05
2024-07-06,56628.79,58475.0,56018.0,58230.13,21651.31558,28.8799991607666,12.479999542236328,554.6400146484375,26.0,5.497e-05
2024-07-07,58230.13,58449.46,55724.37,55857.81,19118.93918,28.8799991607666,12.479999542236328,554.6400146484375,29.0,9.388e-05
2024-07-08,55857.81,58236.73,54260.16,56714.62,48090.2049,28.93000030517578,12.369999885559082,555.280029296875,28.0,8.709e-05
2024-07-09,56714.61,58296.0,56289.45,58050.0,27732.20788,28.969999313354492,12.510000228881836,555.8200073242188,27.0,6.953666666666667e-05
2024-07-10,58050.0,59470.0,57157.79,57725.85,24951.73799,28.940000534057617,12.850000381469727,561.3200073242188,28.0,8.236666666666666e-05
2024-07-11,57725.85,59650.0,57050.0,57339.89,29761.05735,28.790000915527344,12.920000076293945,556.47998046875,29.0,0.0001
2024-07-12,57339.89,58526.68,56542.47,57889.1,23652.4569,28.690000534057617,12.460000038146973,559.989990234375,25.0,4.480333333333334e-05
2024-07-13,57889.09,59850.0,57756.63,59204.02,15357.74519,28.690000534057617,12.460000038146973,559.989990234375,25.0,8.394666666666668e-05
2024-07-14,59204.01,61420.69,59194.01,60797.91,21178.33907,28.690000534057617,12.460000038146973,559.989990234375,33.0,6.929666666666666e-05
2024-07-15,60797.91,64900.0,60632.3,64724.14,38690.9782,28.739999771118164,13.119999885559082,561.530029296875,52.0,2.426e-05
2024-07-16,64724.06,65388.97,62373.24,65043.99,42530.52915,28.739999771118164,13.1899995803833,564.8599853515625,65.0,2.1563333333333334e-05
2024-07-17,65044.0,66128.63,63854.0,64087.99,29567.52954,28.610000610351562,14.479999542236328,556.9400024414062,69.0,1.6633333333333326e-06
2024-07-18,64087.99,65133.3,63238.48,63987.92,22568.7225,28.739999771118164,15.930000305175781,552.6599731445312,61.0,1.7873333333333334e-05
2024-07-19,63987.92,67386.0,63300.67,66660.0,35634.72739,28.81999969482422,16.520000457763672,548.989990234375,60.0,4.4966666666666664e-05
2024-07-20,66660.01,67598.0,66222.46,67139.96,14386.92434,28.81999969482422,16.520000457763672,548.989990234375,74.0,1.6300000000000007e-06
2024-07-21,67139.97,68366.66,65777.0,68165.34,21819.11191,28.81999969482422,16.520000457763672,548.989990234375,74.0,-8.243333333333335e-06
2024-07-22,68165.35,68474.55,66559.97,67532.01,21451.04303,28.799999237060547,14.90999984741211,554.6500244140625,70.0,5.9526666666666674e-05
2024-07-23,67532.0,67750.98,65441.08,65936.01,31406.15316,28.850000381469727,14.720000267028809,553.780029296875,71.0,4.553666666666667e-05
2024-07-24,65936.0,67102.01,65111.0,65376.0,23082.56277,28.84000015258789,18.040000915527344,541.22998046875,69.0,0.0001
2024-07-25,65376.01,66175.49,63456.7,65799.95,35126.42934,28.84000015258789,18.459999084472656,538.4099731445312,68.0,0.0001
2024-07-26,65799.95,68200.0,65722.63,67907.99,24244.36023,28.81999969482422,16.389999389648438,544.4400024414062,68.0,7.780000000000001e-05
2024-07-27,67908.0,69399.99,66650.0,67896.5,31710.21921,28.81999969482422,16.389999389648438,544.4400024414062,72.0,7.892666666666666e-05
2024-07-28,67896.49,68318.43,67066.66,68249.88,10868.69394,28.81999969482422,16.389999389648438,544.4400024414062,71.0,6.720333333333333e-05
2024-07-29,68249.88,70079.99,66428.0,66784.69,36467.29633,28.899999618530273,16.600000381469727,544.760009765625,74.0,7.994666666666666e-05
2024-07-30,66784.68,67000.0,65302.67,66188.0,23132.25441,28.920000076293945,17.690000534057617,542.0,67.0,4.883e-05
2024-07-31,66188.0,66849.24,64530.0,64628.0,22625.43905,28.760000228881836,16.360000610351562,550.8099975585938,61.0,4.689e-05
2024-08-01,64628.01,65659.78,62302.0,65354.02,35542.26854,28.860000610351562,18.59000015258789,543.010009765625,52.0,9.402666666666667e-05
2024-08-02,65354.02,65596.14,61230.01,61498.33,38820.42937,28.56999969482422,23.389999389648438,532.9000244140625,57.0,0.0001
2024-08-03,61498.34,62198.22,59850.0,60697.99,28034.71567,28.56999969482422,23.389999389648438,532.9000244140625,37.0,8.011666666666667e-05
2024-08-04,60697.99,61117.63,57122.77,58161.0,31616.52003,28.56999969482422,23.389999389648438,532.9000244140625,34.0,8.447666666666668e-05
2024-08-05,58161.0,58305.59,49000.0,54018.81,162065.59186,28.40999984741211,38.56999969482422,517.3800048828125,26.0,6.798666666666666e-05
2024-08-06,54018.82,57040.99,53950.0,56022.01,55884.77676,28.5,27.709999084472656,522.1500244140625,17.0,1.7353333333333332e-05
2024-08-07,56022.0,57736.05,54558.62,55134.16,44269.37684,28.559999465942383,27.850000381469727,518.6599731445312,29.0,-1.4493333333333334e-05
2024-08-08,55133.76,62745.14,54730.0,61685.99,48349.52949,28.600000381469727,23.790000915527344,530.6500244140625,20.0,2.29e-05
2024-08-09,61686.0,61744.37,59535.0,60837.99,30972.48017,28.56999969482422,20.3700008392334,532.989990234375,48.0,4.008e-05
2024-08-10,60837.99,61470.58,60242.0,60923.51,9995.20621,28.56999969482422,20.3700008392334,532.989990234375,40.0,-2.4233333333333334e-05
2024-08-11,60923.51,61858.0,58286.73,58712.59,19189.84512,28.56999969482422,20.3700008392334,532.989990234375,39.0,1.1316666666666666e-05
2024-08-12,58712.59,60711.09,57642.21,59346.64,37009.91743,28.56999969482422,20.709999084472656,533.27001953125,25.0,2.5526666666666667e-05
2024-08-13,59346.64,61578.1,58392.88,60587.15,27858.95851,28.420000076293945,18.1200008392334,542.0399780273438,31.0,9.196666666666666e-06
2024-08-14,60587.16,61800.0,58433.18,58683.39,28422.76326,28.450000762939453,16.190000534057617,543.75,30.0,-2.6629999999999997e-05
2024-08-15,58683.39,59849.38,56078.54,57541.06,37686.17622,28.549999237060547,15.229999542236328,553.0700073242188,29.0,-2.776666666666667e-05
2024-08-16,57541.05,59817.76,57098.62,58874.6,27610.84344,28.40999984741211,14.800000190734863,554.3099975585938,27.0,-6.392999999999999e-05
2024-08-17,58874.59,59700.0,58785.05,59491.99,7721.72931,28.40999984741211,14.800000190734863,554.3099975585938,25.0,1.9790000000000002e-05
2024-08-18,59491.99,60284.99,58408.92,58427.35,13634.85717,28.40999984741211,14.800000190734863,554.3099975585938,31.0,-1.6866666666666652e-06
2024-08-19,58427.35,59617.63,57787.3,59438.5,22809.31251,28.260000228881836,14.649999618530273,559.6099853515625,28.0,-4.1076666666666666e-05
2024-08-20,59438.5,61400.0,58548.23,59013.8,31477.44548,28.15999984741211,15.880000114440918,558.7000122070312,30.0,3.7333333333333313e-07
2024-08-21,59013.8,61820.93,58783.47,61156.03,27983.6422,28.06999969482422,16.270000457763672,560.6199951171875,26.0,-2.317e-05
2024-08-22,61156.03,61400.0,59724.87,60375.84,21241.20588,28.200000762939453,17.549999237060547,556.219970703125,39.0,-2.717333333333333e-05
2024-08-23,60375.83,64955.0,60342.14,64037.24,38118.07089,27.959999084472656,15.859999656677246,562.1300048828125,34.0,-1.7516666666666668e-05
2024-08-24,64037.24,64494.5,63531.0,64157.01,15857.15616,27.959999084472656,15.859999656677246,562.1300048828125,56.0,1.633333333333333e-05
2024-08-25,64157.02,65000.0,63773.27,64220.0,12305.47977,27.959999084472656,15.859999656677246,562.1300048828125,54.0,-1.0763333333333332e-05
2024-08-26,64219.99,64481.0,62800.0,62834.0,19470.05276,28.020000457763672,16.149999618530273,560.7899780273438,55.0,3.225333333333333e-05
2024-08-27,62834.0,63212.0,58034.01,59415.0,35135.94178,27.93000030517578,15.430000305175781,561.5599975585938,48.0,4.099666666666667e-05
2024-08-28,59415.0,60234.98,57860.0,59034.9,36868.54275,28.09000015258789,17.110000610351562,558.2999877929688,30.0,-1.0756666666666666e-05
2024-08-29,59034.9,61166.99,58713.09,59359.01,27020.90743,28.190000534057617,15.649999618530273,558.3499755859375,29.0,-6.87e-06
2024-08-30,59359.0,59944.07,57701.1,59123.99,28519.32195,28.270000457763672,15.0,563.6799926757812,34.0,2.4803333333333334e-05
2024-08-31,59123.99,59462.38,58744.0,58973.99,8798.409,28.270000457763672,15.0,563.6799926757812,29.0,1.8763333333333334e-05
2024-09-01,58974.0,59076.59,57201.0,57301.86,20705.15741,28.270000457763672,15.0,563.6799926757812,26.0,9.966666666666682e-07
2024-09-02,57301.77,59425.69,57128.0,59132.13,22895.01461,28.270000457763672,15.0,563.6799926757812,26.0,-1.167e-05
2024-09-03,59132.12,59809.65,57415.0,57487.73,22828.18447,28.31999969482422,20.719999313354492,552.0800170898438,26.0,5.322e-05
2024-09-04,57487.74,58519.0,55606.0,57970.9,35560.82146,28.18000030517578,21.31999969482422,550.9500122070312,27.0,5.9633333333333336e-06
2024-09-05,57970.9,58327.07,55643.65,56180.0,27806.91413,28.139999389648438,19.899999618530273,549.6099853515625,29.0,4.510333333333333e-05
2024-09-06,56180.0,57008.0,52550.0,53962.97,54447.76826,28.18000030517578,22.3799991607666,540.3599853515625,22.0,1.2356666666666665e-05
2024-09-07,53962.97,54850.0,53745.54,54160.86,16694.04774,28.18000030517578,22.3799991607666,540.3599853515625,23.0,-5.142333333333334e-05
2024-09-08,54160.86,55318.0,53629.01,54869.95,16274.14779,28.18000030517578,22.3799991607666,540.3599853515625,29.0,-2.4996666666666667e-05
2024-09-09,54869.95,58088.0,54591.96,57042.0,32384.51737,28.299999237060547,19.450000762939453,546.4099731445312,26.0,-6.189333333333333e-05
2024-09-10,57042.01,58044.36,56386.4,57635.99,23626.78126,28.309999465942383,19.079999923706055,548.7899780273438,33.0,-3.361333333333333e-05
2024-09-11,57635.99,57981.71,55545.19,57338.0,33026.56757,28.34000015258789,17.690000534057617,554.4199829101562,37.0,-5.4706666666666676e-05
2024-09-12,57338.0,58588.0,57324.0,58132.32,31074.40631,28.219999313354492,17.06999969482422,559.0900268554688,31.0,-1.8156666666666665e-05
2024-09-13,58132.31,60625.0,57632.62,60498.0,29825.23333,28.18000030517578,16.559999465942383,562.010009765625,32.0,-1.127e-05
2024-09-14,60497.99,60610.45,59400.0,59993.03,12137.90901,28.18000030517578,16.559999465942383,562.010009765625,50.0,-1.838e-05
2024-09-15,59993.02,60395.8,58691.05,59132.0,13757.92361,28.18000030517578,16.559999465942383,562.010009765625,51.0,-2.9333333333333337e-07
2024-09-16,59132.0,59210.7,57493.3,58213.99,26477.5642,28.09000015258789,17.139999389648438,562.8400268554688,39.0,4.242666666666667e-05
2024-09-17,58213.99,61320.0,57610.01,60313.99,33116.25878,28.18000030517578,17.610000610351562,563.0700073242188,33.0,5.2556666666666664e-05
2024-09-18,60313.99,61786.24,59174.8,61759.99,36087.02469,28.209999084472656,18.229999542236328,561.4000244140625,45.0,2.5566666666666664e-05
2024-09-19,61759.98,63850.0,61555.0,62947.99,34332.52608,28.09000015258789,16.329999923706055,570.97998046875,49.0,3.511e-05
2024-09-20,62948.0,64133.32,62350.0,63201.05,25466.37794,28.139999389648438,16.149999618530273,568.25,54.0,4.3683333333333336e-05
2024-09-21,63201.05,63559.9,62758.0,63348.96,8375.34608,28.139999389648438,16.149999618530273,568.25,54.0,7.624e-05
2024-09-22,63348.97,64000.0,62357.93,63578.76,14242.19892,28.139999389648438,16.149999618530273,568.25,52.0,7.025333333333333e-05
2024-09-23,63578.76,64745.88,62538.75,63339.99,24078.05287,28.18000030517578,15.890000343322754,569.6699829101562,50.0,4.4046666666666666e-05
2024-09-24,63339.99,64688.0,62700.0,64262.7,23185.04759,28.020000457763672,15.390000343322754,571.2999877929688,54.0,1.679e-05
2024-09-25,64262.7,64817.99,62947.08,63152.01,17813.11168,28.209999084472656,15.40999984741211,570.0399780273438,59.0,1.2333333333333333e-05
2024-09-26,63152.01,65839.0,62670.0,65173.99,28373.30593,28.079999923706055,15.369999885559082,572.2999877929688,50.0,5.965333333333333e-05
2024-09-27,65173.99,66498.0,64819.9,65769.95,22048.80487,28.06999969482422,16.959999084472656,571.469970703125,61.0,6.332333333333334e-05
2024-09-28,65769.95,66260.0,65422.23,65858.0,9127.23316,28.06999969482422,16.959999084472656,571.469970703125,64.0,5.056333333333334e-05
2024-09-29,65858.0,66076.12,65432.0,65602.01,8337.74111,28.06999969482422,16.959999084472656,571.469970703125,63.0,3.702e-05
2024-09-30,65602.01,65618.8,62856.3,63327.59,30011.08752,28.18000030517578,16.729999542236328,573.760009765625,61.0,7.005333333333334e-05
2024-10-01,63327.6,64130.63,60164.0,60805.78,43671.48108,28.299999237060547,19.260000228881836,568.6199951171875,50.0,0.0001
2024-10-02,60804.92,62390.31,60000.0,60649.28,31534.70118,28.420000076293945,18.899999618530273,568.8599853515625,42.0,7.744e-05
2024-10-03,60649.27,61477.19,59828.11,60752.71,26221.43472,28.510000228881836,20.489999771118164,567.8200073242188,37.0,4.3723333333333335e-05
2024-10-04,60752.72,62484.85,60459.9,62086.0,21294.65994,28.670000076293945,19.209999084472656,572.97998046875,41.0,3.153e-05
2024-10-05,62086.0,62370.56,61689.26,62058.0,7807.46141,28.670000076293945,19.209999084472656,572.97998046875,49.0,1.1766666666666667e-06
2024-10-06,62058.01,62975.0,61798.97,62819.91,8906.86177,28.670000076293945,19.209999084472656,572.97998046875,50.0,2.68e-05
2024-10-07,62819.91,64478.19,62128.0,62224.0,25966.1852,28.690000534057617,22.639999389648438,567.7999877929688,50.0,1.9326666666666666e-05
2024-10-08,62224.01,63200.0,61860.31,62160.49,19702.22371,28.690000534057617,21.420000076293945,573.1699829101562,49.0,4.505333333333333e-05
2024-10-09,62160.5,62543.75,60301.0,60636.02,20011.15684,28.81999969482422,20.860000610351562,577.1400146484375,49.0,7.692333333333333e-05
2024-10-10,60636.01,61321.68,58946.0,60326.39,23967.92481,28.809999465942383,20.93000030517578,576.1300048828125,39.0,4.540666666666667e-05
2024-10-11,60326.4,63417.56,60087.64,62540.0,23641.35209,28.829999923706055,20.459999084472656,579.5800170898438,32.0,1.5900000000000007e-06
2024-10-12,62539.99,63480.0,62487.23,63206.22,10911.30116,28.829999923706055,20.459999084472656,579.5800170898438,49.0,3.5776666666666666e-05
2024-10-13,63206.23,63285.72,62050.0,62870.02,11909.21995,28.829999923706055,20.459999084472656,579.5800170898438,50.0,2.0896666666666666e-05
2024-10-14,62870.02,66500.0,62457.81,66083.99,37669.95222,28.920000076293945,19.700000762939453,584.3200073242188,48.0,8.476333333333334e-05
2024-10-15,66084.0,67950.0,64800.01,67074.14,43683.95423,28.940000534057617,20.639999389648438,579.780029296875,65.0,0.0001
2024-10-16,67074.14,68424.0,66750.49,67620.01,29938.25544,29.020000457763672,19.579999923706055,582.2999877929688,73.0,8.941666666666668e-05
2024-10-17,67620.0,67939.4,66666.0,67421.78,25328.22861,29.110000610351562,19.110000610351562,582.3499755859375,71.0,0.0001
2024-10-18,67421.78,69000.0,67192.36,68428.0,28725.635,29.030000686645508,18.030000686645508,584.5900268554688,73.0,0.0001
2024-10-19,68427.99,68693.26,68010.0,68378.0,8193.66737,29.030000686645508,18.030000686645508,584.5900268554688,72.0,0.0001
2024-10-20,68377.99,69400.0,68100.0,69031.99,12442.47378,29.030000686645508,18.030000686645508,584.5900268554688,73.0,0.0001
2024-10-21,69032.0,69519.52,66840.67,67377.5,31374.42184,29.15999984741211,18.3700008392334,583.6300048828125,72.0,0.0001
2024-10-22,67377.5,67836.01,66571.42,67426.0,24598.96268,29.190000534057617,18.200000762939453,583.3200073242188,70.0,0.0001
2024-10-23,67426.01,67472.83,65260.0,66668.65,25530.2407,29.290000915527344,19.239999771118164,577.989990234375,71.0,0.0001
2024-10-24,66668.65,68850.0,66510.0,68198.28,22589.83877,29.18000030517578,19.079999923706055,579.239990234375,69.0,0.0001
2024-10-25,68198.27,68771.49,65596.29,66698.33,34479.71125,29.280000686645508,20.329999923706055,579.0399780273438,72.0,0.0001
2024-10-26,66698.32,67454.55,66439.9,67092.76,11842.9077,29.280000686645508,20.329999923706055,579.0399780273438,72.0,7.441333333333333e-05
2024-10-27,67092.76,68332.05,66913.73,68021.7,8653.19592,29.280000686645508,20.329999923706055,579.0399780273438,74.0,9.908e-05
2024-10-28,68021.69,70270.0,67618.0,69962.21,29046.75459,29.280000686645508,19.799999237060547,580.8300170898438,72.0,9.457e-05
2024-10-29,69962.21,73620.12,69760.0,72736.42,50128.60594,29.290000915527344,19.34000015258789,581.77001953125,72.0,0.0001
2024-10-30,72736.41,72961.0,71436.0,72344.74,26885.99056,29.219999313354492,20.350000381469727,580.010009765625,77.0,0.0001
2024-10-31,72344.75,72700.0,69685.76,70292.01,29352.10297,29.200000762939453,23.15999984741211,568.6400146484375,77.0,0.0001
2024-11-01,70292.01,71632.95,68820.14,69496.01,38301.86755,29.31999969482422,21.8799991607666,571.0399780273438,75.0,0.0001
2024-11-02,69496.0,69914.37,69000.14,69374.74,10521.67243,29.31999969482422,21.8799991607666,571.0399780273438,72.0,0.0001
2024-11-03,69374.74,69391.0,67478.73,68775.99,24995.70243,29.31999969482422,21.8799991607666,571.0399780273438,74.0,0.0001
2024-11-04,68775.99,69500.0,66835.0,67850.01,29800.39187,29.209999084472656,21.979999542236328,569.8099975585938,70.0,0.0001
2024-11-05,67850.01,70577.91,67476.63,69372.01,33355.06888,29.09000015258789,20.489999771118164,576.7000122070312,70.0,0.0001
2024-11-06,69372.01,76400.0,69298.0,75571.99,104126.994787,29.559999465942383,16.270000457763672,591.0399780273438,70.0,0.0001
2024-11-07,75571.99,76849.99,74416.0,75857.89,44869.422345,29.31999969482422,15.199999809265137,595.6099853515625,77.0,0.0001
2024-11-08,75857.89,77199.99,75555.0,76509.78,36521.099583,29.520000457763672,14.9399995803833,598.1900024414062,75.0,0.0001
2024-11-09,76509.78,76900.0,75714.66,76677.46,16942.07915,29.520000457763672,14.9399995803833,598.1900024414062,75.0,0.0001
2024-11-10,76677.46,81500.0,76492.0,80370.01,61830.100435,29.520000457763672,14.9399995803833,598.1900024414062,78.0,0.00016571999999999998
2024-11-11,80370.01,89530.54,80216.01,88647.99,82323.665776,29.690000534057617,14.970000267028809,598.760009765625,76.0,0.00018959333333333332
2024-11-12,88648.0,89940.0,85072.0,87952.01,97299.887911,29.81999969482422,14.710000038146973,596.9000244140625,80.0,0.00043874666666666664
2024-11-13,87952.0,93265.64,86127.99,90375.2,86763.854127,29.989999771118164,14.020000457763672,597.1900024414062,84.0,0.00014985666666666666
2024-11-14,90375.21,91790.0,86668.21,87325.59,56729.51086,30.110000610351562,14.3100004196167,593.3499755859375,88.0,0.0001
2024-11-15,87325.59,91850.0,87073.38,91032.07,47927.95068,30.079999923706055,16.139999389648438,585.75,80.0,0.00010325666666666667
2024-11-16,91032.08,91779.66,90056.17,90586.92,22717.87689,30.079999923706055,16.139999389648438,585.75,86.0,0.00011077000000000001
2024-11-17,90587.98,91449.99,88722.0,89855.99,23867.55609,30.079999923706055,16.139999389648438,585.75,90.0,0.00012114000000000001
2024-11-18,89855.98,92594.0,89376.9,90464.08,46545.03448,29.93000030517578,15.579999923706055,588.1500244140625,83.0,0.0002258933333333333
2024-11-19,90464.07,93905.51,90357.0,92310.79,43660.04682,29.920000076293945,16.350000381469727,590.2999877929688,90.0,0.00023260333333333333
2024-11-20,92310.8,94831.97,91500.0,94286.56,42203.198712,30.06999969482422,17.15999984741211,590.5,83.0,0.0001
2024-11-21,94286.56,98988.0,94040.0,98317.12,69228.360477,30.170000076293945,16.8700008392334,593.6699829101562,82.0,0.0001
2024-11-22,98317.12,99588.01,97122.11,98892.0,46189.309243,30.329999923706055,15.239999771118164,595.510009765625,94.0,0.0001
2024-11-23,98892.0,98908.85,97136.0,97672.4,24757.84367,30.329999923706055,15.239999771118164,595.510009765625,93.0,0.0001
2024-11-24,97672.4,98564.0,95734.77,97900.04,31200.97838,30.329999923706055,15.239999771118164,595.510009765625,80.0,0.00016458666666666665
2024-11-25,97900.05,98871.8,92600.19,93010.01,50847.45096,30.1200008392334,14.600000381469727,597.530029296875,82.0,0.00018756
2024-11-26,93010.01,94973.37,90791.1,91965.16,57858.73138,30.15999984741211,14.100000381469727,600.6500244140625,79.0,0.00023145666666666664
2024-11-27,91965.16,97208.21,91792.14,95863.11,41153.42734,29.899999618530273,14.100000381469727,598.8300170898438,75.0,0.00019333333333333333
2024-11-28,95863.11,96564.0,94640.0,95643.98,28814.54357,29.899999618530273,14.100000381469727,598.8300170898438,77.0,0.00012061666666666667
2024-11-29,95643.99,98619.99,95364.99,97460.0,27701.78231,29.850000381469727,13.510000228881836,602.5499877929688,78.0,0.00018095666666666666
2024-11-30,97460.0,97463.95,96092.01,96407.99,14503.83306,29.850000381469727,13.510000228881836,602.5499877929688,84.0,0.00012657333333333334
2024-12-01,96407.99,97836.0,95693.88,97185.18,16938.60452,29.850000381469727,13.510000228881836,602.5499877929688,81.0,0.00015160666666666668
2024-12-02,97185.17,98130.0,94395.0,95840.62,37958.66981,30.030000686645508,13.34000015258789,603.6300048828125,80.0,0.00021223
2024-12-03,95840.61,96305.52,93578.17,95849.69,35827.32283,30.020000457763672,13.300000190734863,603.9099731445312,76.0,0.00016552333333333334
2024-12-04,95849.69,99000.0,94587.83,98587.32,43850.53728,30.010000228881836,13.449999809265137,607.6599731445312,78.0,0.00025373999999999997
2024-12-05,98587.32,104088.0,90500.0,96945.63,109921.729662,29.850000381469727,13.539999961853027,606.6599731445312,84.0,0.0004904333333333333
2024-12-06,96945.63,101898.99,95981.72,99740.84,45049.5331,29.93000030517578,12.770000457763672,607.8099975585938,72.0,0.00011544666666666666
2024-12-07,99740.84,100439.18,98844.0,99831.99,14931.9459,29.93000030517578,12.770000457763672,607.8099975585938,75.0,0.00019478666666666668
2024-12-08,99831.99,101351.0,98657.7,101109.59,14612.99688,29.93000030517578,12.770000457763672,607.8099975585938,79.0,0.00017045666666666668
2024-12-09,101109.6,101215.93,94150.05,97276.47,53949.11595,29.979999542236328,14.1899995803833,604.6799926757812,78.0,0.00020853333333333335
2024-12-10,97276.48,98270.0,94256.54,96593.0,51708.68933,30.049999237060547,14.180000305175781,602.7999877929688,78.0,0.0001
2024-12-11,96593.0,101888.0,95658.24,101125.0,37753.78291,30.149999618530273,13.579999923706055,607.4600219726562,74.0,0.0001
2024-12-12,101125.0,102540.0,99311.64,100004.29,29232.08745,30.25,13.920000076293945,604.3300170898438,83.0,0.0001
2024-12-13,100004.29,101895.26,99205.0,101424.25,21904.03923,30.260000228881836,13.8100004196167,604.2100219726562,76.0,0.0001
2024-12-14,101424.24,102650.0,100609.41,101420.0,14191.70326,30.260000228881836,13.8100004196167,604.2100219726562,83.0,8.916666666666666e-05
2024-12-15,101420.0,105250.0,101237.14,104463.99,22228.921775,30.260000228881836,13.8100004196167,604.2100219726562,80.0,9.398e-05
2024-12-16,104463.99,107793.07,103333.0,106058.66,41302.40274,30.209999084472656,14.6899995803833,606.7899780273438,83.0,9.727e-05
2024-12-17,106058.65,108353.0,105321.49,106133.74,29064.936466,30.239999771118164,15.869999885559082,604.2899780273438,87.0,9.288666666666667e-05
2024-12-18,106133.74,106524.98,100000.0,100204.01,50307.99755,30.59000015258789,27.6200008392334,586.280029296875,81.0,9.719666666666666e-05
2024-12-19,100204.01,102800.11,95700.0,97461.86,55147.398,30.649999618530273,24.09000015258789,586.0999755859375,75.0,0.0001
2024-12-20,97461.86,98233.0,92232.54,97805.44,62884.1357,30.5,18.360000610351562,591.1500244140625,74.0,0.0001
2024-12-21,97805.44,99540.61,96398.39,97291.99,23483.54143,30.5,18.360000610351562,591.1500244140625,73.0,7.068666666666668e-05
2024-12-22,97292.0,97448.08,94250.35,95186.27,19353.83036,30.5,18.360000610351562,591.1500244140625,73.0,9.876333333333334e-05
2024-12-23,95186.28,96538.92,92520.0,94881.47,32810.76703,29.290000915527344,16.780000686645508,594.6900024414062,70.0,9.660333333333333e-05
2024-12-24,94881.47,99487.99,93569.02,98663.58,23674.22488,29.3700008392334,14.270000457763672,601.2999877929688,73.0,0.0001
2024-12-25,98663.58,99569.15,97632.02,99429.6,14474.1651,29.3700008392334,14.270000457763672,601.2999877929688,73.0,0.0001
2024-12-26,99429.61,99963.7,95199.14,95791.6,21192.36727,29.309999465942383,14.729999542236328,601.3400268554688,79.0,8.621666666666667e-05
2024-12-27,95791.6,97544.58,93500.01,94299.03,26501.26429,29.260000228881836,15.949999809265137,595.010009765625,74.0,0.0001
2024-12-28,94299.03,95733.99,94135.66,95300.0,8385.8929,29.260000228881836,15.949999809265137,595.010009765625,72.0,7.604e-05
2024-12-29,95300.0,95340.0,93009.52,93738.2,13576.00578,29.260000228881836,15.949999809265137,595.010009765625,73.0,9.337666666666668e-05
2024-12-30,93738.19,95024.5,91530.45,92792.05,27619.4225,29.290000915527344,17.399999618530273,588.219970703125,65.0,6.249666666666667e-05
2024-12-31,92792.05,96250.0,92033.73,93576.0,19612.03389,29.420000076293945,17.350000381469727,586.0800170898438,64.0,0.0001
2025-01-01,93576.0,95151.15,92888.0,94591.79,10373.32613,29.420000076293945,17.350000381469727,586.0800170898438,66.0,0.0001
2025-01-02,94591.78,97839.5,94392.0,96984.79,21970.48948,29.670000076293945,17.93000030517578,584.6400146484375,70.0,0.0001
2025-01-03,96984.79,98976.91,96100.01,98174.18,15253.82936,29.579999923706055,16.1299991607666,591.9500122070312,74.0,8.414e-05
2025-01-04,98174.17,98778.43,97514.79,98220.5,8990.05651,29.579999923706055,16.1299991607666,591.9500122070312,73.0,6.165666666666668e-05
2025-01-05,98220.51,98836.85,97276.79,98363.61,8095.63723,29.579999923706055,16.1299991607666,591.9500122070312,72.0,9.44e-05
2025-01-06,98363.61,102480.0,97920.0,102235.6,25263.43375,29.389999389648438,16.040000915527344,595.3599853515625,76.0,0.0001
2025-01-07,102235.6,102724.38,96181.81,96954.61,32059.87537,29.5,17.81999969482422,588.6300048828125,78.0,9.060666666666666e-05
2025-01-08,96954.6,97268.65,92500.9,95060.61,33704.67894,29.610000610351562,17.700000762939453,589.489990234375,70.0,0.0001
2025-01-09,95060.61,95382.32,91203.67,92552.49,34544.83685,29.610000610351562,17.700000762939453,589.489990234375,69.0,6.43e-05
2025-01-10,92552.49,95836.0,92206.02,94726.11,31482.86424,29.760000228881836,19.540000915527344,580.489990234375,50.0,3.661333333333333e-05
2025-01-11,94726.1,95050.94,93831.73,94599.99,7047.9043,29.760000228881836,19.540000915527344,580.489990234375,69.0,4.1143333333333336e-05
2025-01-12,94599.99,95450.1,93711.19,94545.06,8606.86622,29.760000228881836,19.540000915527344,580.489990234375,62.0,4.955333333333333e-05
2025-01-13,94545.07,95940.0,89256.69,94536.1,42619.56423,29.850000381469727,19.190000534057617,581.3900146484375,61.0,4.3786666666666665e-05
2025-01-14,94536.11,97371.0,94346.22,96560.86,27846.61753,29.65999984741211,18.709999084472656,582.1900024414062,63.0,9.832000000000001e-05
2025-01-15,96560.85,100681.94,96500.0,100497.35,30509.99179,29.610000610351562,16.1200008392334,592.780029296875,70.0,6.542666666666667e-05
2025-01-16,100497.35,100866.66,97335.13,99987.3,27832.85317,29.610000610351562,16.600000381469727,591.6400146484375,75.0,4.298e-05
2025-01-17,99987.3,105865.22,99950.77,104077.48,39171.85292,29.719999313354492,15.970000267028809,597.5800170898438,75.0,5.8049999999999995e-05
2025-01-18,104077.47,104988.88,102277.55,104556.23,24307.82998,29.719999313354492,15.970000267028809,597.5800170898438,77.0,8.902333333333334e-05
2025-01-19,104556.23,106422.43,99651.6,101331.57,43397.28298,29.719999313354492,15.970000267028809,597.5800170898438,77.0,0.0001
2025-01-20,101331.57,109588.0,99550.0,102260.01,89529.231732,29.719999313354492,15.970000267028809,597.5800170898438,76.0,0.0001
2025-01-21,102260.0,107240.81,100119.04,106143.82,45941.02002,29.34000015258789,15.0600004196167,603.0499877929688,76.0,0.0001
2025-01-22,106143.82,106394.46,103339.12,103706.66,22248.69254,29.389999389648438,15.100000381469727,606.4400024414062,84.0,0.0001
2025-01-23,103706.66,106850.0,101262.28,103910.34,53953.12031,29.3799991607666,15.020000457763672,609.75,75.0,9.09e-05
2025-01-24,103910.35,107120.0,102750.0,104870.5,23609.24017,29.200000762939453,14.850000381469727,607.969970703125,75.0,5.8036666666666666e-05
2025-01-25,104870.51,105286.52,104106.09,104746.85,9068.32377,29.200000762939453,14.850000381469727,607.969970703125,75.0,7.326333333333333e-05
2025-01-26,104746.86,105500.0,102520.44,102620.0,9812.51238,29.200000762939453,14.850000381469727,607.969970703125,73.0,8.935333333333333e-05
2025-01-27,102620.01,103260.0,97777.77,102082.83,50758.1341,29.209999084472656,17.899999618530273,599.3699951171875,71.0,4.298e-05
2025-01-28,102082.83,103800.0,100272.68,101335.52,22022.05765,29.329999923706055,16.40999984741211,604.52001953125,72.0,7.854e-05
2025-01-29,101335.52,104782.68,101328.01,103733.24,23155.35802,29.389999389648438,16.559999465942383,601.8099975585938,72.0,9.983000000000001e-05
2025-01-30,103733.25,106457.44,103278.54,104722.94,19374.07472,29.389999389648438,15.84000015258789,605.0399780273438,70.0,9.029666666666666e-05
2025-01-31,104722.94,106012.0,101560.0,102429.56,21983.18193,29.510000228881836,16.43000030517578,601.8200073242188,76.0,7.075e-05
2025-02-01,102429.56,102783.71,100279.51,100635.65,12290.95747,29.510000228881836,16.43000030517578,601.8200073242188,68.0,6.478333333333334e-05
2025-02-02,100635.66,101456.6,96150.0,97700.59,34619.49939,29.510000228881836,16.43000030517578,601.8200073242188,60.0,2.7810000000000003e-05
2025-02-03,97700.59,102500.01,91231.0,101328.52,75164.7385,29.639999389648438,18.6200008392334,597.77001953125,44.0,8.281666666666667e-05
2025-02-04,101328.51,101732.31,96150.0,97763.13,40267.98697,29.3700008392334,17.209999084472656,601.780029296875,72.0,4.516666666666666e-05
2025-02-05,97763.14,99149.0,96155.0,96612.43,26233.30444,29.31999969482422,15.770000457763672,604.219970703125,54.0,1.9743333333333335e-05
2025-02-06,96612.44,99120.0,95676.64,96554.35,23515.20405,29.299999237060547,15.5,606.3200073242188,49.0,2.6170000000000002e-05
2025-02-07,96554.35,100137.99,95620.34,96506.8,31794.22065,29.43000030517578,16.540000915527344,600.77001953125,44.0,6.713e-05
2025-02-08,96506.8,96880.0,95688.0,96444.74,10147.24294,29.43000030517578,16.540000915527344,600.77001953125,44.0,-8.796666666666667e-06
2025-02-09,96444.75,97323.09,94713.0,96462.75,14120.91613,29.43000030517578,16.540000915527344,600.77001953125,46.0,5.437333333333333e-05
2025-02-10,96462.75,98345.0,95256.0,97430.82,20572.87537,29.520000457763672,15.8100004196167,604.8499755859375,43.0,6.145e-05
2025-02-11,97430.82,98478.42,94876.88,95778.2,18647.76379,29.420000076293945,16.020000457763672,605.3099975585938,47.0,2.9540000000000002e-05
2025-02-12,95778.21,98119.99,94088.23,97869.99,29151.16625,29.440000534057617,15.890000343322754,603.3599853515625,46.0,3.7189999999999995e-05
2025-02-13,97870.0,98083.91,95217.36,96608.14,19921.77616,29.200000762939453,15.100000381469727,609.72998046875,50.0,4.974e-05
2025-02-14,96608.13,98826.0,96252.82,97500.48,18173.02646,29.1200008392334,14.770000457763672,609.7000122070312,48.0,5.567666666666667e-05
2025-02-15,97500.47,97972.26,97223.58,97569.66,7349.37683,29.1200008392334,14.770000457763672,609.7000122070312,50.0,2.3623333333333335e-05
2025-02-16,97569.67,97704.47,96046.18,96118.12,8191.4249,29.1200008392334,14.770000457763672,609.7000122070312,54.0,2.457e-05
2025-02-17,96118.12,97046.59,95205.0,95780.0,16492.0451,29.1200008392334,14.770000457763672,609.7000122070312,51.0,4.881666666666667e-05
2025-02-18,95780.01,96753.91,93388.09,95671.74,23368.19471,29.18000030517578,15.350000381469727,611.489990234375,47.0,9.829333333333334e-05
2025-02-19,95671.74,96899.99,95029.99,96644.37,16438.50954,29.209999084472656,15.270000457763672,612.9299926757812,44.0,7.915333333333333e-05
2025-02-20,96644.37,98711.36,96415.09,98305.0,17057.39177,28.979999542236328,15.65999984741211,610.3800048828125,49.0,4.345e-05
2025-02-21,98305.01,99475.0,94871.95,96181.98,32249.2814,29.079999923706055,18.209999084472656,599.9400024414062,55.0,7.706666666666667e-06
2025-02-22,96181.99,96980.0,95770.49,96551.01,11268.17708,29.079999923706055,18.209999084472656,599.9400024414062,49.0,6.261333333333333e-05
2025-02-23,96551.01,96650.0,95227.94,96258.0,10884.84913,29.079999923706055,18.209999084472656,599.9400024414062,50.0,2.91e-05
2025-02-24,96258.0,96500.0,91349.26,91552.88,31550.10299,29.100000381469727,18.979999542236328,597.2100219726562,49.0,1.9869999999999998e-05
2025-02-25,91552.88,92540.69,86050.99,88680.4,78333.11111,28.989999771118164,19.43000030517578,594.239990234375,25.0,5.543333333333334e-05
2025-02-26,88680.39,89414.15,82256.01,84250.09,56893.54409,29.049999237060547,19.100000381469727,594.5399780273438,21.0,6.508666666666666e-05
2025-02-27,84250.09,87078.46,82716.49,84708.58,42505.45439,29.260000228881836,21.1299991607666,585.0499877929688,10.0,6.040333333333334e-05
2025-02-28,84708.57,85120.0,78258.52,84349.94,83648.03969,29.389999389648438,19.6299991607666,594.1799926757812,16.0,6.197333333333333e-05
2025-03-01,84349.95,86558.0,83824.78,86064.53,25785.05464,29.389999389648438,19.6299991607666,594.1799926757812,20.0,-2.326666666666667e-05
2025-03-02,86064.54,95000.0,85050.6,94270.0,54889.09045,29.389999389648438,19.6299991607666,594.1799926757812,26.0,-2.248666666666667e-05
2025-03-03,94269.99,94416.46,85117.11,86220.61,59171.10218,29.110000610351562,22.780000686645508,583.77001953125,33.0,1.8166666666666656e-06
2025-03-04,86221.16,88967.52,81500.0,87281.98,55609.10706,28.850000381469727,23.510000228881836,576.8599853515625,15.0,-1.6333333333333329e-06
2025-03-05,87281.98,91000.0,86334.53,90606.01,38264.01163,28.5,21.93000030517578,583.0599975585938,20.0,3.954333333333333e-05
2025-03-06,90606.0,92810.64,87836.0,89931.89,34342.44902,28.479999542236328,24.8700008392334,572.7100219726562,25.0,5.589666666666667e-05
2025-03-07,89931.88,91283.02,84667.03,86801.75,57980.35713,28.389999389648438,23.3700008392334,575.9199829101562,34.0,-4.1000000000000004e-07
2025-03-08,86801.74,86897.25,85218.47,86222.45,12989.23054,28.389999389648438,23.3700008392334,575.9199829101562,28.0,2.303e-05
2025-03-09,86222.46,86500.0,80000.0,80734.37,26115.39345,28.389999389648438,23.3700008392334,575.9199829101562,27.0,3.479666666666667e-05
2025-03-10,80734.48,84123.46,77459.91,78595.86,47633.38405,28.40999984741211,27.860000610351562,560.5800170898438,20.0,3.111e-05
2025-03-11,78595.86,83617.4,76606.0,82932.99,48770.06853,28.25,26.920000076293945,555.9199829101562,24.0,5.570333333333333e-05
2025-03-12,82932.99,84539.85,80607.65,83680.12,31933.986,28.31999969482422,24.229999542236328,558.8699951171875,34.0,3.467999999999999e-05
2025-03-13,83680.12,84336.33,79939.9,81115.78,27546.27412,28.420000076293945,24.65999984741211,551.4199829101562,45.0,1.8963333333333335e-05
2025-03-14,81115.78,85309.71,80818.84,83983.2,26858.52755,28.389999389648438,21.770000457763672,562.8099975585938,27.0,3.691333333333333e-05
2025-03-15,83983.19,84676.28,83618.0,84338.44,11324.7332,28.389999389648438,21.770000457763672,562.8099975585938,46.0,-2.915e-05
2025-03-16,84338.44,85117.04,81981.12,82574.53,17596.12531,28.389999389648438,21.770000457763672,562.8099975585938,30.0,1.9716666666666667e-05
2025-03-17,82574.52,84756.83,82456.0,84010.03,17214.74358,28.280000686645508,20.510000228881836,567.1500244140625,32.0,3.4660000000000004e-05
2025-03-18,84010.02,84021.74,81134.66,82715.03,17610.89883,28.260000228881836,21.700000762939453,561.02001953125,34.0,2.092e-05
2025-03-19,82715.03,87000.0,82547.16,86845.94,28151.05374,28.329999923706055,19.899999618530273,567.1300048828125,32.0,3.7283333333333336e-05
2025-03-20,86845.93,87453.67,83655.23,84223.39,22090.30463,28.40999984741211,19.799999237060547,565.489990234375,49.0,2.2733333333333335e-05
2025-03-21,84223.38,84850.33,83175.25,84088.79,11956.97443,28.5,19.280000686645508,563.97998046875,31.0,3.152333333333333e-05
2025-03-22,84088.79,84539.17,83625.1,83840.59,5420.22114,28.5,19.280000686645508,563.97998046875,32.0,2.0526666666666668e-05
2025-03-23,83840.59,86129.64,83809.75,86082.5,8461.97813,28.5,19.280000686645508,563.97998046875,30.0,1.9783333333333334e-05
2025-03-24,86082.5,88765.43,85519.09,87498.16,30115.62111,28.549999237060547,17.479999542236328,574.0800170898438,45.0,1.3763333333333333e-05
2025-03-25,87498.16,88539.63,86310.0,87392.87,22643.25248,28.520000457763672,17.149999618530273,575.4600219726562,46.0,-9.576666666666666e-06
2025-03-26,87392.88,88275.0,85860.0,86909.17,18408.78485,28.649999618530273,18.329999923706055,568.5900268554688,47.0,-1.471e-05
2025-03-27,86909.17,87756.39,85800.0,87232.01,17098.03897,28.559999465942383,18.690000534057617,567.0800170898438,40.0,1.6293333333333332e-05
2025-03-28,87232.01,87515.67,83585.0,84424.38,27182.73169,28.510000228881836,21.649999618530273,555.6599731445312,44.0,3.081666666666667e-05
2025-03-29,84424.38,84624.73,81644.81,82648.54,11696.39864,28.510000228881836,21.649999618530273,555.6599731445312,26.0,5.369333333333333e-05
2025-03-30,82648.53,83534.64,81565.0,82389.99,9864.49508,28.510000228881836,21.649999618530273,555.6599731445312,32.0,1.7853333333333334e-05
2025-03-31,82390.0,83943.08,81278.52,82550.01,20569.13885,28.540000915527344,22.280000686645508,559.3900146484375,34.0,3.502666666666667e-05
2025-04-01,82550.0,85579.46,82432.74,85158.34,20190.39697,28.56999969482422,21.770000457763672,560.969970703125,34.0,3.474333333333333e-05
2025-04-02,85158.35,88500.0,82320.0,82516.29,39931.457,28.450000762939453,21.510000228881836,564.52001953125,44.0,5.523333333333333e-06
2025-04-03,82516.28,83998.02,81211.24,83213.09,27337.84135,27.950000762939453,30.020000457763672,536.7000122070312,25.0,5.7946666666666665e-05
2025-04-04,83213.09,84720.0,81659.0,83889.87,32915.53976,28.260000228881836,45.310001373291016,505.2799987792969,28.0,5.685666666666666e-05
2025-04-05,83889.87,84266.0,82379.95,83537.99,9360.40468,28.260000228881836,45.310001373291016,505.2799987792969,30.0,5.467999999999999e-05
2025-04-06,83537.99,83817.63,77153.83,78430.0,27942.71436,28.260000228881836,45.310001373291016,505.2799987792969,34.0,1.6603333333333334e-05
2025-04-07,78430.0,81243.58,74508.0,79163.24,78387.53089,28.3799991607666,46.97999954223633,504.3800048828125,23.0,5.600333333333334e-05
2025-04-08,79163.24,80867.99,76239.9,76322.42,35317.32063,28.25,52.33000183105469,496.4800109863281,24.0,3.594333333333333e-05
2025-04-09,76322.42,83588.0,74620.0,82615.22,75488.28772,28.290000915527344,33.619998931884766,548.6199951171875,18.0,4.7239999999999995e-05
2025-04-10,82615.22,82753.21,78464.36,79607.3,33284.80718,27.700000762939453,40.720001220703125,524.5800170898438,39.0,4.864666666666667e-05
2025-04-11,79607.3,84300.0,78969.58,83423.84,34435.43797,27.450000762939453,37.560001373291016,533.9400024414062,25.0,3.5366666666666674e-06
2025-04-12,83423.83,85905.0,82792.95,85276.9,18470.74437,27.450000762939453,37.560001373291016,533.9400024414062,43.0,4.894e-05
2025-04-13,85276.91,86100.0,83034.23,83760.0,24680.04181,27.450000762939453,37.560001373291016,533.9400024414062,45.0,7.709333333333334e-05
2025-04-14,83760.0,85799.99,83678.0,84591.58,28659.09348,27.360000610351562,30.889999389648438,539.1199951171875,31.0,5.8893333333333334e-05
2025-04-15,84591.58,86496.42,83600.0,83643.99,20910.99528,27.510000228881836,30.1200008392334,537.6099853515625,38.0,2.138666666666667e-05
2025-04-16,83643.99,85500.0,83111.64,84030.38,20867.24519,27.280000686645508,32.63999938964844,525.6599731445312,29.0,3.7743333333333335e-05
2025-04-17,84030.38,85470.01,83736.26,84947.91,13728.84772,27.299999237060547,29.649999618530273,526.4099731445312,30.0,3.502666666666666e-05
2025-04-18,84947.92,85132.08,84303.96,84474.69,6529.96315,27.299999237060547,29.649999618530273,526.4099731445312,33.0,3.951333333333333e-05
2025-04-19,84474.7,85677.99,84364.45,85077.01,9666.58153,27.299999237060547,29.649999618530273,526.4099731445312,32.0,2.3336666666666666e-05
2025-04-20,85077.0,85320.76,83949.52,85179.24,8091.67725,27.299999237060547,29.649999618530273,526.4099731445312,37.0,-1.2113333333333333e-05
2025-04-21,85179.24,88465.99,85144.76,87516.23,31773.37262,27.040000915527344,33.81999969482422,513.8800048828125,39.0,4.062666666666667e-05
2025-04-22,87516.22,93888.0,87076.03,93442.99,43872.74705,27.190000534057617,30.56999969482422,527.25,47.0,-1.3333333333333207e-07
2025-04-23,93442.99,94696.05,91935.41,93691.08,27404.16808,27.440000534057617,28.450000762939453,535.4199829101562,72.0,1.5240000000000001e-05
2025-04-24,93691.07,94005.0,91660.01,93980.47,19497.06071,27.31999969482422,26.469999313354492,546.6900024414062,63.0,1.246666666666666e-06
2025-04-25,93980.47,95758.04,92855.96,94638.68,27500.66648,27.389999389648438,24.84000015258789,550.6400146484375,60.0,-4.9133333333333334e-06
2025-04-26,94638.68,95199.0,93870.69,94628.0,9415.06875,27.389999389648438,24.84000015258789,550.6400146484375,65.0,-3.3346666666666664e-05
2025-04-27,94628.0,95369.0,93602.58,93749.3,11162.841,27.389999389648438,24.84000015258789,550.6400146484375,61.0,-8.603333333333335e-06
2025-04-28,93749.29,95630.0,92800.01,95011.18,22157.53351,27.219999313354492,25.149999618530273,550.8499755859375,54.0,-1.734e-05
2025-04-29,95011.18,95461.53,93742.54,94256.82,16955.3402,27.309999465942383,24.170000076293945,554.3200073242188,60.0,3.15e-06
2025-04-30,94256.82,95228.45,92910.0,94172.0,17661.2751,27.40999984741211,24.700000762939453,554.5399780273438,56.0,-2.013e-05
2025-05-01,94172.0,97424.02,94130.43,96489.91,21380.45343,27.56999969482422,24.600000381469727,558.469970703125,53.0,4.153333333333333e-06
2025-05-02,96489.9,97895.68,96350.0,96887.14,14905.74811,27.530000686645508,22.68000030517578,566.760009765625,67.0,-0.00010101000000000001
2025-05-03,96887.13,96935.67,95753.01,95856.42,9723.34838,27.530000686645508,22.68000030517578,566.760009765625,65.0,-1.4126666666666666e-05
2025-05-04,95856.42,96304.48,94151.38,94277.62,11036.38342,27.530000686645508,22.68000030517578,566.760009765625,64.0,2.448e-05
2025-05-05,94277.61,95199.0,93514.1,94733.68,17251.18189,27.479999542236328,23.639999389648438,563.510009765625,52.0,-3.383333333333334e-06
2025-05-06,94733.68,96920.65,93377.0,96834.02,16122.64513,27.309999465942383,24.760000228881836,558.7999877929688,59.0,2.391666666666667e-05
2025-05-07,96834.02,97732.0,95784.61,97030.5,16644.83854,27.510000228881836,23.549999237060547,561.1500244140625,67.0,8.376666666666667e-06
2025-05-08,97030.5,104145.76,96876.29,103261.6,34962.02847,27.739999771118164,22.479999542236328,565.0599975585938,65.0,4.2180000000000006e-05
2025-05-09,103261.61,104361.3,102315.14,102971.99,27617.39907,27.65999984741211,21.899999618530273,564.3400268554688,73.0,8.126e-05
2025-05-10,102971.99,104984.57,102818.76,104809.53,15324.78611,27.65999984741211,21.899999618530273,564.3400268554688,70.0,7.971333333333333e-05
2025-05-11,104809.53,104972.0,103345.06,104118.0,17987.12197,27.65999984741211,21.899999618530273,564.3400268554688,70.0,8.05e-05
2025-05-12,104118.0,105819.45,100718.37,102791.32,31272.77792,28.049999237060547,18.389999389648438,582.989990234375,70.0,5.585e-05
2025-05-13,102791.32,104976.25,101429.7,104103.72,21253.42409,27.809999465942383,18.219999313354492,586.8400268554688,70.0,8.034333333333333e-05
2025-05-14,104103.72,104356.95,102602.05,103507.82,16452.9081,27.8700008392334,18.6200008392334,587.5900268554688,73.0,6.879333333333332e-05
2025-05-15,103507.83,104192.7,101383.07,103763.71,17998.98604,27.799999237060547,17.829999923706055,590.4600219726562,70.0,3.251e-05
2025-05-16,103763.71,104550.33,103100.49,103463.9,15683.88024,27.8799991607666,17.239999771118164,594.2000122070312,71.0,5.6023333333333336e-05
2025-05-17,103463.9,103709.86,102612.5,103126.65,11250.89622,27.8799991607666,17.239999771118164,594.2000122070312,74.0,2.2526666666666666e-05
2025-05-18,103126.65,106660.0,103105.09,106454.26,21599.98726,27.8799991607666,17.239999771118164,594.2000122070312,74.0,7.548333333333333e-05
2025-05-19,106454.27,107108.62,102000.0,105573.74,30260.03524,27.690000534057617,18.139999389648438,594.8499755859375,74.0,4.713333333333333e-05
2025-05-20,105573.73,107320.0,104184.72,106849.99,23705.48275,27.610000610351562,18.09000015258789,592.8499755859375,71.0,5.583666666666667e-05
2025-05-21,106850.0,110797.38,106100.01,109643.99,45531.040345,27.489999771118164,20.8700008392334,582.8599853515625,70.0,7.011e-05
2025-05-22,109643.99,111980.0,109177.37,111696.21,31630.77313,27.56999969482422,20.280000686645508,583.0900268554688,72.0,0.0001
2025-05-23,111696.22,111800.0,106800.0,107318.3,31737.72309,27.3700008392334,22.290000915527344,579.1099853515625,78.0,8.398666666666666e-05
2025-05-24,107318.3,109506.03,106875.41,107761.91,16782.53129,27.3700008392334,22.290000915527344,579.1099853515625,66.0,5.317e-05
2025-05-25,107761.9,109299.99,106600.64,109004.19,17710.04695,27.3700008392334,22.290000915527344,579.1099853515625,74.0,6.186e-05
2025-05-26,109004.2,110422.22,108670.58,109434.79,14649.11593,27.3700008392334,22.290000915527344,579.1099853515625,73.0,9.037666666666667e-05
2025-05-27,109434.78,110718.0,107516.57,108938.17,21276.65635,27.520000457763672,18.959999084472656,591.1500244140625,74.0,5.797333333333333e-05
2025-05-28,108938.17,109284.7,106769.43,107781.78,15633.78829,27.610000610351562,19.309999465942383,587.72998046875,71.0,3.597333333333333e-05
2025-05-29,107781.78,108891.91,105322.86,105589.75,19834.70116,27.459999084472656,19.18000030517578,590.0499877929688,74.0,4.792333333333333e-05
2025-05-30,105589.75,106313.12,103621.0,103985.48,23706.49799,27.450000762939453,18.56999969482422,589.3900146484375,60.0,4.621e-05
2025-05-31,103985.47,104900.0,103068.55,104591.88,11289.35922,27.450000762939453,18.56999969482422,589.3900146484375,50.0,6.915e-05
2025-06-01,104591.88,105866.91,103752.49,105642.93,9709.70006,27.450000762939453,18.56999969482422,589.3900146484375,56.0,1.9566666666666667e-05
2025-06-02,105642.93,105935.63,103659.88,105857.99,13453.98813,27.260000228881836,18.360000610351562,592.7100219726562,64.0,3.139333333333333e-05
2025-06-03,105858.0,106794.67,104872.5,105376.89,13259.52634,27.440000534057617,17.690000534057617,596.0900268554688,64.0,5.1756666666666665e-05
2025-06-04,105376.9,106000.0,104179.0,104696.86,14034.89482,27.31999969482422,17.610000610351562,595.9299926757812,62.0,1.1873333333333334e-05
2025-06-05,104696.86,105909.71,100372.26,101508.68,22321.50154,27.299999237060547,18.479999542236328,593.0499877929688,57.0,2.7003333333333333e-05
2025-06-06,101508.69,105333.0,101095.8,104288.44,15839.07385,27.440000534057617,16.770000457763672,599.1400146484375,45.0,-3.172e-05
2025-06-07,104288.43,105900.0,103871.09,105552.15,8344.93206,27.440000534057617,16.770000457763672,599.1400146484375,52.0,-1.918e-05
2025-06-08,105552.15,106488.14,104964.14,105734.0,8048.06305,27.440000534057617,16.770000457763672,599.1400146484375,62.0,2.2730000000000004e-05
2025-06-09,105734.01,110530.17,105318.37,110263.02,19975.37451,27.3700008392334,17.15999984741211,599.6799926757812,62.0,1.639e-05
2025-06-10,110263.02,110400.0,108331.03,110274.39,17071.82839,27.399999618530273,16.950000762939453,603.0800170898438,71.0,8.179666666666667e-05
2025-06-11,110274.39,110392.01,108064.0,108645.12,13115.91638,27.299999237060547,17.260000228881836,601.3599853515625,72.0,7.402666666666667e-05
2025-06-12,108645.13,108813.55,105671.72,105671.73,17778.67218,27.100000381469727,18.020000457763672,603.75,71.0,3.4336666666666666e-05
2025-06-13,105671.74,106179.53,102664.31,106066.59,26180.81734,27.170000076293945,20.81999969482422,597.0,61.0,5.953333333333333e-06
2025-06-14,106066.59,106252.0,104300.0,105414.64,8798.93969,27.170000076293945,20.81999969482422,597.0,63.0,2.317e-05
2025-06-15,105414.63,106128.57,104494.53,105594.01,7164.20047,27.170000076293945,20.81999969482422,597.0,60.0,1.722333333333333e-05
2025-06-16,105594.02,108952.38,104980.37,106794.53,14922.6654,27.200000762939453,19.110000610351562,602.6799926757812,61.0,2.9330000000000002e-05
2025-06-17,106794.53,107771.34,103371.02,104551.17,17866.33025,27.3799991607666,21.600000381469727,597.530029296875,68.0,3.278e-05
2025-06-18,104551.17,105550.27,103500.0,104886.78,13968.64167,27.43000030517578,20.139999389648438,597.4400024414062,52.0,2.8783333333333333e-05
2025-06-19,104886.79,105226.17,103929.27,104658.59,7678.60737,27.43000030517578,20.139999389648438,597.4400024414062,57.0,1.2856666666666668e-05
2025-06-20,104658.59,106524.65,102345.0,103297.99,16419.06283,27.399999618530273,20.6200008392334,594.280029296875,54.0,4.609000000000001e-05
2025-06-21,103297.98,103982.64,100837.9,102120.01,11154.21332,27.399999618530273,20.6200008392334,594.280029296875,49.0,4.45e-05
2025-06-22,102120.02,103399.62,98200.0,100963.87,28746.41072,27.399999618530273,20.6200008392334,594.280029296875,42.0,5.676e-05
2025-06-23,100963.87,106074.2,99613.33,105333.93,27666.50609,27.290000915527344,19.829999923706055,600.1500244140625,47.0,3.3966666666666675e-06
2025-06-24,105333.94,106290.0,104622.02,106083.0,14651.69335,27.149999618530273,17.479999542236328,606.780029296875,65.0,9.7e-06
2025-06-25,106083.0,108135.3,105808.03,107340.58,16701.15551,27.079999923706055,16.760000228881836,607.1199951171875,66.0,1.7833333333333338e-06
2025-06-26,107340.59,108272.45,106562.5,106947.06,10573.27279,26.969999313354492,16.59000015258789,611.8699951171875,74.0,1.542666666666667e-05
2025-06-27,106947.06,107735.34,106356.76,107047.59,12232.44042,27.020000457763672,16.31999969482422,614.9099731445312,65.0,2.1110000000000003e-05
2025-06-28,107047.58,107577.75,106811.51,107296.79,3282.17352,27.020000457763672,16.31999969482422,614.9099731445312,65.0,3.108666666666667e-05
2025-06-29,107296.79,108528.5,107172.52,108356.93,6831.7364,27.020000457763672,16.31999969482422,614.9099731445312,68.0,5.5366666666666666e-05
2025-06-30,108356.93,108789.99,106733.33,107146.5,9754.12491,26.8799991607666,16.729999542236328,617.8499755859375,66.0,2.988666666666667e-05
2025-07-01,107146.51,107540.0,105250.85,105681.14,10505.62437,26.8700008392334,16.829999923706055,617.6500244140625,64.0,2.1653333333333335e-05
2025-07-02,105681.13,109730.0,105100.19,108849.6,17691.89592,26.850000381469727,16.639999389648438,620.4500122070312,63.0,3.113333333333333e-05
2025-07-03,108849.59,110529.18,108530.4,109584.78,13047.08225,26.979999542236328,16.3799991607666,625.3400268554688,73.0,4.487e-05
2025-07-04,109584.77,109767.59,107245.0,107984.24,11793.86615,26.979999542236328,16.3799991607666,625.3400268554688,73.0,4.0119999999999995e-05
2025-07-05,107984.25,108420.56,107756.31,108198.12,3736.9757,26.979999542236328,16.3799991607666,625.3400268554688,67.0,2.7086666666666663e-05
2025-07-06,108198.12,109700.0,107800.01,109203.84,6447.607,26.979999542236328,16.3799991607666,625.3400268554688,66.0,1.5446666666666666e-05
2025-07-07,109203.85,109700.0,107513.2,108262.94,9405.37601,27.06999969482422,17.790000915527344,620.6799926757812,73.0,3.356333333333334e-05
2025-07-08,108262.94,109216.56,107429.57,108922.98,9216.0208,27.09000015258789,16.809999465942383,620.3400268554688,65.0,3.079e-05
2025-07-09,108922.99,111999.79,108324.53,111233.99,17282.2865,27.09000015258789,15.9399995803833,624.0599975585938,66.0,3.5806666666666664e-05
2025-07-10,111234.0,116868.0,110500.0,116010.0,24883.450665,27.139999389648438,15.779999732971191,625.8200073242188,71.0,6.810333333333333e-05
2025-07-11,116010.01,118869.98,115222.22,117527.66,25873.521148,27.219999313354492,16.399999618530273,623.6199951171875,71.0,0.0001
2025-07-12,117527.66,118200.0,116900.05,117420.0,8446.60437,27.219999313354492,16.399999618530273,623.6199951171875,79.0,0.0001
2025-07-13,117420.0,119488.0,117224.79,119086.64,9550.792947,27.219999313354492,16.399999618530273,623.6199951171875,74.0,0.0001
2025-07-14,119086.65,123218.0,118905.18,119841.18,27269.348877,27.290000915527344,17.200000762939453,624.8099975585938,74.0,9.350333333333332e-05
2025-07-15,119841.17,119940.83,115736.92,117758.09,32018.46083,27.440000534057617,17.3799991607666,622.1400146484375,73.0,0.0001
2025-07-16,117758.08,120063.84,117017.29,118630.43,17039.90851,27.34000015258789,17.15999984741211,624.219970703125,70.0,0.0001
2025-07-17,118630.44,120998.71,117453.57,119177.56,15728.57651,27.459999084472656,16.520000457763672,628.0399780273438,74.0,0.0001
2025-07-18,119177.56,120820.71,116812.76,117924.84,19924.66266,27.420000076293945,16.40999984741211,627.5800170898438,73.0,0.0001
2025-07-19,117924.84,118499.9,117277.34,117840.0,6635.80306,27.420000076293945,16.40999984741211,627.5800170898438,74.0,0.0001
2025-07-20,117840.01,118856.8,116467.02,117265.12,12962.92889,27.420000076293945,16.40999984741211,627.5800170898438,72.0,0.0001
2025-07-21,117265.11,119676.73,116515.0,117380.36,17107.33128,27.239999771118164,16.649999618530273,628.77001953125,71.0,0.0001
2025-07-22,117380.36,120247.8,116128.0,119954.42,20959.12973,27.100000381469727,16.5,628.8599853515625,72.0,0.0001
2025-07-23,119954.43,120090.0,117301.0,118755.99,14558.75083,27.059999465942383,15.369999885559082,634.2100219726562,74.0,0.0001
2025-07-24,118756.0,119450.0,117103.1,118340.99,15806.89043,27.1299991607666,15.390000343322754,634.4199829101562,71.0,0.0001
2025-07-25,118340.98,118451.57,114723.16,117614.31,38406.34873,27.190000534057617,14.930000305175781,637.0999755859375,70.0,0.0001
2025-07-26,117614.31,118297.35,117138.38,117919.99,6991.67206,27.190000534057617,14.930000305175781,637.0999755859375,72.0,0.0001
2025-07-27,117919.99,119766.65,117825.5,119415.55,9328.30919,27.190000534057617,14.930000305175781,637.0999755859375,73.0,0.0001
2025-07-28,119415.56,119800.0,117427.5,118062.32,13961.74754,27.5,15.029999732971191,636.9400024414062,75.0,0.0001
2025-07-29,118062.32,119273.36,116950.75,117950.76,15137.93445,27.56999969482422,15.979999542236328,635.260009765625,73.0,0.0001
2025-07-30,117950.75,118792.0,115796.23,117840.3,15586.73631,27.84000015258789,15.479999542236328,634.4600219726562,74.0,0.0001
2025-07-31,117840.29,118922.45,115500.0,115764.08,17010.0073,27.899999618530273,16.719999313354492,632.0800170898438,72.0,8.564666666666667e-05
2025-08-01,115764.07,116052.0,112722.58,113297.93,24487.10206,27.56999969482422,20.3799991607666,621.719970703125,65.0,1.9406666666666665e-05
2025-08-02,113297.92,114063.49,112003.0,112546.35,11507.33428,27.56999969482422,20.3799991607666,621.719970703125,55.0,3.380333333333333e-05
2025-08-03,112546.35,114799.97,111920.0,114208.8,7397.76046,27.56999969482422,20.3799991607666,621.719970703125,53.0,5.89e-05
2025-08-04,114208.81,115720.0,114107.6,115055.03,9667.67916,27.559999465942383,17.520000457763672,631.1699829101562,64.0,4.606333333333334e-05
2025-08-05,115055.03,115127.81,112650.0,114129.75,12042.79078,27.559999465942383,17.850000381469727,627.969970703125,60.0,6.824666666666668e-05
2025-08-06,114129.75,115716.0,113355.13,114992.27,9761.15318,27.399999618530273,16.770000457763672,632.780029296875,54.0,7.578333333333334e-05
2025-08-07,114992.27,117621.0,114259.0,117472.01,13468.56263,27.3799991607666,16.56999969482422,632.25,62.0,6.230666666666666e-05
2025-08-08,117472.02,117630.0,115878.71,116674.74,10045.31278,27.43000030517578,15.149999618530273,637.1799926757812,74.0,4.035e-05
2025-08-09,116674.74,117944.05,116299.13,116462.25,9514.13144,27.43000030517578,15.149999618530273,637.1799926757812,67.0,7.691000000000001e-05
2025-08-10,116462.25,119311.11,116460.63,119294.01,14322.77073,27.43000030517578,15.149999618530273,637.1799926757812,69.0,9.949666666666667e-05
2025-08-11,119294.27,122335.16,118050.11,118686.0,26494.33429,27.540000915527344,16.25,635.9199829101562,70.0,0.0001
2025-08-12,118686.0,120324.43,118207.47,120134.08,16720.10893,27.399999618530273,14.729999542236328,642.6900024414062,68.0,8.843666666666666e-05
2025-08-13,120134.09,123667.79,118920.92,123306.43,23210.07102,27.329999923706055,14.489999771118164,644.8900146484375,73.0,9.041000000000001e-05
2025-08-14,123306.44,124474.0,117180.0,118295.09,27980.947586,27.43000030517578,14.829999923706055,644.9500122070312,75.0,0.0001
2025-08-15,118295.09,119216.82,116803.99,117342.05,13623.33874,27.34000015258789,15.09000015258789,643.4400024414062,60.0,4.5503333333333335e-05
2025-08-16,117342.04,117898.99,117143.98,117380.66,6393.68117,27.34000015258789,15.09000015258789,643.4400024414062,56.0,8.713666666666667e-05
2025-08-17,117380.66,118575.0,117172.21,117405.01,5898.64192,27.34000015258789,15.09000015258789,643.4400024414062,64.0,4.916e-05
2025-08-18,117405.01,117543.75,114640.14,116227.05,17745.93954,27.40999984741211,14.989999771118164,643.2999877929688,60.0,2.4866666666666667e-05
2025-08-19,116227.05,116725.69,112732.58,112872.94,18065.47424,27.479999542236328,15.569999694824219,639.8099975585938,56.0,5.5219999999999996e-05
2025-08-20,112872.95,114615.38,112380.0,114271.24,15636.34194,27.459999084472656,15.6899995803833,638.1099853515625,44.0,3.614333333333333e-05
2025-08-21,114271.23,114821.76,112015.67,112500.0,10839.69235,27.600000381469727,16.600000381469727,635.5499877929688,50.0,5.4380000000000005e-05
2025-08-22,112500.0,117429.05,111684.79,116935.99,23128.09037,27.329999923706055,14.220000267028809,645.3099975585938,50.0,7.721e-05
2025-08-23,116936.0,117030.0,114560.0,115438.05,11329.36197,27.329999923706055,14.220000267028809,645.3099975585938,60.0,9.903666666666667e-05
2025-08-24,115438.06,115666.68,110680.0,113493.59,21175.98462,27.329999923706055,14.220000267028809,645.3099975585938,53.0,0.0001
2025-08-25,113493.59,113667.28,109274.1,110111.98,25182.79379,27.549999237060547,14.789999961853027,642.469970703125,47.0,9.448000000000002e-05
2025-08-26,110111.98,112371.0,108666.66,111763.22,18452.43877,27.479999542236328,14.619999885559082,645.1599731445312,48.0,6.140666666666667e-05
2025-08-27,111763.22,112625.0,110345.42,111262.01,13392.60875,27.489999771118164,14.850000381469727,646.6300048828125,51.0,3.600333333333333e-05
2025-08-28,111262.01,113485.9,110862.42,112566.9,11104.27744,27.389999389648438,14.430000305175781,648.9199829101562,48.0,7.500666666666666e-05
2025-08-29,112566.9,112638.64,107463.9,108377.4,22580.31045,27.3700008392334,15.359999656677246,645.0499877929688,50.0,3.587e-05
2025-08-30,108377.4,108926.15,107350.1,108816.33,10708.39159,27.3700008392334,15.359999656677246,645.0499877929688,39.0,7.848000000000001e-05
2025-08-31,108816.33,109480.02,108076.93,108246.35,9489.51596,27.3700008392334,15.359999656677246,645.0499877929688,48.0,4.5056666666666665e-05
2025-09-01,108246.36,109912.4,107255.0,109237.42,16053.60219,27.3700008392334,15.359999656677246,645.0499877929688,46.0,6.541e-05
2025-09-02,109237.43,111771.52,108393.39,111240.01,18510.28756,27.549999237060547,17.170000076293945,640.27001953125,49.0,7.369e-05
2025-09-03,111240.01,112575.27,110528.71,111705.71,11773.72084,27.5,16.350000381469727,643.739990234375,55.0,2.746e-05
2025-09-04,111705.72,112180.0,109329.12,110730.87,12203.13536,27.540000915527344,15.300000190734863,649.1199951171875,51.0,4.7113333333333335e-05
2025-09-05,110730.87,113384.62,110206.96,110659.99,21587.40888,27.399999618530273,15.180000305175781,647.239990234375,48.0,8.468000000000001e-05
2025-09-06,110660.0,111307.7,109977.0,110187.97,5000.29897,27.399999618530273,15.180000305175781,647.239990234375,48.0,4.022333333333333e-05
2025-09-07,110187.98,111600.0,110180.0,111137.34,5681.29944,27.399999618530273,15.180000305175781,647.239990234375,44.0,4.183333333333334e-05
2025-09-08,111137.35,112924.37,110621.78,112065.23,11582.40211,27.309999465942383,15.109999656677246,648.8300170898438,51.0,7.799e-05
2025-09-09,112065.23,113293.29,110766.66,111546.39,15379.28248,27.420000076293945,15.039999961853027,650.3300170898438,48.0,7.933e-05
2025-09-10,111546.38,114313.13,110917.45,113960.0,17517.41823,27.440000534057617,15.350000381469727,652.2100219726562,49.0,6.943666666666667e-05
2025-09-11,113960.0,115488.09,113430.0,115482.69,13676.73119,27.350000381469727,14.710000038146973,657.6300048828125,54.0,4.4840000000000004e-05
2025-09-12,115482.69,116665.63,114740.99,116029.42,15324.10719,27.389999389648438,14.760000228881836,657.4099731445312,57.0,5.598666666666667e-05
2025-09-13,116029.41,116298.78,115127.27,115918.29,8269.40394,27.389999389648438,14.760000228881836,657.4099731445312,52.0,1.2780000000000001e-05
2025-09-14,115918.29,116165.19,115135.0,115268.01,6707.60197,27.389999389648438,14.760000228881836,657.4099731445312,55.0,5.359e-05
2025-09-15,115268.01,116757.99,114384.0,115349.71,13212.51149,27.299999237060547,15.6899995803833,660.9099731445312,53.0,7.551666666666667e-05
2025-09-16,115349.71,116964.27,114737.11,116788.96,10926.9094,27.1299991607666,16.360000610351562,660.0,52.0,4.82e-05
2025-09-17,116788.96,117286.73,114720.81,116447.59,16754.2454,27.219999313354492,15.720000267028809,659.1799926757812,53.0,7.238666666666666e-05
2025-09-18,116447.6,117900.0,116092.76,117073.53,11657.23365,27.350000381469727,15.699999809265137,662.260009765625,52.0,6.025666666666666e-05
2025-09-19,117073.53,117459.99,115100.0,115632.38,8992.09065,27.43000030517578,15.449999809265137,663.7000122070312,53.0,2.3806666666666663e-05
2025-09-20,115632.39,116121.81,115408.47,115685.63,4674.92752,27.43000030517578,15.449999809265137,663.7000122070312,48.0,9.08e-06
2025-09-21,115685.63,115819.06,115188.0,115232.29,4511.52219,27.43000030517578,15.449999809265137,663.7000122070312,49.0,3.2766666666666652e-06
2025-09-22,115232.29,115379.25,111800.0,112650.99,20781.71356,27.329999923706055,16.100000381469727,666.8400268554688,45.0,4.415333333333333e-05
2025-09-23,112650.99,113290.5,111458.73,111998.8,12301.3203,27.309999465942383,16.639999389648438,663.2100219726562,43.0,7.207666666666666e-05
2025-09-24,111998.8,113940.0,111042.66,113307.0,12369.25967,27.510000228881836,16.18000030517578,661.0999755859375,44.0,5.649e-05
2025-09-25,113307.01,113510.23,108631.51,108994.49,21231.14957,27.700000762939453,16.739999771118164,658.0499877929688,44.0,3.69e-05
2025-09-26,108994.49,110300.0,108620.07,109643.46,14243.01591,27.600000381469727,15.289999961853027,661.8200073242188,28.0,5.0730000000000004e-05
2025-09-27,109643.46,109743.91,109064.4,109635.85,5501.78643,27.600000381469727,15.289999961853027,661.8200073242188,33.0,3.745333333333333e-05
2025-09-28,109635.85,112350.0,109189.99,112163.95,7542.3316,27.600000381469727,15.289999961853027,661.8200073242188,37.0,4.5169999999999996e-05
2025-09-29,112163.96,114400.0,111560.65,114311.96,15541.12005,27.540000915527344,16.1200008392334,663.6799926757812,50.0,1.2159999999999999e-05
2025-09-30,114311.97,114792.0,112656.27,114048.93,15044.15633,27.510000228881836,16.280000686645508,666.1799926757812,50.0,3.61e-05
2025-10-01,114048.94,118649.1,113966.67,118594.99,20036.39516,27.5,16.290000915527344,668.4500122070312,49.0,5.6040000000000006e-05
2025-10-02,118594.99,121022.07,118279.31,120529.35,19670.83503,27.540000915527344,16.6299991607666,669.219970703125,64.0,9.109e-05
2025-10-03,120529.35,123894.99,119248.3,122232.0,23936.328,27.489999771118164,16.649999618530273,669.2100219726562,63.0,9.975333333333333e-05
2025-10-04,122232.21,122800.0,121510.0,122391.0,8208.16678,27.489999771118164,16.649999618530273,669.2100219726562,71.0,9.437333333333333e-05
2025-10-05,122390.99,125708.42,122136.0,123482.31,22043.097553,27.489999771118164,16.649999618530273,669.2100219726562,74.0,9.404666666666667e-05
2025-10-06,123482.32,126199.63,123084.0,124658.54,19494.628793,27.6200008392334,16.3700008392334,671.6099853515625,71.0,7.737e-05
2025-10-07,124658.54,125126.0,120574.94,121332.95,21633.99385,27.780000686645508,17.239999771118164,669.1199951171875,70.0,8.267333333333333e-05
2025-10-08,121332.96,124197.25,121066.14,123306.0,17012.618,27.84000015258789,16.299999237060547,673.1099853515625,60.0,5.9793333333333336e-05
2025-10-09,123306.01,123762.94,119651.47,121662.4,21559.36007,28.030000686645508,16.43000030517578,671.1599731445312,70.0,2.716333333333333e-05
2025-10-10,121662.41,122550.0,102000.0,112774.5,64171.93927,27.889999389648438,21.65999984741211,653.02001953125,64.0,1.8923333333333332e-05
2025-10-11,112774.49,113322.39,109561.59,110644.4,35448.51652,27.889999389648438,21.65999984741211,653.02001953125,27.0,6.822333333333333e-05
2025-10-12,110644.4,115770.0,109565.06,114958.8,32255.30272,27.889999389648438,21.65999984741211,653.02001953125,24.0,-3.701666666666666e-05
2025-10-13,114958.81,115963.81,113616.5,115166.0,22557.24033,27.989999771118164,19.030000686645508,663.0399780273438,38.0,-1.2426666666666666e-05
2025-10-14,115166.0,115409.96,109866.0,113028.14,31870.32974,27.90999984741211,20.809999465942383,662.22998046875,38.0,-2.609e-05
2025-10-15,113028.13,113612.35,110164.0,110763.28,22986.48811,27.829999923706055,20.639999389648438,665.1699829101562,34.0,-4.089999999999999e-06
2025-10-16,110763.28,111982.45,107427.0,108194.28,29857.17252,27.719999313354492,25.309999465942383,660.6400146484375,28.0,-2.6583333333333333e-05
2025-10-17,108194.27,109240.0,103528.23,106431.68,37920.66838,27.75,20.780000686645508,664.3900146484375,22.0,-4.033333333333333e-06
2025-10-18,106431.68,107499.0,106322.2,107185.01,11123.18766,27.75,20.780000686645508,664.3900146484375,23.0,-4.958666666666667e-05
2025-10-19,107185.0,109450.07,106103.36,108642.78,15480.66423,27.75,20.780000686645508,664.3900146484375,29.0,9.626666666666665e-06
2025-10-20,108642.77,111705.56,107402.52,110532.09,19193.4416,27.81999969482422,18.229999542236328,671.2999877929688,29.0,-9.600000000000001e-06
2025-10-21,110532.09,114000.0,107473.72,108297.67,37228.01659,27.93000030517578,17.8700008392334,671.2899780273438,34.0,-1.9503333333333334e-05
2025-10-22,108297.66,109163.88,106666.69,107567.44,28610.78451,27.899999618530273,18.600000381469727,667.7999877929688,25.0,1.3116666666666664e-05
2025-10-23,107567.45,111293.61,107500.0,110078.18,17573.09294,27.90999984741211,17.299999237060547,671.760009765625,27.0,5.172333333333333e-05
2025-10-24,110078.19,112104.98,109700.01,111004.89,15005.16913,27.90999984741211,16.3700008392334,677.25,30.0,2.7993333333333335e-05
2025-10-25,111004.9,111943.19,110672.86,111646.27,6407.96864,27.90999984741211,16.3700008392334,677.25,37.0,4.024666666666667e-05
2025-10-26,111646.27,115466.8,111260.45,114559.4,13454.47737,27.90999984741211,16.3700008392334,677.25,40.0,3.1140000000000003e-05
2025-10-27,114559.41,116400.0,113830.01,114107.65,21450.23241,27.8799991607666,15.789999961853027,685.239990234375,51.0,9.101333333333334e-05
2025-10-28,114107.65,116086.0,112211.0,112898.45,15523.42257,27.860000610351562,16.420000076293945,687.0599975585938,50.0,5.6189999999999996e-05
2025-10-29,112898.44,113643.73,109200.0,110021.29,21079.71376,28.020000457763672,16.920000076293945,687.3900146484375,51.0,2.853e-05
2025-10-30,110021.3,111592.0,106304.34,108322.88,25988.82838,28.1299991607666,16.90999984741211,679.8300170898438,34.0,2.7026666666666667e-05
2025-10-31,108322.87,111190.0,108275.28,109608.01,21518.20439,28.209999084472656,17.440000534057617,682.0599975585938,29.0,6.737666666666667e-05
2025-11-01,109608.01,110564.49,109394.81,110098.1,7378.50431,28.209999084472656,17.440000534057617,682.0599975585938,33.0,9.927333333333334e-05
2025-11-02,110098.1,111250.01,109471.34,110540.68,12107.00087,28.209999084472656,17.440000534057617,682.0599975585938,37.0,7.328333333333333e-05
2025-11-03,110540.69,110750.0,105306.56,106583.04,28681.18779,28.229999542236328,17.170000076293945,683.3400268554688,42.0,6.0933333333333335e-05
2025-11-04,106583.05,107299.0,98944.36,101497.22,50534.87376,28.31999969482422,19.0,675.239990234375,21.0,7.382333333333334e-05
2025-11-05,101497.23,104534.74,98966.8,103885.16,33778.77571,28.329999923706055,18.010000228881836,677.5800170898438,23.0,4.2596666666666665e-05
2025-11-06,103885.16,104200.0,100300.95,101346.04,25814.62139,28.18000030517578,19.5,670.3099975585938,27.0,5.465e-05
2025-11-07,101346.04,104096.36,99260.86,103339.08,32059.50942,28.15999984741211,19.079999923706055,670.969970703125,24.0,5.854333333333333e-05
2025-11-08,103339.09,103406.22,101454.0,102312.94,12390.77985,28.15999984741211,19.079999923706055,670.969970703125,20.0,4.854333333333333e-05
2025-11-09,102312.95,105495.62,101400.0,104722.96,16338.97096,28.15999984741211,19.079999923706055,670.969970703125,22.0,3.8316666666666665e-05
2025-11-10,104722.95,106670.11,104265.02,106011.13,22682.25673,28.18000030517578,17.600000381469727,681.4400024414062,29.0,7.068000000000001e-05
2025-11-11,106011.13,107500.0,102476.09,103058.99,24196.50718,28.139999389648438,17.280000686645508,683.0,26.0,1.9553333333333335e-05
2025-11-12,103059.0,105333.33,100813.59,101654.37,20457.63906,28.149999618530273,17.510000228881836,683.3800048828125,24.0,2.9783333333333333e-05
2025-11-13,101654.37,104085.01,98000.4,99692.02,36198.50771,28.06999969482422,20.0,672.0399780273438,15.0,5.959000000000001e-05
2025-11-14,99692.03,99866.02,94012.45,94594.0,47288.14481,28.110000610351562,19.829999923706055,671.9299926757812,16.0,8.924333333333333e-05
2025-11-15,94594.0,96846.68,94558.49,95596.24,15110.89391,28.110000610351562,19.829999923706055,671.9299926757812,10.0,8.143333333333334e-05
2025-11-16,95596.23,96635.11,93005.55,94261.44,23889.4051,28.110000610351562,19.829999923706055,671.9299926757812,10.0,8.268333333333333e-05
2025-11-17,94261.45,96043.0,91220.0,92215.14,39218.59806,28.18000030517578,22.3799991607666,665.6699829101562,14.0,8.925333333333334e-05
2025-11-18,92215.14,93836.01,89253.78,92960.83,39835.14769,28.209999084472656,24.690000534057617,660.0800170898438,11.0,7.908333333333334e-05
2025-11-19,92960.83,92980.22,88608.0,91554.96,32286.6376,28.389999389648438,23.65999984741211,662.6300048828125,15.0,5.496e-05
2025-11-20,91554.96,93160.0,86100.0,86637.23,39733.19073,28.40999984741211,26.420000076293945,652.530029296875,11.0,7.752666666666667e-05
2025-11-21,86637.22,87498.94,80600.0,85129.43,72256.12679,28.389999389648438,23.43000030517578,659.030029296875,14.0,3.812666666666667e-05
2025-11-22,85129.42,85620.0,83500.0,84739.74,14193.93263,28.389999389648438,23.43000030517578,659.030029296875,11.0,4.3883333333333334e-05
2025-11-23,84739.75,88127.64,84667.57,86830.0,19734.46418,28.389999389648438,23.43000030517578,659.030029296875,13.0,1.0240000000000002e-05
2025-11-24,86830.0,89228.0,85272.0,88300.01,24663.12795,28.389999389648438,20.520000457763672,668.72998046875,19.0,1.6346666666666667e-05
2025-11-25,88300.01,88519.99,86116.0,87369.96,19567.0411,28.309999465942383,18.559999465942383,675.02001953125,20.0,-2.1043333333333332e-05
2025-11-26,87369.97,90656.08,86306.77,90484.02,21675.82239,28.229999542236328,17.190000534057617,679.6799926757812,15.0,3.002333333333333e-05
2025-11-27,90484.01,91950.0,90089.91,91333.95,16833.50932,28.229999542236328,17.190000534057617,679.6799926757812,22.0,1.4776666666666665e-05
2025-11-28,91333.94,93092.0,90180.63,90890.7,18830.86012,28.209999084472656,16.350000381469727,683.3900146484375,25.0,2.025e-05
2025-11-29,90890.71,91165.65,90155.47,90802.44,7429.88291,28.209999084472656,16.350000381469727,683.3900146484375,28.0,8.103333333333333e-06
2025-11-30,90802.44,92000.01,90336.9,90360.0,9687.74175,28.209999084472656,16.350000381469727,683.3900146484375,28.0,4.506e-05
2025-12-01,90360.01,90417.0,83822.76,86286.01,34509.01227,28.200000762939453,17.239999771118164,680.27001953125,24.0,2.7456666666666667e-05
2025-12-02,86286.01,92307.65,86184.39,91277.88,28210.22732,28.190000534057617,16.59000015258789,681.530029296875,23.0,1.8776666666666666e-05
2025-12-03,91277.88,94150.0,90990.23,93429.95,25712.52585,28.049999237060547,16.079999923706055,683.8900146484375,28.0,5.296666666666666e-06
2025-12-04,93429.95,94080.0,90889.0,92078.06,19803.94059,28.110000610351562,15.779999732971191,684.3900146484375,26.0,3.6559999999999996e-05
2025-12-05,92078.06,92692.36,88056.0,89330.04,19792.97218,28.079999923706055,15.40999984741211,685.6900024414062,28.0,3.3906666666666665e-05
2025-12-06,89330.04,90289.97,88908.01,89236.79,8409.50016,28.079999923706055,15.40999984741211,685.6900024414062,23.0,1.2633333333333333e-05
2025-12-07,89236.8,91760.0,87719.28,90395.31,13021.11185,28.079999923706055,15.40999984741211,685.6900024414062,20.0,3.69e-05
2025-12-08,90395.32,92287.15,89612.0,90634.34,15793.63887,28.1200008392334,16.65999984741211,683.6300048828125,20.0,3.133666666666667e-05
2025-12-09,90634.35,94588.99,89500.0,92678.8,21240.43014,28.15999984741211,16.93000030517578,683.0399780273438,22.0,4.224666666666666e-05
2025-12-10,92678.81,94476.0,91563.15,92015.37,18998.68083,28.010000228881836,15.770000457763672,687.5700073242188,26.0,2.6593333333333332e-05
2025-12-11,92015.38,93555.0,89260.63,92513.38,19972.58758,27.90999984741211,14.850000381469727,689.1699829101562,29.0,2.371e-05
2025-12-12,92513.38,92754.0,89480.0,90268.42,16679.19169,27.950000762939453,15.739999771118164,681.760009765625,29.0,4.998333333333334e-05
2025-12-13,90268.43,90634.55,89766.39,90240.01,5895.70788,27.950000762939453,15.739999771118164,681.760009765625,23.0,4.0606666666666665e-05
2025-12-14,90240.0,90472.4,87577.36,88172.17,9416.94004,27.950000762939453,15.739999771118164,681.760009765625,21.0,5.5570000000000005e-05
2025-12-15,88172.16,90052.64,85146.64,86432.08,19778.6919,27.93000030517578,16.5,680.72998046875,16.0,7.926666666666666e-06
2025-12-16,86432.08,88175.98,85266.0,87863.42,18456.05017,27.899999618530273,16.479999542236328,678.8699951171875,11.0,4.3020000000000005e-05
2025-12-17,87863.43,90365.85,85314.0,86243.22,19834.11729,27.959999084472656,17.6200008392334,671.4000244140625,16.0,7.041666666666667e-05
2025-12-18,86243.23,89477.61,84450.01,85516.41,25405.41763,27.979999542236328,16.8700008392334,676.469970703125,17.0,4.5726666666666664e-05
2025-12-19,85516.41,89399.97,85110.24,88136.94,21256.65004,28.06999969482422,14.90999984741211,680.5900268554688,16.0,8.497000000000001e-05
2025-12-20,88136.95,88573.07,87795.76,88360.9,5123.13194,28.06999969482422,14.90999984741211,680.5900268554688,20.0,6.135e-05
2025-12-21,88360.91,89081.77,87600.04,88658.86,7132.87258,28.06999969482422,14.90999984741211,680.5900268554688,20.0,7.510666666666666e-05
2025-12-22,88658.87,90588.23,87900.0,88620.79,14673.2197,27.030000686645508,14.079999923706055,684.8300170898438,25.0,5.189e-05
2025-12-23,88620.79,88940.0,86601.9,87486.0,13910.32904,26.940000534057617,14.0,687.9600219726562,24.0,3.219666666666666e-05
2025-12-24,87486.0,88049.89,86420.0,87669.45,9140.8432,26.950000762939453,13.470000267028809,690.3800048828125,24.0,8.127333333333334e-05
2025-12-25,87669.44,88592.74,86934.72,87225.27,7096.58235,26.950000762939453,13.470000267028809,690.3800048828125,23.0,7.409333333333333e-05
2025-12-26,87225.27,89567.75,86655.08,87369.56,18344.61505,26.969999313354492,13.600000381469727,690.3099975585938,20.0,6.601666666666667e-05
2025-12-27,87369.56,87984.0,87253.05,87877.01,4469.55156,26.969999313354492,13.600000381469727,690.3099975585938,23.0,3.4823333333333336e-05
2025-12-28,87877.0,88088.75,87435.0,87952.71,4446.29285,26.969999313354492,13.600000381469727,690.3099975585938,24.0,5.7943333333333325e-05
2025-12-29,87952.71,90406.08,86806.5,87237.13,19894.98575,26.979999542236328,14.199999809265137,687.8499755859375,24.0,8.275333333333335e-05
2025-12-30,87237.13,89400.0,86845.66,88485.49,13105.91001,27.049999237060547,14.329999923706055,687.010009765625,23.0,7.652666666666667e-05
2025-12-31,88485.5,89200.0,87250.0,87648.22,11558.62047,27.030000686645508,14.949999809265137,681.9199829101562,21.0,2.7083333333333332e-05
2026-01-01,87648.21,88919.45,87550.43,88839.04,6279.57133,27.030000686645508,14.949999809265137,681.9199829101562,20.0,7.237e-05
2026-01-02,88839.05,90961.81,88379.88,89995.13,17396.97301,27.110000610351562,14.510000228881836,683.1699829101562,28.0,4.88e-05
2026-01-03,89995.14,90741.16,89314.01,90628.01,7057.46716,27.110000610351562,14.510000228881836,683.1699829101562,29.0,3.701e-05
2026-01-04,90628.01,91810.0,90628.0,91529.73,10426.5297,27.110000610351562,14.510000228881836,683.1699829101562,25.0,6.578999999999999e-05
2026-01-05,91529.74,94789.08,91514.81,93859.71,20673.59584,27.06999969482422,14.899999618530273,687.719970703125,26.0,7.282000000000001e-05
2026-01-06,93859.71,94444.44,91262.94,93747.97,18546.41829,27.15999984741211,14.75,691.8099975585938,44.0,1.377e-05
2026-01-07,93747.97,93747.97,90675.52,91364.16,14276.49025,27.200000762939453,15.380000114440918,689.5800170898438,42.0,6.489e-05
2026-01-08,91364.16,91687.99,89311.0,91099.99,16132.79117,27.270000457763672,15.449999809265137,689.510009765625,28.0,8.376333333333332e-05
2026-01-09,91100.0,92082.55,89694.66,90641.28,15590.27939,27.329999923706055,14.489999771118164,694.0700073242188,27.0,1.5543333333333334e-05
2026-01-10,90641.27,90832.0,90404.0,90504.7,3104.11722,27.329999923706055,14.489999771118164,694.0700073242188,25.0,6.511666666666667e-05
2026-01-11,90504.7,91283.89,90236.0,91013.65,5477.13594,27.329999923706055,14.489999771118164,694.0700073242188,29.0,5.027e-05
2026-01-12,91013.66,92519.95,90128.44,91296.2,16188.08268,27.280000686645508,15.119999885559082,695.1599731445312,27.0,3.121666666666667e-05
2026-01-13,91296.2,96495.0,91042.66,95414.0,23021.51482,27.350000381469727,15.979999542236328,693.77001953125,26.0,5.176e-05
2026-01-14,95413.99,97924.49,94559.28,96951.78,22851.89428,27.329999923706055,16.75,690.3599853515625,48.0,2.2340000000000003e-05
2026-01-15,96951.78,97193.34,95134.48,95604.8,21725.81369,27.43000030517578,15.84000015258789,692.239990234375,61.0,9.693333333333333e-06
2026-01-16,95604.81,95871.47,94293.46,95550.94,11167.7146,27.43000030517578,15.859999656677246,691.6599731445312,49.0,5.7239999999999994e-05
2026-01-17,95550.94,95639.45,95021.67,95147.77,4280.80137,27.43000030517578,15.859999656677246,691.6599731445312,50.0,1.935e-05
2026-01-18,95147.77,95531.12,93615.4,93673.14,6895.17819,27.43000030517578,15.859999656677246,691.6599731445312,49.0,6.563333333333333e-05
2026-01-19,93673.14,93673.14,91910.2,92631.0,14295.52747,27.43000030517578,15.859999656677246,691.6599731445312,44.0,2.6366666666666666e-05
2026-01-20,92630.99,92870.0,87895.98,88427.66,22007.3261,27.209999084472656,20.09000015258789,677.5800170898438,32.0,7.365666666666667e-05
2026-01-21,88427.66,90574.0,87263.53,89454.73,20617.50372,27.270000457763672,16.899999618530273,685.4000244140625,24.0,6.155e-05
2026-01-22,89454.73,90359.99,88515.37,89559.67,10825.50492,27.149999618530273,15.640000343322754,688.97998046875,20.0,6.961333333333333e-05
2026-01-23,89559.68,91224.99,88578.36,89600.26,13918.48919,26.90999984741211,16.09000015258789,689.22998046875,24.0,5.149333333333333e-05
2026-01-24,89600.26,89957.39,89162.08,89225.34,4226.56737,26.90999984741211,16.09000015258789,689.22998046875,25.0,4.780333333333334e-05
2026-01-25,89225.34,89319.13,86074.72,86670.36,14426.22019,26.90999984741211,16.09000015258789,689.22998046875,25.0,4.768e-05
2026-01-26,86670.36,88860.0,86509.63,88347.08,17766.51453,26.780000686645508,16.149999618530273,692.72998046875,20.0,4.1733333333333336e-05
2026-01-27,88347.08,89523.16,87304.33,89250.0,13125.40425,26.469999313354492,16.350000381469727,695.489990234375,29.0,5.932666666666667e-05
2026-01-28,89249.99,90600.0,88833.65,89299.99,14332.18502,26.6299991607666,16.350000381469727,695.4199829101562,29.0,5.413666666666667e-05
2026-01-29,89300.0,89348.0,83383.33,84650.16,30431.38201,26.59000015258789,16.8799991607666,694.0399780273438,26.0,5.696333333333334e-05
2026-01-30,84650.16,84735.75,81118.0,84260.49,35195.84793,26.850000381469727,17.440000534057617,691.969970703125,16.0,2.167333333333333e-05
2026-01-31,84260.5,84270.02,75719.9,78741.09,39491.89133,26.850000381469727,17.440000534057617,691.969970703125,20.0,6.608666666666666e-05
2026-02-01,78741.1,79424.0,75700.0,76968.21,25395.48168,26.850000381469727,17.440000534057617,691.969970703125,14.0,6.253333333333334e-06
2026-02-02,76968.22,79360.0,74604.0,78738.61,42273.59016,26.989999771118164,16.34000015258789,695.4099731445312,14.0,-2.8959999999999997e-05
2026-02-03,78738.6,79186.81,72945.5,75770.21,39120.10889,26.920000076293945,18.0,689.530029296875,17.0,-1.4100000000000003e-06
2026-02-04,75770.21,76971.52,71888.0,73165.83,38375.36,27.010000228881836,18.639999389648438,686.1900024414062,14.0,2.7626666666666664e-05
2026-02-05,73165.84,73341.18,62345.0,62909.86,106298.82899,27.09000015258789,21.770000457763672,677.6199951171875,12.0,1.5046666666666668e-05
2026-02-06,62909.87,71751.33,60000.0,70580.26,92539.21531,27.010000228881836,20.3700008392334,690.6199951171875,9.0,-9.587666666666666e-05
2026-02-07,70580.26,71690.07,67300.0,69289.38,44255.48036,27.010000228881836,20.3700008392334,690.6199951171875,6.0,-8.803666666666665e-05
2026-02-08,69289.37,72271.41,68888.0,70330.38,21420.53168,27.010000228881836,20.3700008392334,690.6199951171875,7.0,-3.937666666666667e-05
2026-02-09,70330.38,71453.53,68308.0,70138.0,29152.72842,26.790000915527344,17.360000610351562,693.9500122070312,14.0,-1.837666666666667e-05
2026-02-10,70138.0,70527.59,67800.0,68841.29,20373.77072,26.799999237060547,17.790000915527344,692.1199951171875,9.0,-7.481e-05
2026-02-11,68841.28,69292.88,65756.0,67082.52,28718.24602,26.829999923706055,17.649999618530273,691.9600219726562,11.0,-2.7286666666666667e-05
2026-02-12,67082.52,68410.52,65118.0,66272.17,24271.74283,26.81999969482422,20.81999969482422,681.27001953125,5.0,1.300000000000001e-06
2026-02-13,66272.17,69482.97,65872.46,68853.96,20244.54955,26.81999969482422,20.600000381469727,681.75,9.0,1.758666666666667e-05
2026-02-14,68853.97,70560.01,68730.13,69822.95,18114.78393,26.81999969482422,20.600000381469727,681.75,9.0,4.569999999999999e-06
2026-02-15,69822.94,70983.0,68000.0,68832.58,22290.05208,26.81999969482422,20.600000381469727,681.75,8.0,4.083333333333333e-06
2026-02-16,68832.59,70126.67,67294.11,68892.43,15515.76534,26.81999969482422,20.600000381469727,681.75,12.0,-1.5766666666666666e-05
2026-02-17,68892.43,69241.5,66621.06,67503.52,16489.06921,26.90999984741211,20.290000915527344,682.8499755859375,10.0,4.544e-05
2026-02-18,67503.52,68476.22,65870.0,66461.0,15492.43839,27.079999923706055,19.6200008392334,686.2899780273438,8.0,2.2260000000000004e-05
2026-02-19,66461.0,67320.0,65631.83,67003.73,14542.26988,27.1200008392334,20.229999542236328,684.47998046875,9.0,-1.4599999999999997e-05
2026-02-20,67003.73,68318.39,66280.2,68020.01,35351.87091,27.09000015258789,19.09000015258789,689.4299926757812,7.0,1.9986666666666666e-05
2026-02-21,68020.0,68698.7,67534.69,67975.93,8032.84131,27.09000015258789,19.09000015258789,689.4299926757812,8.0,3.392e-05
2026-02-22,67975.93,68245.0,67190.0,67643.4,8175.13484,27.09000015258789,19.09000015258789,689.4299926757812,9.0,1.9146666666666667e-05
2026-02-23,67643.39,67684.86,63888.79,64656.02,33075.90923,27.09000015258789,21.010000228881836,682.3900146484375,5.0,-4.0000000000000067e-07
2026-02-24,64656.01,65026.75,62510.28,64058.15,23102.83622,27.110000610351562,19.549999237060547,687.3499755859375,8.0,1.4436666666666665e-05
2026-02-25,64058.15,69988.83,63913.27,67988.04,30749.99259,27.079999923706055,17.93000030517578,693.1500244140625,11.0,4.800000000000001e-06
2026-02-26,67988.04,68860.0,66500.0,67485.18,20737.77792,27.100000381469727,18.6299991607666,689.2999877929688,11.0,2.9366666666666685e-06
2026-02-27,67485.19,68216.8,64914.46,65872.1,21228.58424,27.079999923706055,19.860000610351562,685.989990234375,13.0,-3.2566666666666674e-05
2026-02-28,65872.09,67760.0,63030.0,66973.26,22548.71649,27.079999923706055,19.860000610351562,685.989990234375,11.0,-1.3303333333333334e-05
2026-03-01,66973.26,68199.99,65056.0,65776.47,23201.85859,27.079999923706055,19.860000610351562,685.989990234375,14.0,2.2743333333333333e-05
2026-03-02,65776.48,70096.0,65259.21,68830.06,32010.38431,27.329999923706055,21.440000534057617,686.3800048828125,10.0,-1.1126666666666665e-05
2026-03-03,68830.06,69258.08,66158.0,68338.0,24972.2418,27.459999084472656,23.56999969482422,680.3300170898438,14.0,9.106666666666667e-06
2026-03-04,68338.01,74050.0,67400.0,72666.77,44919.0761,27.40999984741211,21.149999618530273,685.1300048828125,10.0,6.043333333333331e-06
2026-03-05,72666.77,73558.15,70645.47,70890.72,26590.51253,27.479999542236328,23.75,681.3099975585938,22.0,2.902e-05
2026-03-06,70891.02,71419.98,67744.78,68114.02,22629.88722,27.469999313354492,29.489999771118164,672.3800048828125,18.0,-1.1826666666666666e-05
2026-03-07,68114.02,68551.04,66915.26,67262.91,12719.54315,27.469999313354492,29.489999771118164,672.3800048828125,12.0,-2.4333333333333157e-07
2026-03-08,67262.91,68200.0,65618.49,65971.2,21593.63901,27.469999313354492,29.489999771118164,672.3800048828125,12.0,-2.8263333333333334e-05
2026-03-09,65971.2,69516.65,65821.97,68432.16,28896.7213,27.459999084472656,25.5,678.27001953125,8.0,-4.593333333333333e-05
2026-03-10,68432.16,71777.0,68391.41,69948.63,32602.57726,27.450000762939453,24.93000030517578,677.1799926757812,13.0,1.913333333333333e-06
2026-03-11,69948.64,71321.0,68977.91,70191.86,27249.27542,27.549999237060547,24.229999542236328,676.3300170898438,15.0,-7.376e-05
2026-03-12,70191.86,70800.0,69205.91,70541.34,21997.1605,27.68000030517578,27.290000915527344,666.0599975585938,18.0,-6.858333333333332e-05
2026-03-13,70541.34,73913.74,70386.01,70930.0,35996.61678,27.889999389648438,27.190000534057617,662.2899780273438,15.0,2.786666666666666e-06
2026-03-14,70930.01,71307.92,70317.0,71211.95,13017.24737,27.889999389648438,27.190000534057617,662.2899780273438,16.0,-3.0726666666666665e-05
2026-03-15,71211.95,73199.0,70858.82,72815.24,14037.30704,27.889999389648438,27.190000534057617,662.2899780273438,15.0,-1.8950000000000003e-05
2026-03-16,72815.25,74909.08,72270.41,74884.67,28409.53019,27.729999542236328,23.510000228881836,669.030029296875,23.0,3.889e-05
2026-03-17,74884.67,76000.0,73399.19,73909.36,24521.26636,27.68000030517578,22.3700008392334,670.7899780273438,28.0,-1.1746666666666667e-05
2026-03-18,73909.37,74672.34,70500.0,71246.54,23392.88093,27.850000381469727,25.09000015258789,661.4299926757812,26.0,-2.9880000000000002e-05
2026-03-19,71246.55,71613.79,68793.35,69930.0,22364.81819,27.579999923706055,24.059999465942383,659.7999877929688,23.0,-9.27e-06
2026-03-20,69930.01,71367.0,69388.0,70510.73,18121.16745,27.68000030517578,26.780000686645508,648.5700073242188,11.0,3.8499999999999996e-06
2026-03-21,70510.73,71100.94,68571.42,68918.12,13397.1675,27.68000030517578,26.780000686645508,648.5700073242188,12.0,-3.793333333333333e-06
2026-03-22,68918.12,69588.79,67360.66,67859.0,14843.78682,27.68000030517578,26.780000686645508,648.5700073242188,10.0,-3.485333333333333e-05
2026-03-23,67859.0,71817.09,67445.18,70906.45,28335.09119,27.559999465942383,26.149999618530273,655.3800048828125,8.0,-1.594e-05
2026-03-24,70906.45,71400.0,68923.07,70556.74,20702.42244,27.649999618530273,26.950000762939453,653.1799926757812,11.0,3.653333333333334e-05
2026-03-25,70556.74,72026.09,70408.0,71336.53,17719.50066,27.700000762939453,25.329999923706055,656.8200073242188,14.0,2.7016666666666665e-05
2026-03-26,71336.53,71436.82,68153.0,68820.31,20820.45768,27.809999465942383,27.440000534057617,645.0900268554688,10.0,5.746666666666666e-06
2026-03-27,68820.31,69179.05,65548.25,66407.28,28603.69557,27.84000015258789,31.049999237060547,634.0900268554688,13.0,-3.071333333333333e-05
2026-03-28,66407.28,67288.94,65932.09,66377.03,11462.39847,27.84000015258789,31.049999237060547,634.0900268554688,12.0,-5.2883333333333336e-05
2026-03-29,66377.04,67130.5,65000.0,66010.93,10052.85584,27.84000015258789,31.049999237060547,634.0900268554688,9.0,-3.3833333333333333e-06
2026-03-30,66010.93,68169.65,65800.59,66797.37,18353.38975,27.979999542236328,30.610000610351562,631.969970703125,8.0,5.166666666666667e-06
2026-03-31,66797.38,68589.49,65998.05,68284.48,22105.40662,27.780000686645508,25.25,650.3400268554688,11.0,-1.5226666666666668e-05
2026-04-01,68284.49,69310.0,67578.75,68113.92,19020.1899,27.729999542236328,24.540000915527344,655.239990234375,8.0,-1.1109999999999999e-05
2026-04-02,68113.92,68653.38,65712.12,66901.99,20203.47916,27.860000610351562,23.8700008392334,655.8300170898438,12.0,-1.010666666666667e-05
2026-04-03,66901.99,67370.42,66282.0,66964.3,11429.13131,27.860000610351562,23.8700008392334,655.8300170898438,9.0,-3.596666666666667e-06
2026-04-04,66964.29,67562.93,66775.91,67300.42,7373.51613,27.860000610351562,23.8700008392334,655.8300170898438,11.0,3.175666666666667e-05
2026-04-05,67300.42,69136.2,66611.66,69034.18,11733.46752,27.860000610351562,23.8700008392334,655.8300170898438,12.0,2.7026666666666667e-05
2026-04-06,69034.18,70351.46,68300.0,68853.66,20281.61044,27.829999923706055,24.170000076293945,658.9299926757812,13.0,4.346666666666667e-05
2026-04-07,68853.66,72761.0,67732.01,71924.22,23750.49661,27.75,25.780000686645508,659.219970703125,11.0,3.593666666666667e-05
2026-04-08,71924.22,72857.0,70707.23,71069.93,19802.68627,27.530000686645508,21.040000915527344,676.010009765625,17.0,3.877e-05
2026-04-09,71069.93,73145.0,70466.0,71787.97,18158.42159,27.479999542236328,19.489999771118164,679.9099731445312,14.0,1.0353333333333335e-05
2026-04-10,71787.98,73434.0,71426.15,72962.7,17372.63288,27.440000534057617,19.229999542236328,679.4600219726562,16.0,2.273333333333333e-06
2026-04-11,72962.71,73790.0,72513.09,73043.16,9070.94374,27.440000534057617,19.229999542236328,679.4600219726562,15.0,-6.687666666666666e-05
2026-04-12,73043.16,73137.24,70505.88,70740.98,13472.46801,27.440000534057617,19.229999542236328,679.4600219726562,16.0,-4.044333333333333e-05
2026-04-13,70741.56,74900.0,70566.99,74417.99,24230.21625,27.3799991607666,19.1200008392334,686.0999755859375,12.0,-1.942e-05
2026-04-14,74418.0,76038.0,73795.47,74131.55,26532.94456,27.31999969482422,18.360000610351562,694.4600219726562,21.0,-2.785333333333333e-05
2026-04-15,74131.55,75425.0,73514.0,74809.99,14425.04167,27.290000915527344,18.170000076293945,699.9400024414062,23.0,-7.183e-05
2026-04-16,74809.99,75534.76,73309.85,75154.29,17088.68777,27.3700008392334,17.940000534057617,701.6599731445312,23.0,-2.8280000000000004e-05
2026-04-17,75154.28,78333.0,74529.4,77072.0,25941.36694,27.360000610351562,17.479999542236328,710.1400146484375,21.0,-1.5703333333333333e-05
2026-04-18,77072.01,77420.08,75445.16,75691.76,9141.84456,27.360000610351562,17.479999542236328,710.1400146484375,26.0,-6.588666666666667e-05
2026-04-19,75691.76,76240.66,73762.9,73801.79,11369.82232,27.360000610351562,17.479999542236328,710.1400146484375,27.0,-9.296666666666667e-05
2026-04-20,73801.8,76558.62,73724.31,75840.97,16993.41034,27.31999969482422,18.8700008392334,708.719970703125,29.0,-4.0459999999999995e-05
2026-04-21,75840.97,76927.57,74821.57,76336.15,14912.57132,27.469999313354492,19.5,704.0800170898438,33.0,-6.0009999999999996e-05
2026-04-22,76336.14,79472.82,76132.95,78178.23,19737.51225,27.479999542236328,18.920000076293945,711.2100219726562,32.0,1.913333333333332e-06
2026-04-23,78178.22,78662.5,76960.0,78257.48,16970.79501,27.530000686645508,19.309999465942383,708.4500122070312,46.0,-6.0396666666666664e-05
2026-04-24,78257.48,78581.93,77264.08,77437.13,12675.14315,27.479999542236328,18.709999084472656,713.9400024414062,39.0,-4.948666666666667e-05
2026-04-25,77437.13,77885.35,77140.23,77625.0,5685.1142,27.479999542236328,18.709999084472656,713.9400024414062,31.0,-4.3370000000000007e-05
2026-04-26,77625.0,78961.0,77326.51,78657.55,7963.56162,27.479999542236328,18.709999084472656,713.9400024414062,33.0,1.9633333333333333e-06
2026-04-27,78657.55,79485.66,76459.64,77371.32,16046.92418,27.450000762939453,18.020000457763672,715.1699829101562,47.0,-4.696e-05
2026-04-28,77371.32,77478.0,75666.6,76342.77,13210.72383,27.530000686645508,17.829999923706055,711.6900024414062,33.0,-6.376666666666665e-06
2026-04-29,76342.78,77904.93,74937.52,75780.0,18279.93022,27.610000610351562,18.809999465942383,711.5800170898438,26.0,6.786666666666667e-06
2026-04-30,75780.0,76669.14,75323.65,76346.57,10381.81607,27.360000610351562,16.889999389648438,718.6599731445312,29.0,-2.987e-05
2026-05-01,76346.58,78914.12,76320.42,78231.13,17315.46502,27.40999984741211,16.989999771118164,720.6500244140625,26.0,-2.899666666666667e-05
2026-05-02,78231.13,79199.48,78040.0,78686.85,6150.87642,27.40999984741211,16.989999771118164,720.6500244140625,39.0,-2.8216666666666667e-05
2026-05-03,78686.84,79447.0,78084.08,78568.57,7425.7929,27.40999984741211,16.989999771118164,720.6500244140625,47.0,5.316666666666667e-06
2026-05-04,78568.58,80776.99,78202.0,79861.01,26042.96135,27.479999542236328,18.290000915527344,718.010009765625,40.0,3.2866666666666656e-06
2026-05-05,79861.01,81791.48,79808.72,80905.52,16947.17995,27.5,17.3799991607666,723.77001953125,50.0,-4.416333333333333e-05
2026-05-06,80905.53,82850.0,80731.14,81447.01,18798.77396,27.350000381469727,17.389999389648438,733.8300170898438,46.0,-6.353e-05
2026-05-07,81447.01,81708.32,79500.0,80006.0,16154.80338,27.40999984741211,17.079999923706055,731.5800170898438,47.0,-4.479333333333333e-05
2026-05-08,80006.0,80500.0,79181.48,80193.17,16001.31009,27.34000015258789,17.190000534057617,737.6199951171875,38.0,-2.1776666666666668e-05
2026-05-09,80193.18,81080.0,80129.85,80678.4,7548.42177,27.34000015258789,17.190000534057617,737.6199951171875,38.0,5.646666666666665e-06
2026-05-10,80678.41,82479.32,80279.77,82210.07,12034.31882,27.34000015258789,17.190000534057617,737.6199951171875,47.0,3.493333333333333e-05
2026-05-11,82210.07,82380.0,80462.97,81745.65,12951.76056,27.350000381469727,18.3799991607666,739.2999877929688,48.0,4.315e-05
2026-05-12,81745.66,81788.0,79843.59,80504.47,12386.25676,27.450000762939453,17.989999771118164,738.1799926757812,49.0,3.194666666666667e-05
2026-05-13,80504.47,81324.64,78754.65,79313.61,14810.05643,27.510000228881836,17.8700008392334,742.3099975585938,42.0,4.184333333333333e-05
2026-05-14,79313.61,82048.13,78922.0,81089.99,19727.86807,27.6200008392334,17.260000228881836,748.1699829101562,34.0,3.65e-05
2026-05-15,81090.0,81664.45,78659.0,79113.21,17351.27079,27.770000457763672,18.43000030517578,739.1699829101562,43.0,-1.528e-05
2026-05-16,79113.2,79227.77,77640.0,78148.05,12132.86192,27.770000457763672,18.43000030517578,739.1699829101562,31.0,2.8943333333333335e-05
2026-05-17,78148.05,78599.99,76735.16,77457.67,8442.7022,27.770000457763672,18.43000030517578,739.1699829101562,27.0,1.7536666666666668e-05
2026-05-18,77457.67,77800.0,76051.0,77001.87,18745.51678,27.700000762939453,17.81999969482422,738.6500244140625,28.0,3.9416666666666665e-05
2026-05-19,77001.88,77414.62,76144.71,76834.36,11024.85978,27.790000915527344,18.059999465942383,733.72998046875,25.0,5.178666666666667e-05
2026-05-20,76834.36,77853.04,76516.74,77552.23,11296.26307,27.729999542236328,17.440000534057617,741.25,27.0,6.031666666666666e-05
2026-05-21,77552.24,78200.0,76719.47,77615.52,11318.25841,27.729999542236328,16.760000228881836,742.719970703125,29.0,4.0193333333333334e-05
2026-05-22,77615.52,77900.0,75359.18,75539.5,11272.36134,27.770000457763672,16.700000762939453,745.6400146484375,28.0,1.8783333333333334e-05
2026-05-23,75539.5,77404.18,74289.6,76752.01,15086.88814,27.770000457763672,16.700000762939453,745.6400146484375,28.0,3.416333333333333e-05
2026-05-24,76752.0,77543.15,76108.0,77064.96,8398.00156,27.770000457763672,16.700000762939453,745.6400146484375,25.0,7.199666666666666e-05
2026-05-25,77064.96,77905.52,76914.25,77322.01,7672.32197,27.770000457763672,16.59000015258789,745.6400146484375,30.0,3.8339999999999995e-05
2026-05-26,77322.01,78080.0,75677.97,75930.01,16953.47629,27.75,17.010000228881836,750.5900268554688,34.0,5.895333333333334e-05
2026-05-27,75930.01,76174.15,74243.99,74449.3,16877.77483,27.75,16.290000915527344,750.4600219726562,25.0,9.620666666666668e-05
2026-05-28,74449.31,74590.77,72582.82,73617.51,21274.02026,27.700000762939453,15.739999771118164,754.5999755859375,22.0,8.337e-05
2026-05-29,73617.52,74514.1,72512.49,73460.78,18686.74141,27.65999984741211,15.319999694824219,756.47998046875,23.0,7.364333333333333e-05
2026-05-30,73460.78,74143.76,73216.0,73884.38,7515.40909,27.65999984741211,15.319999694824219,756.47998046875,23.0,4.803333333333333e-05
2026-05-31,73884.38,74275.66,73400.0,73674.39,6986.45707,27.65999984741211,15.319999694824219,756.47998046875,28.0,5.361e-05
2026-06-01,73674.39,74092.0,70686.68,71408.9,23921.09184,27.760000228881836,16.049999237060547,758.5399780273438,29.0,6.713666666666667e-05
2026-06-02,71408.9,71408.9,66193.0,66760.83,32858.19586,27.760000228881836,15.770000457763672,759.5700073242188,23.0,8.111666666666667e-05
2026-06-03,66760.84,67516.0,64092.49,64142.75,30138.3065,27.860000610351562,16.059999465942383,754.239990234375,11.0,7.464666666666667e-05
2026-06-04,64142.75,64764.32,61383.56,63885.99,43577.17571,27.84000015258789,15.399999618530273,757.0900268554688,12.0,1.0490000000000001e-05
2026-06-05,63885.99,63978.0,59130.91,61056.47,55027.28807,28.020000457763672,21.510000228881836,737.5499877929688,12.0,-3.2633333333333336e-06
2026-06-06,61056.47,61530.05,59500.0,60884.62,19795.58877,28.020000457763672,21.510000228881836,737.5499877929688,12.0,3.0999999999999995e-06
2026-06-07,60884.62,64234.68,60746.0,63332.01,26612.10443,28.020000457763672,21.510000228881836,737.5499877929688,12.0,1.0699999999999993e-06
2026-06-08,63332.01,64200.0,62408.0,63085.99,23053.38624,28.030000686645508,18.920000076293945,739.219970703125,8.0,2.3696666666666666e-05
2026-06-09,63086.0,63526.01,60780.0,61730.0,21636.21959,28.010000228881836,19.8700008392334,737.0499877929688,10.0,6.939999999999999e-06
2026-06-10,61730.0,62857.99,60755.0,61510.99,15998.71652,28.049999237060547,22.219999313354492,725.4299926757812,9.0,-1.5933333333333339e-06
2026-06-11,61510.99,63933.02,61510.99,63625.99,17380.94642,27.950000762939453,19.440000534057617,737.760009765625,12.0,1.4833333333333332e-05
2026-06-12,63626.0,64394.44,62829.81,63580.01,16397.0524,27.950000762939453,17.68000030517578,741.75,12.0,6.609999999999999e-06
2026-06-13,63580.0,64762.77,63418.66,64458.01,9960.74163,27.950000762939453,17.68000030517578,741.75,13.0,2.1183333333333334e-05
2026-06-14,64458.01,65800.0,63678.83,65746.45,13203.03375,27.950000762939453,17.68000030517578,741.75,18.0,-4.144e-05
2026-06-15,65746.45,67292.15,65354.0,66328.74,18559.80102,27.969999313354492,16.200000762939453,754.8300170898438,20.0,-8.833333333333334e-06
2026-06-16,66328.74,66992.0,65360.92,65675.01,14302.05801,27.93000030517578,16.40999984741211,750.3300170898438,23.0,-4.306666666666666e-06
2026-06-17,65675.02,66445.93,63915.77,64509.4,19048.65409,28.18000030517578,18.440000534057617,740.9600219726562,22.0,-2.436666666666666e-05
2026-06-18,64509.4,64806.0,62272.07,62958.01,16935.59661,28.299999237060547,16.399999618530273,746.739990234375,15.0,1.8013333333333333e-05
2026-06-19,62958.01,63666.0,62316.44,63543.91,14247.424,28.299999237060547,16.399999618530273,746.739990234375,14.0,3.615333333333333e-05
2026-06-20,63543.9,64388.0,63184.21,64298.01,9522.10324,28.299999237060547,16.399999618530273,746.739990234375,23.0,4.144e-05
2026-06-21,64298.01,64588.0,63270.0,63311.99,8034.66333,28.299999237060547,16.399999618530273,746.739990234375,23.0,2.667e-05
2026-06-22,63312.0,65622.83,63312.0,64020.01,15423.10851,28.360000610351562,17.280000686645508,744.3900146484375,20.0,4.299666666666667e-05
2026-06-23,64020.01,64275.38,61938.0,62734.57,20222.99292,28.450000762939453,19.489999771118164,733.5800170898438,23.0,1.269e-05
2026-06-24,62734.57,63239.06,59102.7,61077.99,30678.28543,28.530000686645508,18.6299991607666,733.239990234375,17.0,1.4383333333333333e-05
2026-06-25,61078.0,61962.4,58115.01,59794.0,30386.00694,28.479999542236328,18.889999389648438,734.2999877929688,12.0,-5.486666666666665e-06
2026-06-26,59794.64,60759.99,58337.0,60097.27,27403.55723,28.459999084472656,18.40999984741211,728.989990234375,13.0,6.17e-05
2026-06-27,60097.27,60941.17,59855.16,60029.0,9587.22916,28.459999084472656,18.40999984741211,728.989990234375,15.0,4.427e-05
2026-06-28,60029.01,60545.01,58905.0,59577.01,8907.13796,28.459999084472656,18.40999984741211,728.989990234375,18.0,3.3476666666666664e-05
2026-06-29,59577.01,60780.57,58900.01,60260.21,20203.14178,28.3700008392334,17.649999618530273,741.0,12.0,6.404666666666666e-05
2026-06-30,60260.2,60276.54,58201.0,58624.71,19639.82787,28.40999984741211,16.450000762939453,746.77001953125,15.0,5.950333333333333e-05
2026-07-01,58624.71,61334.0,57800.19,60024.0,25093.44662,28.489999771118164,16.59000015258789,745.760009765625,11.0,4.819333333333333e-05
2026-07-02,60024.0,62200.0,59588.0,61560.0,21382.14163,28.34000015258789,16.149999618530273,744.780029296875,19.0,6.166666666666667e-05
2026-07-03,61560.0,62979.86,61248.86,62583.26,14048.98627,28.34000015258789,16.149999618530273,744.780029296875,21.0,7.913333333333334e-05
2026-07-04,62583.26,63461.99,62328.24,63144.01,9139.8274,28.34000015258789,16.149999618530273,744.780029296875,22.0,9.826666666666667e-05
2026-07-05,63144.01,63999.0,62436.59,63650.0,9172.07758,28.34000015258789,16.149999618530273,744.780029296875,23.0,9.004666666666667e-05
2026-07-06,63650.01,64700.0,61306.84,64042.02,21435.28437,28.31999969482422,15.569999694824219,751.280029296875,24.0,7.939999999999999e-05
2026-07-07,64042.93,64314.0,62671.39,63363.99,16834.20823,28.399999618530273,16.1299991607666,747.7100219726562,27.0,7.539000000000001e-05
2026-07-08,63364.0,63761.99,61544.56,62290.0,18620.09796,28.360000610351562,16.899999618530273,745.4000244140625,20.0,4.247e-05
2026-07-09,62290.01,63500.0,61705.29,63230.0,16742.80672,28.360000610351562,15.84000015258789,751.7100219726562,22.0,5.895666666666667e-05
2026-07-10,63230.01,64692.83,62926.01,64161.72,17589.00122,28.389999389648438,15.029999732971191,754.9500122070312,23.0,8.604333333333334e-05
2026-07-11,64161.72,64504.11,63819.0,63819.0,9151.97432,28.389999389648438,15.029999732971191,754.9500122070312,26.0,5.032666666666667e-05
2026-07-12,63819.01,64290.11,63640.83,63780.0,13914.83703,28.389999389648438,15.029999732971191,754.9500122070312,26.0,6.181333333333333e-05
2026-07-13,63780.0,64425.0,61824.97,62334.52,21682.50204,28.5,17.15999984741211,749.1699829101562,28.0,5.459e-05
2026-07-14,62334.52,65100.0,62272.2,65043.98,20552.41384,28.389999389648438,16.5,751.8300170898438,22.0,5.7783333333333326e-05
2026-07-15,65043.99,65600.0,64485.0,64756.28,18401.89741,28.25,15.670000076293945,754.8099975585938,25.0,8.152333333333333e-05
2026-07-16,64756.28,64997.52,63748.74,63830.2,18764.52679,28.34000015258789,16.729999542236328,750.719970703125,25.0,5.3706666666666665e-05
2026-07-17,63830.2,64387.99,62537.56,63931.67,18189.89389,28.329999923706055,18.770000457763672,743.2899780273438,27.0,5.0679999999999996e-05
2026-07-18,63931.67,64865.0,63886.65,64834.22,8031.18012,28.329999923706055,18.770000457763672,743.2899780273438,25.0,4.451666666666667e-05
2026-07-19,64834.21,64967.25,64280.0,64722.54,8379.91474,28.329999923706055,18.770000457763672,743.2899780273438,28.0,4.1819999999999996e-05
2026-07-20,64722.55,65799.0,63100.0,65255.51,21323.48702,28.389999389648438,18.649999618530273,742.0900268554688,29.0,5.5620000000000006e-05
2026-07-21,65255.51,66956.15,65148.75,66556.16,18618.28087,28.479999542236328,17.049999237060547,748.280029296875,25.0,5.406666666666666e-05
2026-07-22,66556.15,66739.89,65553.67,66114.49,18074.86602,28.450000762939453,16.639999389648438,747.4099731445312,33.0,3.606333333333333e-05
2026-07-23,66114.5,66313.14,64650.0,65098.97,14698.22673,28.559999465942383,18.700000762939453,738.1799926757812,31.0,2.7953333333333332e-05
2026-07-24,65098.98,65808.59,63739.75,64139.99,16821.2718,28.579999923706055,18.579999923706055,738.9299926757812,28.0,6.208666666666667e-05
2026-07-25,64140.0,64475.28,63810.0,64375.0,8863.0503,28.579999923706055,18.579999923706055,738.9299926757812,27.0,4.076e-05
2026-07-26,64375.01,65577.0,64293.81,65399.99,7933.06089,28.579999923706055,18.579999923706055,738.9299926757812,26.0,5.193666666666666e-05
2026-07-27,65400.0,65744.6,63605.56,63755.86,14791.90543,28.600000381469727,18.670000076293945,739.0900268554688,30.0,5.879666666666667e-05
2026-07-28,63755.86,64100.0,62742.47,63915.0,13889.82996,28.579999923706055,18.209999084472656,740.8599853515625,29.0,3.6740000000000004e-05
2026-07-29,63915.0,64744.81,63267.34,63984.28,16780.11912,28.420000076293945,20.65999984741211,729.4600219726562,29.0,7.888333333333333e-05
2026-07-30,63984.29,65176.6,63603.92,64780.02,17131.58486,28.139999389648438,17.09000015258789,741.6900024414062,28.0,8.256333333333334e-05
2026-07-31,64780.03,65409.56,62466.0,62887.88,20475.60686,28.170000076293945,15.989999771118164,747.030029296875,25.0,8.356333333333335e-05
2026-08-01,62887.88,63150.0,62275.0,62823.64,7563.08904,28.170000076293945,15.989999771118164,747.030029296875,27.0,3.610333333333333e-05
2026-08-02,62823.65,63796.33,62806.58,63570.0,8387.01154,28.170000076293945,15.989999771118164,747.030029296875,27.0,7.06e-05
2026-08-03,63570.01,64080.0,62300.0,63520.0,15543.29743,28.170000076293945,15.859999656677246,757.6699829101562,28.0,6.279333333333334e-05
2026-08-04,63520.0,64549.16,63322.01,64106.56,13690.47909,28.15999984741211,16.5,771.3300170898438,25.0,5.671e-05
2026-08-05,64106.55,65025.22,63880.0,64665.23,12742.85528,28.09000015258789,15.8100004196167,769.7899780273438,27.0,1.7883333333333335e-05
2026-08-06,64665.24,64999.0,64172.0,64323.61,9864.43284,28.190000534057617,15.149999618530273,768.5599975585938,25.0,5.055333333333333e-05
2026-08-07,64323.61,65390.99,64166.0,64923.19,11807.40403,28.06999969482422,14.899999618530273,773.260009765625,29.0,3.893666666666667e-05
2026-08-08,64923.2,65192.54,64784.19,64962.6,5760.14298,28.06999969482422,14.899999618530273,773.260009765625,30.0,5.591666666666666e-05
2026-08-09,64962.6,65474.46,64730.08,64901.59,7031.23606,28.06999969482422,14.899999618530273,773.260009765625,31.0,6.048e-05
2026-08-10,64901.59,65391.14,63806.27,63970.01,13638.40877,28.139999389648438,15.460000038146973,773.030029296875,30.0,6.820666666666666e-05
2026-08-11,63970.01,64515.43,63238.0,63600.0,12891.63248,28.139999389648438,15.279999732971191,770.5599975585938,29.0,4.181666666666666e-05
2026-08-12,63600.01,64500.0,63310.34,63479.99,13627.06822,28.200000762939453,14.550000190734863,772.489990234375,27.0,8.389666666666667e-05
2026-08-13,63479.99,64010.0,62802.27,63490.86,10793.85853,28.18000030517578,14.630000114440918,777.8800048828125,29.0,7.211666666666667e-05
2026-08-14,63490.86,63617.45,62535.24,63043.56,12340.82899,28.110000610351562,14.25,776.3400268554688,29.0,5.057666666666667e-05
2026-08-15,63043.56,63187.98,62920.0,63086.01,5405.16038,28.110000610351562,14.25,776.3400268554688,34.0,6.211666666666667e-05
2026-08-16,63086.01,63390.0,62716.0,62900.0,4737.23135,28.110000610351562,14.25,776.3400268554688,34.0,2.6016666666666668e-05
2026-08-17,62900.0,64610.01,62751.1,64532.1,14255.64713,28.100000381469727,15.1899995803833,772.6699829101562,31.0,6.717000000000001e-05
2026-08-18,64532.11,65058.81,64027.85,64725.42,11789.91312,28.139999389648438,15.84000015258789,767.4500122070312,41.0,4.611333333333334e-05
2026-08-19,64725.42,70000.0,64166.0,69334.79,29054.29976,27.8799991607666,14.890000343322754,769.0599975585938,46.0,5.144e-05
2026-08-20,69334.78,73400.0,68902.22,73025.15,35904.79287,27.90999984741211,16.010000228881836,762.5999755859375,62.0,9.692333333333333e-05
2026-08-21,73027.02,79500.0,73027.02,78338.03,44339.56568,27.899999618530273,15.130000114440918,765.719970703125,72.0,6.926000000000001e-05
2026-08-22,78338.03,78828.15,76500.0,77074.93,18524.50847,27.899999618530273,15.130000114440918,765.719970703125,71.0,0.0001
2026-08-23,77074.94,78052.85,75545.67,77734.0,15367.23185,27.899999618530273,15.130000114440918,765.719970703125,66.0,0.0001
2026-08-24,77734.0,80000.0,76670.01,78992.75,30179.29391,27.959999084472656,15.850000381469727,763.469970703125,73.0,0.0001
2026-08-25,78992.76,81272.62,77851.0,78539.14,24772.51394,27.940000534057617,15.449999809265137,765.9099731445312,74.0,8.606e-05
2026-08-26,78539.13,79251.6,77632.58,79023.75,14613.75887,28.020000457763672,15.210000038146973,766.0800170898438,65.0,6.917333333333333e-05
2026-08-27,79023.75,80848.74,78546.13,80249.58,16265.53695,28.020000457763672,14.510000228881836,771.0999755859375,71.0,6.975333333333334e-05
2026-08-28,80249.59,81478.87,76888.0,77845.87,19756.43646,28.18000030517578,14.430000305175781,769.3499755859375,73.0,7.497e-05
2026-08-29,77845.88,78330.0,77382.37,78230.0,7016.30257,28.18000030517578,14.430000305175781,769.3499755859375,68.0,0.0001
2026-08-30,78230.0,78330.0,77990.0,78186.45,1603.73974,28.18000030517578,14.430000305175781,769.3499755859375,69.0,9.1415e-05
